WIDTH=8;
DEPTH=65536;

ADDRESS_RADIX=UNS;
DATA_RADIX=UNS;

CONTENT BEGIN
0 : 162;
1 : 162;
2 : 155;
3 : 162;
4 : 162;
5 : 162;
6 : 162;
7 : 155;
8 : 155;
9 : 162;
10 : 155;
11 : 155;
12 : 155;
13 : 148;
14 : 155;
15 : 155;
16 : 155;
17 : 162;
18 : 170;
19 : 162;
20 : 162;
21 : 170;
22 : 179;
23 : 170;
24 : 170;
25 : 179;
26 : 170;
27 : 162;
28 : 148;
29 : 141;
30 : 120;
31 : 106;
32 : 94;
33 : 94;
34 : 94;
35 : 94;
36 : 100;
37 : 106;
38 : 106;
39 : 113;
40 : 106;
41 : 106;
42 : 106;
43 : 106;
44 : 106;
45 : 106;
46 : 106;
47 : 106;
48 : 113;
49 : 106;
50 : 106;
51 : 106;
52 : 113;
53 : 113;
54 : 120;
55 : 120;
56 : 120;
57 : 120;
58 : 120;
59 : 125;
60 : 130;
61 : 120;
62 : 125;
63 : 130;
64 : 130;
65 : 130;
66 : 130;
67 : 125;
68 : 135;
69 : 135;
70 : 130;
71 : 130;
72 : 125;
73 : 125;
74 : 130;
75 : 130;
76 : 130;
77 : 130;
78 : 135;
79 : 135;
80 : 135;
81 : 135;
82 : 135;
83 : 135;
84 : 135;
85 : 135;
86 : 130;
87 : 135;
88 : 135;
89 : 135;
90 : 135;
91 : 130;
92 : 135;
93 : 135;
94 : 130;
95 : 130;
96 : 135;
97 : 135;
98 : 135;
99 : 135;
100 : 135;
101 : 135;
102 : 135;
103 : 135;
104 : 130;
105 : 141;
106 : 130;
107 : 130;
108 : 125;
109 : 130;
110 : 130;
111 : 130;
112 : 130;
113 : 135;
114 : 135;
115 : 130;
116 : 130;
117 : 135;
118 : 130;
119 : 135;
120 : 135;
121 : 135;
122 : 135;
123 : 135;
124 : 130;
125 : 135;
126 : 130;
127 : 135;
128 : 141;
129 : 130;
130 : 130;
131 : 130;
132 : 135;
133 : 130;
134 : 135;
135 : 130;
136 : 125;
137 : 130;
138 : 130;
139 : 135;
140 : 125;
141 : 130;
142 : 130;
143 : 125;
144 : 130;
145 : 130;
146 : 125;
147 : 125;
148 : 130;
149 : 125;
150 : 130;
151 : 130;
152 : 125;
153 : 120;
154 : 120;
155 : 120;
156 : 113;
157 : 113;
158 : 106;
159 : 100;
160 : 113;
161 : 120;
162 : 130;
163 : 141;
164 : 141;
165 : 148;
166 : 148;
167 : 162;
168 : 162;
169 : 155;
170 : 162;
171 : 155;
172 : 148;
173 : 148;
174 : 148;
175 : 155;
176 : 155;
177 : 148;
178 : 155;
179 : 155;
180 : 155;
181 : 155;
182 : 155;
183 : 155;
184 : 148;
185 : 148;
186 : 155;
187 : 155;
188 : 148;
189 : 155;
190 : 155;
191 : 148;
192 : 155;
193 : 155;
194 : 155;
195 : 155;
196 : 162;
197 : 162;
198 : 155;
199 : 148;
200 : 155;
201 : 179;
202 : 200;
203 : 206;
204 : 212;
205 : 212;
206 : 212;
207 : 222;
208 : 212;
209 : 206;
210 : 170;
211 : 120;
212 : 106;
213 : 100;
214 : 113;
215 : 113;
216 : 113;
217 : 120;
218 : 120;
219 : 120;
220 : 120;
221 : 113;
222 : 125;
223 : 120;
224 : 120;
225 : 130;
226 : 120;
227 : 120;
228 : 120;
229 : 120;
230 : 120;
231 : 120;
232 : 125;
233 : 120;
234 : 125;
235 : 125;
236 : 125;
237 : 125;
238 : 125;
239 : 120;
240 : 120;
241 : 125;
242 : 130;
243 : 125;
244 : 120;
245 : 125;
246 : 125;
247 : 120;
248 : 120;
249 : 120;
250 : 113;
251 : 125;
252 : 162;
253 : 170;
254 : 170;
255 : 125;
256 : 162;
257 : 162;
258 : 155;
259 : 162;
260 : 162;
261 : 162;
262 : 162;
263 : 155;
264 : 155;
265 : 162;
266 : 155;
267 : 155;
268 : 162;
269 : 148;
270 : 155;
271 : 155;
272 : 162;
273 : 155;
274 : 170;
275 : 162;
276 : 162;
277 : 170;
278 : 179;
279 : 170;
280 : 170;
281 : 170;
282 : 170;
283 : 162;
284 : 148;
285 : 141;
286 : 120;
287 : 106;
288 : 94;
289 : 94;
290 : 100;
291 : 94;
292 : 100;
293 : 106;
294 : 100;
295 : 113;
296 : 106;
297 : 106;
298 : 106;
299 : 113;
300 : 106;
301 : 106;
302 : 113;
303 : 106;
304 : 113;
305 : 106;
306 : 106;
307 : 106;
308 : 113;
309 : 106;
310 : 120;
311 : 120;
312 : 120;
313 : 125;
314 : 120;
315 : 125;
316 : 130;
317 : 125;
318 : 125;
319 : 130;
320 : 130;
321 : 130;
322 : 130;
323 : 125;
324 : 135;
325 : 135;
326 : 130;
327 : 130;
328 : 125;
329 : 125;
330 : 130;
331 : 130;
332 : 130;
333 : 130;
334 : 130;
335 : 135;
336 : 130;
337 : 135;
338 : 135;
339 : 135;
340 : 135;
341 : 135;
342 : 130;
343 : 135;
344 : 135;
345 : 130;
346 : 135;
347 : 130;
348 : 135;
349 : 135;
350 : 130;
351 : 130;
352 : 135;
353 : 135;
354 : 135;
355 : 141;
356 : 135;
357 : 135;
358 : 135;
359 : 135;
360 : 130;
361 : 141;
362 : 130;
363 : 130;
364 : 130;
365 : 130;
366 : 130;
367 : 130;
368 : 130;
369 : 135;
370 : 135;
371 : 135;
372 : 130;
373 : 135;
374 : 130;
375 : 135;
376 : 135;
377 : 135;
378 : 135;
379 : 135;
380 : 135;
381 : 130;
382 : 130;
383 : 135;
384 : 141;
385 : 130;
386 : 130;
387 : 130;
388 : 135;
389 : 130;
390 : 135;
391 : 130;
392 : 125;
393 : 135;
394 : 130;
395 : 135;
396 : 125;
397 : 130;
398 : 130;
399 : 130;
400 : 130;
401 : 130;
402 : 125;
403 : 125;
404 : 130;
405 : 130;
406 : 130;
407 : 130;
408 : 125;
409 : 120;
410 : 120;
411 : 120;
412 : 113;
413 : 113;
414 : 106;
415 : 100;
416 : 113;
417 : 120;
418 : 130;
419 : 141;
420 : 141;
421 : 148;
422 : 155;
423 : 155;
424 : 162;
425 : 155;
426 : 162;
427 : 155;
428 : 148;
429 : 148;
430 : 155;
431 : 155;
432 : 155;
433 : 155;
434 : 155;
435 : 155;
436 : 155;
437 : 155;
438 : 155;
439 : 155;
440 : 155;
441 : 148;
442 : 155;
443 : 155;
444 : 155;
445 : 155;
446 : 155;
447 : 155;
448 : 155;
449 : 162;
450 : 155;
451 : 155;
452 : 155;
453 : 162;
454 : 155;
455 : 148;
456 : 155;
457 : 179;
458 : 200;
459 : 206;
460 : 212;
461 : 222;
462 : 212;
463 : 222;
464 : 212;
465 : 200;
466 : 170;
467 : 120;
468 : 106;
469 : 100;
470 : 113;
471 : 113;
472 : 120;
473 : 113;
474 : 120;
475 : 125;
476 : 120;
477 : 120;
478 : 125;
479 : 120;
480 : 120;
481 : 130;
482 : 120;
483 : 120;
484 : 125;
485 : 120;
486 : 125;
487 : 120;
488 : 125;
489 : 120;
490 : 125;
491 : 125;
492 : 125;
493 : 125;
494 : 125;
495 : 120;
496 : 120;
497 : 125;
498 : 130;
499 : 125;
500 : 120;
501 : 125;
502 : 125;
503 : 125;
504 : 120;
505 : 120;
506 : 113;
507 : 125;
508 : 162;
509 : 170;
510 : 170;
511 : 125;
512 : 162;
513 : 155;
514 : 162;
515 : 155;
516 : 162;
517 : 155;
518 : 155;
519 : 155;
520 : 155;
521 : 155;
522 : 155;
523 : 148;
524 : 155;
525 : 155;
526 : 148;
527 : 155;
528 : 155;
529 : 148;
530 : 162;
531 : 162;
532 : 170;
533 : 170;
534 : 170;
535 : 170;
536 : 179;
537 : 170;
538 : 170;
539 : 155;
540 : 148;
541 : 130;
542 : 120;
543 : 113;
544 : 94;
545 : 94;
546 : 94;
547 : 94;
548 : 100;
549 : 100;
550 : 106;
551 : 106;
552 : 106;
553 : 106;
554 : 106;
555 : 106;
556 : 100;
557 : 106;
558 : 106;
559 : 100;
560 : 106;
561 : 100;
562 : 106;
563 : 106;
564 : 106;
565 : 113;
566 : 113;
567 : 120;
568 : 120;
569 : 120;
570 : 120;
571 : 130;
572 : 120;
573 : 125;
574 : 125;
575 : 125;
576 : 135;
577 : 130;
578 : 130;
579 : 125;
580 : 135;
581 : 130;
582 : 130;
583 : 130;
584 : 125;
585 : 130;
586 : 135;
587 : 130;
588 : 130;
589 : 130;
590 : 135;
591 : 135;
592 : 135;
593 : 135;
594 : 135;
595 : 135;
596 : 135;
597 : 135;
598 : 135;
599 : 130;
600 : 135;
601 : 135;
602 : 130;
603 : 135;
604 : 125;
605 : 130;
606 : 130;
607 : 135;
608 : 135;
609 : 135;
610 : 135;
611 : 130;
612 : 135;
613 : 130;
614 : 135;
615 : 135;
616 : 135;
617 : 135;
618 : 130;
619 : 130;
620 : 125;
621 : 130;
622 : 130;
623 : 130;
624 : 125;
625 : 130;
626 : 135;
627 : 120;
628 : 130;
629 : 130;
630 : 130;
631 : 135;
632 : 135;
633 : 135;
634 : 130;
635 : 130;
636 : 135;
637 : 130;
638 : 130;
639 : 130;
640 : 135;
641 : 135;
642 : 130;
643 : 125;
644 : 130;
645 : 130;
646 : 130;
647 : 135;
648 : 130;
649 : 130;
650 : 130;
651 : 130;
652 : 120;
653 : 130;
654 : 125;
655 : 130;
656 : 125;
657 : 130;
658 : 135;
659 : 125;
660 : 130;
661 : 130;
662 : 125;
663 : 125;
664 : 120;
665 : 120;
666 : 125;
667 : 113;
668 : 120;
669 : 106;
670 : 106;
671 : 106;
672 : 113;
673 : 120;
674 : 130;
675 : 141;
676 : 141;
677 : 148;
678 : 148;
679 : 155;
680 : 162;
681 : 162;
682 : 155;
683 : 155;
684 : 148;
685 : 155;
686 : 148;
687 : 148;
688 : 155;
689 : 148;
690 : 155;
691 : 155;
692 : 148;
693 : 155;
694 : 155;
695 : 148;
696 : 155;
697 : 148;
698 : 148;
699 : 155;
700 : 155;
701 : 155;
702 : 162;
703 : 148;
704 : 155;
705 : 155;
706 : 155;
707 : 155;
708 : 155;
709 : 155;
710 : 155;
711 : 155;
712 : 148;
713 : 170;
714 : 192;
715 : 206;
716 : 212;
717 : 212;
718 : 222;
719 : 212;
720 : 222;
721 : 212;
722 : 192;
723 : 141;
724 : 100;
725 : 106;
726 : 106;
727 : 113;
728 : 120;
729 : 120;
730 : 120;
731 : 120;
732 : 125;
733 : 120;
734 : 120;
735 : 125;
736 : 125;
737 : 120;
738 : 125;
739 : 120;
740 : 125;
741 : 113;
742 : 120;
743 : 125;
744 : 120;
745 : 125;
746 : 120;
747 : 125;
748 : 125;
749 : 130;
750 : 120;
751 : 120;
752 : 120;
753 : 125;
754 : 125;
755 : 125;
756 : 125;
757 : 125;
758 : 125;
759 : 120;
760 : 113;
761 : 120;
762 : 120;
763 : 125;
764 : 141;
765 : 148;
766 : 125;
767 : 57;
768 : 162;
769 : 155;
770 : 162;
771 : 155;
772 : 162;
773 : 155;
774 : 155;
775 : 148;
776 : 155;
777 : 155;
778 : 155;
779 : 148;
780 : 155;
781 : 148;
782 : 148;
783 : 155;
784 : 155;
785 : 155;
786 : 155;
787 : 162;
788 : 170;
789 : 170;
790 : 170;
791 : 170;
792 : 179;
793 : 170;
794 : 162;
795 : 155;
796 : 148;
797 : 135;
798 : 120;
799 : 113;
800 : 94;
801 : 86;
802 : 86;
803 : 94;
804 : 100;
805 : 94;
806 : 113;
807 : 106;
808 : 106;
809 : 100;
810 : 106;
811 : 106;
812 : 106;
813 : 100;
814 : 100;
815 : 106;
816 : 100;
817 : 106;
818 : 100;
819 : 106;
820 : 113;
821 : 113;
822 : 113;
823 : 120;
824 : 120;
825 : 125;
826 : 130;
827 : 125;
828 : 125;
829 : 120;
830 : 120;
831 : 125;
832 : 130;
833 : 130;
834 : 125;
835 : 130;
836 : 130;
837 : 130;
838 : 130;
839 : 125;
840 : 135;
841 : 130;
842 : 135;
843 : 130;
844 : 130;
845 : 130;
846 : 135;
847 : 130;
848 : 130;
849 : 130;
850 : 135;
851 : 135;
852 : 130;
853 : 130;
854 : 135;
855 : 130;
856 : 135;
857 : 130;
858 : 135;
859 : 130;
860 : 130;
861 : 130;
862 : 130;
863 : 130;
864 : 135;
865 : 135;
866 : 130;
867 : 135;
868 : 130;
869 : 130;
870 : 135;
871 : 125;
872 : 135;
873 : 130;
874 : 135;
875 : 130;
876 : 130;
877 : 130;
878 : 130;
879 : 130;
880 : 130;
881 : 135;
882 : 130;
883 : 130;
884 : 135;
885 : 125;
886 : 130;
887 : 130;
888 : 130;
889 : 135;
890 : 135;
891 : 125;
892 : 135;
893 : 125;
894 : 135;
895 : 135;
896 : 135;
897 : 135;
898 : 130;
899 : 130;
900 : 125;
901 : 130;
902 : 130;
903 : 130;
904 : 130;
905 : 125;
906 : 130;
907 : 130;
908 : 130;
909 : 135;
910 : 130;
911 : 130;
912 : 130;
913 : 130;
914 : 130;
915 : 130;
916 : 130;
917 : 130;
918 : 125;
919 : 125;
920 : 125;
921 : 113;
922 : 120;
923 : 113;
924 : 113;
925 : 113;
926 : 106;
927 : 106;
928 : 100;
929 : 113;
930 : 120;
931 : 135;
932 : 141;
933 : 148;
934 : 155;
935 : 155;
936 : 155;
937 : 162;
938 : 162;
939 : 155;
940 : 155;
941 : 148;
942 : 148;
943 : 155;
944 : 155;
945 : 155;
946 : 148;
947 : 148;
948 : 148;
949 : 162;
950 : 155;
951 : 155;
952 : 155;
953 : 155;
954 : 148;
955 : 148;
956 : 155;
957 : 155;
958 : 148;
959 : 155;
960 : 148;
961 : 148;
962 : 155;
963 : 155;
964 : 155;
965 : 155;
966 : 148;
967 : 155;
968 : 155;
969 : 148;
970 : 179;
971 : 200;
972 : 206;
973 : 212;
974 : 212;
975 : 222;
976 : 212;
977 : 212;
978 : 200;
979 : 170;
980 : 120;
981 : 94;
982 : 106;
983 : 106;
984 : 113;
985 : 113;
986 : 120;
987 : 113;
988 : 113;
989 : 120;
990 : 113;
991 : 120;
992 : 120;
993 : 120;
994 : 120;
995 : 125;
996 : 125;
997 : 120;
998 : 125;
999 : 125;
1000 : 125;
1001 : 125;
1002 : 130;
1003 : 120;
1004 : 120;
1005 : 125;
1006 : 120;
1007 : 120;
1008 : 120;
1009 : 125;
1010 : 130;
1011 : 130;
1012 : 125;
1013 : 130;
1014 : 130;
1015 : 125;
1016 : 125;
1017 : 130;
1018 : 125;
1019 : 125;
1020 : 94;
1021 : 57;
1022 : 49;
1023 : 49;
1024 : 155;
1025 : 155;
1026 : 155;
1027 : 155;
1028 : 155;
1029 : 155;
1030 : 155;
1031 : 155;
1032 : 155;
1033 : 155;
1034 : 155;
1035 : 155;
1036 : 155;
1037 : 155;
1038 : 155;
1039 : 155;
1040 : 148;
1041 : 162;
1042 : 162;
1043 : 170;
1044 : 162;
1045 : 170;
1046 : 170;
1047 : 170;
1048 : 170;
1049 : 170;
1050 : 162;
1051 : 155;
1052 : 141;
1053 : 135;
1054 : 120;
1055 : 106;
1056 : 94;
1057 : 94;
1058 : 86;
1059 : 86;
1060 : 94;
1061 : 100;
1062 : 100;
1063 : 100;
1064 : 100;
1065 : 106;
1066 : 106;
1067 : 113;
1068 : 100;
1069 : 106;
1070 : 106;
1071 : 100;
1072 : 106;
1073 : 100;
1074 : 113;
1075 : 106;
1076 : 113;
1077 : 113;
1078 : 113;
1079 : 113;
1080 : 120;
1081 : 120;
1082 : 125;
1083 : 120;
1084 : 125;
1085 : 120;
1086 : 125;
1087 : 130;
1088 : 130;
1089 : 130;
1090 : 130;
1091 : 130;
1092 : 130;
1093 : 130;
1094 : 130;
1095 : 130;
1096 : 130;
1097 : 125;
1098 : 130;
1099 : 130;
1100 : 130;
1101 : 130;
1102 : 130;
1103 : 135;
1104 : 130;
1105 : 130;
1106 : 130;
1107 : 135;
1108 : 135;
1109 : 135;
1110 : 135;
1111 : 130;
1112 : 130;
1113 : 135;
1114 : 130;
1115 : 135;
1116 : 130;
1117 : 135;
1118 : 135;
1119 : 135;
1120 : 135;
1121 : 130;
1122 : 125;
1123 : 135;
1124 : 130;
1125 : 135;
1126 : 125;
1127 : 130;
1128 : 130;
1129 : 130;
1130 : 125;
1131 : 130;
1132 : 130;
1133 : 125;
1134 : 125;
1135 : 125;
1136 : 135;
1137 : 130;
1138 : 130;
1139 : 130;
1140 : 120;
1141 : 130;
1142 : 125;
1143 : 130;
1144 : 130;
1145 : 130;
1146 : 130;
1147 : 130;
1148 : 135;
1149 : 130;
1150 : 130;
1151 : 130;
1152 : 135;
1153 : 130;
1154 : 130;
1155 : 130;
1156 : 130;
1157 : 135;
1158 : 125;
1159 : 125;
1160 : 125;
1161 : 125;
1162 : 130;
1163 : 125;
1164 : 125;
1165 : 125;
1166 : 130;
1167 : 125;
1168 : 125;
1169 : 130;
1170 : 120;
1171 : 130;
1172 : 130;
1173 : 120;
1174 : 130;
1175 : 125;
1176 : 125;
1177 : 125;
1178 : 120;
1179 : 120;
1180 : 113;
1181 : 113;
1182 : 113;
1183 : 113;
1184 : 106;
1185 : 106;
1186 : 120;
1187 : 125;
1188 : 135;
1189 : 141;
1190 : 148;
1191 : 148;
1192 : 155;
1193 : 155;
1194 : 162;
1195 : 155;
1196 : 155;
1197 : 155;
1198 : 155;
1199 : 148;
1200 : 162;
1201 : 162;
1202 : 155;
1203 : 155;
1204 : 155;
1205 : 148;
1206 : 155;
1207 : 155;
1208 : 155;
1209 : 155;
1210 : 155;
1211 : 148;
1212 : 148;
1213 : 155;
1214 : 148;
1215 : 155;
1216 : 155;
1217 : 155;
1218 : 155;
1219 : 155;
1220 : 155;
1221 : 155;
1222 : 148;
1223 : 155;
1224 : 155;
1225 : 148;
1226 : 162;
1227 : 192;
1228 : 206;
1229 : 212;
1230 : 212;
1231 : 212;
1232 : 212;
1233 : 212;
1234 : 212;
1235 : 192;
1236 : 148;
1237 : 113;
1238 : 106;
1239 : 106;
1240 : 113;
1241 : 113;
1242 : 113;
1243 : 120;
1244 : 125;
1245 : 120;
1246 : 120;
1247 : 120;
1248 : 120;
1249 : 130;
1250 : 120;
1251 : 120;
1252 : 120;
1253 : 120;
1254 : 120;
1255 : 125;
1256 : 120;
1257 : 120;
1258 : 125;
1259 : 113;
1260 : 125;
1261 : 120;
1262 : 125;
1263 : 120;
1264 : 125;
1265 : 130;
1266 : 125;
1267 : 125;
1268 : 125;
1269 : 125;
1270 : 125;
1271 : 130;
1272 : 130;
1273 : 125;
1274 : 120;
1275 : 100;
1276 : 57;
1277 : 49;
1278 : 49;
1279 : 42;
1280 : 155;
1281 : 162;
1282 : 155;
1283 : 148;
1284 : 155;
1285 : 155;
1286 : 155;
1287 : 155;
1288 : 162;
1289 : 148;
1290 : 155;
1291 : 155;
1292 : 148;
1293 : 155;
1294 : 155;
1295 : 155;
1296 : 155;
1297 : 155;
1298 : 162;
1299 : 162;
1300 : 170;
1301 : 170;
1302 : 170;
1303 : 170;
1304 : 170;
1305 : 162;
1306 : 170;
1307 : 148;
1308 : 135;
1309 : 130;
1310 : 113;
1311 : 106;
1312 : 94;
1313 : 86;
1314 : 86;
1315 : 94;
1316 : 94;
1317 : 100;
1318 : 100;
1319 : 106;
1320 : 100;
1321 : 100;
1322 : 106;
1323 : 106;
1324 : 100;
1325 : 106;
1326 : 100;
1327 : 106;
1328 : 113;
1329 : 100;
1330 : 106;
1331 : 106;
1332 : 106;
1333 : 113;
1334 : 113;
1335 : 113;
1336 : 120;
1337 : 120;
1338 : 120;
1339 : 125;
1340 : 125;
1341 : 130;
1342 : 125;
1343 : 125;
1344 : 125;
1345 : 125;
1346 : 125;
1347 : 130;
1348 : 130;
1349 : 125;
1350 : 130;
1351 : 130;
1352 : 135;
1353 : 130;
1354 : 135;
1355 : 130;
1356 : 135;
1357 : 130;
1358 : 130;
1359 : 130;
1360 : 130;
1361 : 130;
1362 : 135;
1363 : 135;
1364 : 130;
1365 : 135;
1366 : 135;
1367 : 130;
1368 : 135;
1369 : 130;
1370 : 135;
1371 : 130;
1372 : 135;
1373 : 135;
1374 : 130;
1375 : 135;
1376 : 130;
1377 : 130;
1378 : 130;
1379 : 130;
1380 : 130;
1381 : 130;
1382 : 130;
1383 : 135;
1384 : 130;
1385 : 130;
1386 : 130;
1387 : 130;
1388 : 130;
1389 : 130;
1390 : 130;
1391 : 135;
1392 : 130;
1393 : 130;
1394 : 130;
1395 : 130;
1396 : 130;
1397 : 135;
1398 : 130;
1399 : 130;
1400 : 135;
1401 : 135;
1402 : 141;
1403 : 130;
1404 : 135;
1405 : 130;
1406 : 125;
1407 : 130;
1408 : 130;
1409 : 130;
1410 : 130;
1411 : 130;
1412 : 125;
1413 : 125;
1414 : 130;
1415 : 125;
1416 : 130;
1417 : 130;
1418 : 130;
1419 : 130;
1420 : 130;
1421 : 130;
1422 : 130;
1423 : 130;
1424 : 125;
1425 : 130;
1426 : 130;
1427 : 130;
1428 : 130;
1429 : 125;
1430 : 130;
1431 : 125;
1432 : 125;
1433 : 120;
1434 : 120;
1435 : 120;
1436 : 113;
1437 : 113;
1438 : 106;
1439 : 113;
1440 : 106;
1441 : 106;
1442 : 106;
1443 : 120;
1444 : 130;
1445 : 135;
1446 : 148;
1447 : 148;
1448 : 155;
1449 : 162;
1450 : 162;
1451 : 155;
1452 : 155;
1453 : 155;
1454 : 162;
1455 : 155;
1456 : 155;
1457 : 155;
1458 : 162;
1459 : 155;
1460 : 155;
1461 : 148;
1462 : 155;
1463 : 162;
1464 : 155;
1465 : 155;
1466 : 148;
1467 : 155;
1468 : 155;
1469 : 155;
1470 : 148;
1471 : 155;
1472 : 155;
1473 : 155;
1474 : 148;
1475 : 155;
1476 : 155;
1477 : 155;
1478 : 148;
1479 : 148;
1480 : 155;
1481 : 148;
1482 : 148;
1483 : 170;
1484 : 200;
1485 : 206;
1486 : 212;
1487 : 212;
1488 : 222;
1489 : 222;
1490 : 212;
1491 : 200;
1492 : 179;
1493 : 125;
1494 : 106;
1495 : 106;
1496 : 106;
1497 : 113;
1498 : 113;
1499 : 113;
1500 : 120;
1501 : 120;
1502 : 120;
1503 : 120;
1504 : 120;
1505 : 120;
1506 : 120;
1507 : 120;
1508 : 120;
1509 : 120;
1510 : 120;
1511 : 125;
1512 : 120;
1513 : 125;
1514 : 125;
1515 : 125;
1516 : 125;
1517 : 125;
1518 : 125;
1519 : 120;
1520 : 125;
1521 : 120;
1522 : 125;
1523 : 125;
1524 : 125;
1525 : 130;
1526 : 130;
1527 : 135;
1528 : 135;
1529 : 120;
1530 : 86;
1531 : 57;
1532 : 42;
1533 : 42;
1534 : 49;
1535 : 49;
1536 : 155;
1537 : 155;
1538 : 155;
1539 : 155;
1540 : 155;
1541 : 155;
1542 : 155;
1543 : 162;
1544 : 155;
1545 : 148;
1546 : 162;
1547 : 155;
1548 : 155;
1549 : 155;
1550 : 155;
1551 : 155;
1552 : 162;
1553 : 162;
1554 : 162;
1555 : 170;
1556 : 170;
1557 : 170;
1558 : 170;
1559 : 170;
1560 : 170;
1561 : 162;
1562 : 155;
1563 : 148;
1564 : 141;
1565 : 135;
1566 : 113;
1567 : 106;
1568 : 86;
1569 : 94;
1570 : 94;
1571 : 86;
1572 : 100;
1573 : 100;
1574 : 100;
1575 : 100;
1576 : 106;
1577 : 113;
1578 : 106;
1579 : 106;
1580 : 106;
1581 : 106;
1582 : 100;
1583 : 106;
1584 : 100;
1585 : 100;
1586 : 100;
1587 : 113;
1588 : 113;
1589 : 113;
1590 : 113;
1591 : 125;
1592 : 113;
1593 : 120;
1594 : 120;
1595 : 120;
1596 : 120;
1597 : 125;
1598 : 125;
1599 : 125;
1600 : 130;
1601 : 130;
1602 : 130;
1603 : 130;
1604 : 125;
1605 : 130;
1606 : 130;
1607 : 130;
1608 : 130;
1609 : 135;
1610 : 130;
1611 : 130;
1612 : 130;
1613 : 130;
1614 : 130;
1615 : 130;
1616 : 135;
1617 : 130;
1618 : 135;
1619 : 130;
1620 : 130;
1621 : 135;
1622 : 135;
1623 : 135;
1624 : 135;
1625 : 130;
1626 : 130;
1627 : 135;
1628 : 130;
1629 : 130;
1630 : 135;
1631 : 130;
1632 : 130;
1633 : 135;
1634 : 125;
1635 : 135;
1636 : 125;
1637 : 135;
1638 : 130;
1639 : 130;
1640 : 130;
1641 : 130;
1642 : 130;
1643 : 130;
1644 : 130;
1645 : 130;
1646 : 130;
1647 : 125;
1648 : 130;
1649 : 135;
1650 : 130;
1651 : 135;
1652 : 125;
1653 : 130;
1654 : 135;
1655 : 130;
1656 : 135;
1657 : 130;
1658 : 135;
1659 : 130;
1660 : 130;
1661 : 130;
1662 : 130;
1663 : 130;
1664 : 130;
1665 : 130;
1666 : 130;
1667 : 125;
1668 : 135;
1669 : 135;
1670 : 125;
1671 : 130;
1672 : 125;
1673 : 130;
1674 : 125;
1675 : 130;
1676 : 130;
1677 : 125;
1678 : 130;
1679 : 130;
1680 : 125;
1681 : 125;
1682 : 130;
1683 : 125;
1684 : 130;
1685 : 130;
1686 : 130;
1687 : 130;
1688 : 120;
1689 : 125;
1690 : 125;
1691 : 120;
1692 : 120;
1693 : 106;
1694 : 106;
1695 : 113;
1696 : 113;
1697 : 100;
1698 : 100;
1699 : 120;
1700 : 130;
1701 : 141;
1702 : 141;
1703 : 148;
1704 : 155;
1705 : 155;
1706 : 162;
1707 : 162;
1708 : 162;
1709 : 155;
1710 : 155;
1711 : 155;
1712 : 155;
1713 : 162;
1714 : 162;
1715 : 162;
1716 : 155;
1717 : 162;
1718 : 162;
1719 : 155;
1720 : 162;
1721 : 155;
1722 : 148;
1723 : 155;
1724 : 162;
1725 : 155;
1726 : 155;
1727 : 155;
1728 : 155;
1729 : 148;
1730 : 148;
1731 : 155;
1732 : 148;
1733 : 155;
1734 : 148;
1735 : 148;
1736 : 148;
1737 : 148;
1738 : 148;
1739 : 155;
1740 : 192;
1741 : 200;
1742 : 212;
1743 : 212;
1744 : 212;
1745 : 222;
1746 : 222;
1747 : 212;
1748 : 200;
1749 : 155;
1750 : 106;
1751 : 106;
1752 : 113;
1753 : 113;
1754 : 113;
1755 : 113;
1756 : 125;
1757 : 120;
1758 : 120;
1759 : 120;
1760 : 125;
1761 : 120;
1762 : 125;
1763 : 125;
1764 : 120;
1765 : 120;
1766 : 125;
1767 : 120;
1768 : 120;
1769 : 120;
1770 : 125;
1771 : 120;
1772 : 125;
1773 : 125;
1774 : 120;
1775 : 125;
1776 : 130;
1777 : 125;
1778 : 130;
1779 : 125;
1780 : 125;
1781 : 130;
1782 : 135;
1783 : 135;
1784 : 113;
1785 : 100;
1786 : 57;
1787 : 68;
1788 : 42;
1789 : 42;
1790 : 49;
1791 : 49;
1792 : 155;
1793 : 162;
1794 : 155;
1795 : 155;
1796 : 155;
1797 : 162;
1798 : 155;
1799 : 155;
1800 : 155;
1801 : 162;
1802 : 155;
1803 : 155;
1804 : 155;
1805 : 162;
1806 : 155;
1807 : 162;
1808 : 162;
1809 : 170;
1810 : 162;
1811 : 170;
1812 : 170;
1813 : 170;
1814 : 170;
1815 : 170;
1816 : 162;
1817 : 162;
1818 : 155;
1819 : 155;
1820 : 141;
1821 : 130;
1822 : 113;
1823 : 113;
1824 : 94;
1825 : 86;
1826 : 94;
1827 : 86;
1828 : 100;
1829 : 100;
1830 : 100;
1831 : 106;
1832 : 106;
1833 : 106;
1834 : 106;
1835 : 106;
1836 : 106;
1837 : 100;
1838 : 106;
1839 : 100;
1840 : 106;
1841 : 100;
1842 : 106;
1843 : 106;
1844 : 113;
1845 : 113;
1846 : 113;
1847 : 113;
1848 : 113;
1849 : 120;
1850 : 125;
1851 : 125;
1852 : 125;
1853 : 125;
1854 : 130;
1855 : 125;
1856 : 125;
1857 : 125;
1858 : 130;
1859 : 125;
1860 : 130;
1861 : 125;
1862 : 130;
1863 : 135;
1864 : 130;
1865 : 130;
1866 : 130;
1867 : 130;
1868 : 130;
1869 : 125;
1870 : 135;
1871 : 130;
1872 : 135;
1873 : 130;
1874 : 135;
1875 : 130;
1876 : 130;
1877 : 135;
1878 : 135;
1879 : 130;
1880 : 135;
1881 : 130;
1882 : 130;
1883 : 130;
1884 : 130;
1885 : 135;
1886 : 130;
1887 : 135;
1888 : 130;
1889 : 135;
1890 : 130;
1891 : 135;
1892 : 130;
1893 : 135;
1894 : 130;
1895 : 130;
1896 : 135;
1897 : 135;
1898 : 130;
1899 : 135;
1900 : 130;
1901 : 130;
1902 : 130;
1903 : 130;
1904 : 130;
1905 : 130;
1906 : 130;
1907 : 130;
1908 : 125;
1909 : 135;
1910 : 130;
1911 : 135;
1912 : 130;
1913 : 135;
1914 : 135;
1915 : 135;
1916 : 130;
1917 : 130;
1918 : 135;
1919 : 130;
1920 : 130;
1921 : 135;
1922 : 135;
1923 : 130;
1924 : 130;
1925 : 135;
1926 : 125;
1927 : 130;
1928 : 130;
1929 : 125;
1930 : 130;
1931 : 125;
1932 : 130;
1933 : 130;
1934 : 130;
1935 : 130;
1936 : 130;
1937 : 125;
1938 : 130;
1939 : 130;
1940 : 125;
1941 : 135;
1942 : 130;
1943 : 130;
1944 : 130;
1945 : 130;
1946 : 120;
1947 : 120;
1948 : 120;
1949 : 106;
1950 : 113;
1951 : 106;
1952 : 113;
1953 : 106;
1954 : 106;
1955 : 113;
1956 : 120;
1957 : 135;
1958 : 141;
1959 : 148;
1960 : 148;
1961 : 155;
1962 : 155;
1963 : 155;
1964 : 162;
1965 : 162;
1966 : 162;
1967 : 162;
1968 : 155;
1969 : 162;
1970 : 162;
1971 : 162;
1972 : 162;
1973 : 162;
1974 : 155;
1975 : 155;
1976 : 162;
1977 : 155;
1978 : 155;
1979 : 155;
1980 : 148;
1981 : 148;
1982 : 155;
1983 : 155;
1984 : 155;
1985 : 155;
1986 : 148;
1987 : 155;
1988 : 148;
1989 : 155;
1990 : 155;
1991 : 155;
1992 : 155;
1993 : 155;
1994 : 148;
1995 : 148;
1996 : 170;
1997 : 192;
1998 : 206;
1999 : 212;
2000 : 212;
2001 : 222;
2002 : 222;
2003 : 222;
2004 : 206;
2005 : 192;
2006 : 148;
2007 : 106;
2008 : 106;
2009 : 113;
2010 : 106;
2011 : 113;
2012 : 113;
2013 : 113;
2014 : 120;
2015 : 120;
2016 : 113;
2017 : 120;
2018 : 125;
2019 : 120;
2020 : 120;
2021 : 125;
2022 : 120;
2023 : 120;
2024 : 120;
2025 : 120;
2026 : 120;
2027 : 120;
2028 : 125;
2029 : 125;
2030 : 125;
2031 : 120;
2032 : 125;
2033 : 125;
2034 : 125;
2035 : 135;
2036 : 135;
2037 : 135;
2038 : 135;
2039 : 113;
2040 : 86;
2041 : 49;
2042 : 42;
2043 : 49;
2044 : 49;
2045 : 42;
2046 : 49;
2047 : 49;
2048 : 155;
2049 : 155;
2050 : 155;
2051 : 155;
2052 : 162;
2053 : 155;
2054 : 155;
2055 : 155;
2056 : 155;
2057 : 155;
2058 : 155;
2059 : 155;
2060 : 148;
2061 : 155;
2062 : 162;
2063 : 155;
2064 : 162;
2065 : 170;
2066 : 162;
2067 : 170;
2068 : 162;
2069 : 162;
2070 : 170;
2071 : 162;
2072 : 162;
2073 : 162;
2074 : 155;
2075 : 148;
2076 : 135;
2077 : 130;
2078 : 113;
2079 : 106;
2080 : 86;
2081 : 86;
2082 : 86;
2083 : 94;
2084 : 94;
2085 : 100;
2086 : 100;
2087 : 100;
2088 : 106;
2089 : 100;
2090 : 100;
2091 : 113;
2092 : 106;
2093 : 106;
2094 : 106;
2095 : 106;
2096 : 106;
2097 : 100;
2098 : 106;
2099 : 100;
2100 : 113;
2101 : 106;
2102 : 113;
2103 : 120;
2104 : 120;
2105 : 120;
2106 : 125;
2107 : 125;
2108 : 120;
2109 : 120;
2110 : 130;
2111 : 125;
2112 : 130;
2113 : 125;
2114 : 130;
2115 : 135;
2116 : 130;
2117 : 130;
2118 : 130;
2119 : 130;
2120 : 130;
2121 : 130;
2122 : 130;
2123 : 130;
2124 : 135;
2125 : 125;
2126 : 130;
2127 : 130;
2128 : 130;
2129 : 135;
2130 : 130;
2131 : 130;
2132 : 135;
2133 : 135;
2134 : 135;
2135 : 135;
2136 : 135;
2137 : 135;
2138 : 135;
2139 : 130;
2140 : 130;
2141 : 135;
2142 : 141;
2143 : 130;
2144 : 135;
2145 : 130;
2146 : 141;
2147 : 135;
2148 : 130;
2149 : 130;
2150 : 135;
2151 : 135;
2152 : 135;
2153 : 135;
2154 : 135;
2155 : 130;
2156 : 130;
2157 : 135;
2158 : 120;
2159 : 125;
2160 : 130;
2161 : 130;
2162 : 135;
2163 : 130;
2164 : 130;
2165 : 130;
2166 : 130;
2167 : 130;
2168 : 135;
2169 : 135;
2170 : 135;
2171 : 135;
2172 : 130;
2173 : 130;
2174 : 135;
2175 : 130;
2176 : 135;
2177 : 130;
2178 : 130;
2179 : 130;
2180 : 135;
2181 : 130;
2182 : 125;
2183 : 130;
2184 : 135;
2185 : 125;
2186 : 130;
2187 : 130;
2188 : 125;
2189 : 125;
2190 : 130;
2191 : 130;
2192 : 130;
2193 : 130;
2194 : 130;
2195 : 130;
2196 : 130;
2197 : 130;
2198 : 135;
2199 : 130;
2200 : 125;
2201 : 125;
2202 : 125;
2203 : 113;
2204 : 113;
2205 : 113;
2206 : 120;
2207 : 113;
2208 : 106;
2209 : 106;
2210 : 100;
2211 : 100;
2212 : 113;
2213 : 130;
2214 : 141;
2215 : 141;
2216 : 148;
2217 : 148;
2218 : 155;
2219 : 162;
2220 : 162;
2221 : 162;
2222 : 162;
2223 : 162;
2224 : 162;
2225 : 155;
2226 : 162;
2227 : 162;
2228 : 162;
2229 : 162;
2230 : 162;
2231 : 162;
2232 : 162;
2233 : 155;
2234 : 162;
2235 : 155;
2236 : 155;
2237 : 155;
2238 : 155;
2239 : 155;
2240 : 148;
2241 : 155;
2242 : 155;
2243 : 148;
2244 : 148;
2245 : 148;
2246 : 155;
2247 : 148;
2248 : 148;
2249 : 148;
2250 : 148;
2251 : 148;
2252 : 155;
2253 : 179;
2254 : 200;
2255 : 212;
2256 : 212;
2257 : 212;
2258 : 222;
2259 : 222;
2260 : 212;
2261 : 200;
2262 : 179;
2263 : 113;
2264 : 106;
2265 : 106;
2266 : 106;
2267 : 113;
2268 : 113;
2269 : 120;
2270 : 120;
2271 : 120;
2272 : 120;
2273 : 120;
2274 : 120;
2275 : 120;
2276 : 120;
2277 : 125;
2278 : 120;
2279 : 120;
2280 : 125;
2281 : 125;
2282 : 125;
2283 : 130;
2284 : 120;
2285 : 125;
2286 : 125;
2287 : 130;
2288 : 130;
2289 : 130;
2290 : 135;
2291 : 130;
2292 : 135;
2293 : 130;
2294 : 113;
2295 : 86;
2296 : 49;
2297 : 49;
2298 : 42;
2299 : 42;
2300 : 49;
2301 : 49;
2302 : 42;
2303 : 49;
2304 : 155;
2305 : 155;
2306 : 162;
2307 : 155;
2308 : 155;
2309 : 155;
2310 : 155;
2311 : 155;
2312 : 162;
2313 : 155;
2314 : 155;
2315 : 162;
2316 : 155;
2317 : 155;
2318 : 155;
2319 : 162;
2320 : 170;
2321 : 162;
2322 : 162;
2323 : 170;
2324 : 170;
2325 : 162;
2326 : 162;
2327 : 162;
2328 : 162;
2329 : 162;
2330 : 155;
2331 : 148;
2332 : 141;
2333 : 141;
2334 : 125;
2335 : 113;
2336 : 100;
2337 : 86;
2338 : 86;
2339 : 94;
2340 : 100;
2341 : 100;
2342 : 100;
2343 : 100;
2344 : 106;
2345 : 106;
2346 : 113;
2347 : 106;
2348 : 100;
2349 : 106;
2350 : 106;
2351 : 106;
2352 : 100;
2353 : 106;
2354 : 100;
2355 : 106;
2356 : 113;
2357 : 113;
2358 : 113;
2359 : 113;
2360 : 120;
2361 : 120;
2362 : 120;
2363 : 120;
2364 : 125;
2365 : 120;
2366 : 120;
2367 : 125;
2368 : 130;
2369 : 130;
2370 : 130;
2371 : 130;
2372 : 130;
2373 : 130;
2374 : 130;
2375 : 130;
2376 : 135;
2377 : 130;
2378 : 135;
2379 : 135;
2380 : 135;
2381 : 130;
2382 : 130;
2383 : 135;
2384 : 130;
2385 : 135;
2386 : 130;
2387 : 135;
2388 : 130;
2389 : 135;
2390 : 135;
2391 : 135;
2392 : 130;
2393 : 130;
2394 : 135;
2395 : 130;
2396 : 130;
2397 : 130;
2398 : 130;
2399 : 130;
2400 : 130;
2401 : 130;
2402 : 130;
2403 : 135;
2404 : 135;
2405 : 130;
2406 : 130;
2407 : 135;
2408 : 130;
2409 : 130;
2410 : 130;
2411 : 135;
2412 : 130;
2413 : 135;
2414 : 135;
2415 : 135;
2416 : 130;
2417 : 130;
2418 : 125;
2419 : 141;
2420 : 125;
2421 : 130;
2422 : 135;
2423 : 130;
2424 : 135;
2425 : 130;
2426 : 135;
2427 : 135;
2428 : 135;
2429 : 130;
2430 : 135;
2431 : 135;
2432 : 130;
2433 : 135;
2434 : 125;
2435 : 141;
2436 : 130;
2437 : 125;
2438 : 130;
2439 : 130;
2440 : 130;
2441 : 130;
2442 : 130;
2443 : 135;
2444 : 125;
2445 : 125;
2446 : 125;
2447 : 125;
2448 : 125;
2449 : 130;
2450 : 130;
2451 : 130;
2452 : 125;
2453 : 125;
2454 : 130;
2455 : 130;
2456 : 120;
2457 : 120;
2458 : 125;
2459 : 120;
2460 : 120;
2461 : 113;
2462 : 113;
2463 : 106;
2464 : 106;
2465 : 106;
2466 : 100;
2467 : 106;
2468 : 113;
2469 : 120;
2470 : 135;
2471 : 141;
2472 : 148;
2473 : 155;
2474 : 155;
2475 : 155;
2476 : 162;
2477 : 162;
2478 : 162;
2479 : 162;
2480 : 162;
2481 : 162;
2482 : 162;
2483 : 162;
2484 : 162;
2485 : 162;
2486 : 162;
2487 : 162;
2488 : 155;
2489 : 162;
2490 : 155;
2491 : 155;
2492 : 162;
2493 : 155;
2494 : 155;
2495 : 155;
2496 : 155;
2497 : 155;
2498 : 155;
2499 : 148;
2500 : 148;
2501 : 155;
2502 : 148;
2503 : 148;
2504 : 155;
2505 : 155;
2506 : 148;
2507 : 148;
2508 : 148;
2509 : 155;
2510 : 192;
2511 : 206;
2512 : 212;
2513 : 212;
2514 : 212;
2515 : 212;
2516 : 222;
2517 : 212;
2518 : 192;
2519 : 148;
2520 : 100;
2521 : 100;
2522 : 106;
2523 : 106;
2524 : 113;
2525 : 113;
2526 : 113;
2527 : 113;
2528 : 120;
2529 : 120;
2530 : 120;
2531 : 120;
2532 : 125;
2533 : 120;
2534 : 125;
2535 : 120;
2536 : 125;
2537 : 120;
2538 : 125;
2539 : 130;
2540 : 125;
2541 : 130;
2542 : 125;
2543 : 130;
2544 : 130;
2545 : 135;
2546 : 135;
2547 : 135;
2548 : 130;
2549 : 106;
2550 : 77;
2551 : 49;
2552 : 42;
2553 : 49;
2554 : 49;
2555 : 49;
2556 : 49;
2557 : 42;
2558 : 42;
2559 : 49;
2560 : 155;
2561 : 155;
2562 : 155;
2563 : 155;
2564 : 155;
2565 : 162;
2566 : 162;
2567 : 155;
2568 : 155;
2569 : 155;
2570 : 155;
2571 : 148;
2572 : 155;
2573 : 155;
2574 : 155;
2575 : 170;
2576 : 162;
2577 : 162;
2578 : 162;
2579 : 170;
2580 : 162;
2581 : 170;
2582 : 162;
2583 : 162;
2584 : 162;
2585 : 162;
2586 : 155;
2587 : 148;
2588 : 141;
2589 : 130;
2590 : 120;
2591 : 106;
2592 : 94;
2593 : 86;
2594 : 94;
2595 : 100;
2596 : 94;
2597 : 100;
2598 : 106;
2599 : 100;
2600 : 106;
2601 : 106;
2602 : 100;
2603 : 106;
2604 : 106;
2605 : 106;
2606 : 100;
2607 : 100;
2608 : 106;
2609 : 100;
2610 : 106;
2611 : 106;
2612 : 113;
2613 : 113;
2614 : 113;
2615 : 113;
2616 : 113;
2617 : 125;
2618 : 120;
2619 : 120;
2620 : 130;
2621 : 125;
2622 : 130;
2623 : 120;
2624 : 130;
2625 : 125;
2626 : 130;
2627 : 130;
2628 : 130;
2629 : 130;
2630 : 130;
2631 : 125;
2632 : 135;
2633 : 130;
2634 : 125;
2635 : 130;
2636 : 130;
2637 : 130;
2638 : 130;
2639 : 130;
2640 : 130;
2641 : 130;
2642 : 130;
2643 : 130;
2644 : 130;
2645 : 130;
2646 : 130;
2647 : 130;
2648 : 130;
2649 : 130;
2650 : 130;
2651 : 135;
2652 : 130;
2653 : 135;
2654 : 130;
2655 : 135;
2656 : 130;
2657 : 130;
2658 : 135;
2659 : 135;
2660 : 130;
2661 : 125;
2662 : 130;
2663 : 135;
2664 : 130;
2665 : 125;
2666 : 130;
2667 : 130;
2668 : 125;
2669 : 130;
2670 : 130;
2671 : 130;
2672 : 130;
2673 : 130;
2674 : 130;
2675 : 130;
2676 : 125;
2677 : 130;
2678 : 130;
2679 : 130;
2680 : 130;
2681 : 130;
2682 : 135;
2683 : 141;
2684 : 141;
2685 : 135;
2686 : 130;
2687 : 125;
2688 : 135;
2689 : 130;
2690 : 130;
2691 : 130;
2692 : 130;
2693 : 130;
2694 : 130;
2695 : 125;
2696 : 130;
2697 : 120;
2698 : 125;
2699 : 125;
2700 : 130;
2701 : 125;
2702 : 125;
2703 : 130;
2704 : 125;
2705 : 130;
2706 : 130;
2707 : 125;
2708 : 130;
2709 : 130;
2710 : 130;
2711 : 125;
2712 : 125;
2713 : 120;
2714 : 125;
2715 : 120;
2716 : 125;
2717 : 113;
2718 : 113;
2719 : 113;
2720 : 106;
2721 : 106;
2722 : 106;
2723 : 100;
2724 : 113;
2725 : 113;
2726 : 130;
2727 : 141;
2728 : 155;
2729 : 155;
2730 : 155;
2731 : 162;
2732 : 162;
2733 : 162;
2734 : 162;
2735 : 170;
2736 : 162;
2737 : 162;
2738 : 155;
2739 : 162;
2740 : 162;
2741 : 162;
2742 : 155;
2743 : 162;
2744 : 162;
2745 : 155;
2746 : 155;
2747 : 162;
2748 : 155;
2749 : 155;
2750 : 155;
2751 : 155;
2752 : 148;
2753 : 155;
2754 : 148;
2755 : 155;
2756 : 155;
2757 : 148;
2758 : 155;
2759 : 155;
2760 : 148;
2761 : 155;
2762 : 148;
2763 : 148;
2764 : 148;
2765 : 148;
2766 : 179;
2767 : 200;
2768 : 206;
2769 : 212;
2770 : 222;
2771 : 222;
2772 : 222;
2773 : 212;
2774 : 200;
2775 : 179;
2776 : 113;
2777 : 106;
2778 : 113;
2779 : 106;
2780 : 113;
2781 : 113;
2782 : 120;
2783 : 120;
2784 : 120;
2785 : 113;
2786 : 120;
2787 : 130;
2788 : 125;
2789 : 120;
2790 : 120;
2791 : 125;
2792 : 125;
2793 : 125;
2794 : 130;
2795 : 135;
2796 : 125;
2797 : 130;
2798 : 130;
2799 : 135;
2800 : 130;
2801 : 135;
2802 : 141;
2803 : 135;
2804 : 113;
2805 : 68;
2806 : 49;
2807 : 42;
2808 : 42;
2809 : 49;
2810 : 49;
2811 : 42;
2812 : 42;
2813 : 49;
2814 : 49;
2815 : 49;
2816 : 155;
2817 : 155;
2818 : 155;
2819 : 155;
2820 : 162;
2821 : 162;
2822 : 155;
2823 : 155;
2824 : 155;
2825 : 155;
2826 : 155;
2827 : 162;
2828 : 155;
2829 : 155;
2830 : 155;
2831 : 162;
2832 : 170;
2833 : 170;
2834 : 170;
2835 : 162;
2836 : 162;
2837 : 162;
2838 : 162;
2839 : 162;
2840 : 162;
2841 : 162;
2842 : 155;
2843 : 148;
2844 : 141;
2845 : 135;
2846 : 125;
2847 : 100;
2848 : 94;
2849 : 86;
2850 : 86;
2851 : 94;
2852 : 100;
2853 : 100;
2854 : 106;
2855 : 106;
2856 : 100;
2857 : 100;
2858 : 106;
2859 : 100;
2860 : 106;
2861 : 100;
2862 : 113;
2863 : 100;
2864 : 100;
2865 : 106;
2866 : 106;
2867 : 100;
2868 : 106;
2869 : 106;
2870 : 113;
2871 : 113;
2872 : 113;
2873 : 120;
2874 : 125;
2875 : 120;
2876 : 125;
2877 : 125;
2878 : 125;
2879 : 125;
2880 : 130;
2881 : 135;
2882 : 130;
2883 : 125;
2884 : 125;
2885 : 130;
2886 : 130;
2887 : 125;
2888 : 135;
2889 : 135;
2890 : 130;
2891 : 130;
2892 : 130;
2893 : 130;
2894 : 130;
2895 : 130;
2896 : 130;
2897 : 130;
2898 : 135;
2899 : 130;
2900 : 130;
2901 : 130;
2902 : 135;
2903 : 130;
2904 : 130;
2905 : 130;
2906 : 130;
2907 : 125;
2908 : 135;
2909 : 125;
2910 : 130;
2911 : 130;
2912 : 130;
2913 : 135;
2914 : 125;
2915 : 130;
2916 : 130;
2917 : 125;
2918 : 130;
2919 : 130;
2920 : 125;
2921 : 125;
2922 : 125;
2923 : 130;
2924 : 130;
2925 : 135;
2926 : 125;
2927 : 130;
2928 : 130;
2929 : 125;
2930 : 125;
2931 : 135;
2932 : 130;
2933 : 130;
2934 : 125;
2935 : 135;
2936 : 141;
2937 : 130;
2938 : 130;
2939 : 130;
2940 : 135;
2941 : 130;
2942 : 130;
2943 : 125;
2944 : 125;
2945 : 130;
2946 : 130;
2947 : 135;
2948 : 130;
2949 : 135;
2950 : 130;
2951 : 130;
2952 : 130;
2953 : 130;
2954 : 125;
2955 : 125;
2956 : 125;
2957 : 125;
2958 : 125;
2959 : 130;
2960 : 125;
2961 : 130;
2962 : 125;
2963 : 130;
2964 : 120;
2965 : 125;
2966 : 130;
2967 : 130;
2968 : 125;
2969 : 125;
2970 : 120;
2971 : 120;
2972 : 120;
2973 : 120;
2974 : 113;
2975 : 113;
2976 : 106;
2977 : 113;
2978 : 106;
2979 : 106;
2980 : 113;
2981 : 113;
2982 : 130;
2983 : 141;
2984 : 148;
2985 : 148;
2986 : 155;
2987 : 155;
2988 : 162;
2989 : 162;
2990 : 162;
2991 : 162;
2992 : 162;
2993 : 162;
2994 : 162;
2995 : 162;
2996 : 155;
2997 : 162;
2998 : 162;
2999 : 162;
3000 : 162;
3001 : 162;
3002 : 155;
3003 : 155;
3004 : 155;
3005 : 155;
3006 : 155;
3007 : 155;
3008 : 148;
3009 : 155;
3010 : 148;
3011 : 148;
3012 : 148;
3013 : 155;
3014 : 148;
3015 : 148;
3016 : 148;
3017 : 148;
3018 : 148;
3019 : 155;
3020 : 141;
3021 : 148;
3022 : 162;
3023 : 192;
3024 : 200;
3025 : 212;
3026 : 212;
3027 : 222;
3028 : 222;
3029 : 222;
3030 : 212;
3031 : 192;
3032 : 155;
3033 : 113;
3034 : 100;
3035 : 113;
3036 : 106;
3037 : 113;
3038 : 113;
3039 : 120;
3040 : 120;
3041 : 113;
3042 : 120;
3043 : 120;
3044 : 120;
3045 : 120;
3046 : 125;
3047 : 120;
3048 : 120;
3049 : 120;
3050 : 125;
3051 : 130;
3052 : 125;
3053 : 130;
3054 : 130;
3055 : 135;
3056 : 135;
3057 : 135;
3058 : 141;
3059 : 113;
3060 : 68;
3061 : 49;
3062 : 57;
3063 : 57;
3064 : 49;
3065 : 49;
3066 : 49;
3067 : 49;
3068 : 49;
3069 : 49;
3070 : 49;
3071 : 57;
3072 : 155;
3073 : 155;
3074 : 155;
3075 : 155;
3076 : 162;
3077 : 155;
3078 : 155;
3079 : 162;
3080 : 155;
3081 : 155;
3082 : 155;
3083 : 155;
3084 : 155;
3085 : 162;
3086 : 162;
3087 : 170;
3088 : 162;
3089 : 170;
3090 : 162;
3091 : 162;
3092 : 162;
3093 : 162;
3094 : 155;
3095 : 155;
3096 : 162;
3097 : 162;
3098 : 155;
3099 : 148;
3100 : 141;
3101 : 135;
3102 : 120;
3103 : 100;
3104 : 94;
3105 : 86;
3106 : 86;
3107 : 100;
3108 : 94;
3109 : 94;
3110 : 100;
3111 : 106;
3112 : 113;
3113 : 106;
3114 : 106;
3115 : 100;
3116 : 106;
3117 : 100;
3118 : 100;
3119 : 100;
3120 : 106;
3121 : 100;
3122 : 106;
3123 : 106;
3124 : 113;
3125 : 113;
3126 : 113;
3127 : 113;
3128 : 120;
3129 : 120;
3130 : 120;
3131 : 120;
3132 : 125;
3133 : 125;
3134 : 125;
3135 : 125;
3136 : 125;
3137 : 130;
3138 : 125;
3139 : 120;
3140 : 130;
3141 : 130;
3142 : 130;
3143 : 135;
3144 : 130;
3145 : 125;
3146 : 130;
3147 : 130;
3148 : 130;
3149 : 130;
3150 : 130;
3151 : 130;
3152 : 125;
3153 : 130;
3154 : 130;
3155 : 130;
3156 : 130;
3157 : 135;
3158 : 135;
3159 : 130;
3160 : 125;
3161 : 125;
3162 : 130;
3163 : 130;
3164 : 125;
3165 : 125;
3166 : 130;
3167 : 141;
3168 : 130;
3169 : 130;
3170 : 135;
3171 : 125;
3172 : 130;
3173 : 125;
3174 : 130;
3175 : 125;
3176 : 125;
3177 : 125;
3178 : 130;
3179 : 125;
3180 : 130;
3181 : 125;
3182 : 125;
3183 : 130;
3184 : 130;
3185 : 120;
3186 : 125;
3187 : 125;
3188 : 130;
3189 : 125;
3190 : 130;
3191 : 125;
3192 : 130;
3193 : 130;
3194 : 130;
3195 : 130;
3196 : 135;
3197 : 135;
3198 : 130;
3199 : 130;
3200 : 130;
3201 : 135;
3202 : 130;
3203 : 135;
3204 : 130;
3205 : 130;
3206 : 130;
3207 : 120;
3208 : 125;
3209 : 130;
3210 : 130;
3211 : 120;
3212 : 125;
3213 : 120;
3214 : 125;
3215 : 125;
3216 : 130;
3217 : 125;
3218 : 125;
3219 : 125;
3220 : 125;
3221 : 125;
3222 : 135;
3223 : 130;
3224 : 125;
3225 : 125;
3226 : 125;
3227 : 120;
3228 : 135;
3229 : 113;
3230 : 113;
3231 : 106;
3232 : 113;
3233 : 106;
3234 : 106;
3235 : 113;
3236 : 113;
3237 : 120;
3238 : 125;
3239 : 141;
3240 : 148;
3241 : 155;
3242 : 155;
3243 : 162;
3244 : 162;
3245 : 162;
3246 : 162;
3247 : 162;
3248 : 162;
3249 : 162;
3250 : 155;
3251 : 162;
3252 : 162;
3253 : 162;
3254 : 155;
3255 : 162;
3256 : 155;
3257 : 162;
3258 : 155;
3259 : 155;
3260 : 155;
3261 : 155;
3262 : 155;
3263 : 155;
3264 : 155;
3265 : 155;
3266 : 155;
3267 : 155;
3268 : 155;
3269 : 148;
3270 : 155;
3271 : 148;
3272 : 155;
3273 : 148;
3274 : 148;
3275 : 148;
3276 : 148;
3277 : 148;
3278 : 148;
3279 : 170;
3280 : 200;
3281 : 206;
3282 : 212;
3283 : 212;
3284 : 222;
3285 : 222;
3286 : 222;
3287 : 206;
3288 : 192;
3289 : 130;
3290 : 100;
3291 : 106;
3292 : 113;
3293 : 113;
3294 : 113;
3295 : 120;
3296 : 120;
3297 : 120;
3298 : 125;
3299 : 120;
3300 : 125;
3301 : 125;
3302 : 120;
3303 : 120;
3304 : 125;
3305 : 120;
3306 : 125;
3307 : 125;
3308 : 120;
3309 : 130;
3310 : 130;
3311 : 135;
3312 : 135;
3313 : 135;
3314 : 113;
3315 : 68;
3316 : 57;
3317 : 77;
3318 : 49;
3319 : 49;
3320 : 49;
3321 : 42;
3322 : 49;
3323 : 42;
3324 : 49;
3325 : 49;
3326 : 57;
3327 : 57;
3328 : 155;
3329 : 155;
3330 : 155;
3331 : 155;
3332 : 162;
3333 : 162;
3334 : 155;
3335 : 155;
3336 : 162;
3337 : 162;
3338 : 155;
3339 : 162;
3340 : 155;
3341 : 162;
3342 : 170;
3343 : 162;
3344 : 170;
3345 : 162;
3346 : 162;
3347 : 170;
3348 : 162;
3349 : 170;
3350 : 155;
3351 : 162;
3352 : 162;
3353 : 155;
3354 : 162;
3355 : 155;
3356 : 141;
3357 : 130;
3358 : 113;
3359 : 100;
3360 : 86;
3361 : 94;
3362 : 86;
3363 : 86;
3364 : 94;
3365 : 100;
3366 : 100;
3367 : 100;
3368 : 106;
3369 : 106;
3370 : 106;
3371 : 106;
3372 : 106;
3373 : 106;
3374 : 106;
3375 : 100;
3376 : 100;
3377 : 100;
3378 : 106;
3379 : 113;
3380 : 106;
3381 : 106;
3382 : 113;
3383 : 113;
3384 : 120;
3385 : 120;
3386 : 113;
3387 : 125;
3388 : 125;
3389 : 125;
3390 : 120;
3391 : 135;
3392 : 125;
3393 : 130;
3394 : 125;
3395 : 125;
3396 : 125;
3397 : 125;
3398 : 130;
3399 : 125;
3400 : 125;
3401 : 130;
3402 : 125;
3403 : 130;
3404 : 130;
3405 : 135;
3406 : 130;
3407 : 130;
3408 : 130;
3409 : 130;
3410 : 130;
3411 : 125;
3412 : 130;
3413 : 130;
3414 : 130;
3415 : 130;
3416 : 135;
3417 : 130;
3418 : 130;
3419 : 130;
3420 : 130;
3421 : 135;
3422 : 130;
3423 : 135;
3424 : 135;
3425 : 141;
3426 : 130;
3427 : 130;
3428 : 125;
3429 : 120;
3430 : 125;
3431 : 125;
3432 : 120;
3433 : 125;
3434 : 125;
3435 : 125;
3436 : 125;
3437 : 130;
3438 : 130;
3439 : 125;
3440 : 125;
3441 : 130;
3442 : 125;
3443 : 130;
3444 : 125;
3445 : 125;
3446 : 125;
3447 : 135;
3448 : 125;
3449 : 130;
3450 : 125;
3451 : 125;
3452 : 135;
3453 : 130;
3454 : 130;
3455 : 130;
3456 : 130;
3457 : 130;
3458 : 135;
3459 : 135;
3460 : 125;
3461 : 130;
3462 : 125;
3463 : 130;
3464 : 130;
3465 : 130;
3466 : 125;
3467 : 120;
3468 : 125;
3469 : 125;
3470 : 125;
3471 : 125;
3472 : 130;
3473 : 125;
3474 : 125;
3475 : 125;
3476 : 125;
3477 : 130;
3478 : 125;
3479 : 125;
3480 : 120;
3481 : 125;
3482 : 120;
3483 : 125;
3484 : 120;
3485 : 120;
3486 : 120;
3487 : 106;
3488 : 113;
3489 : 106;
3490 : 100;
3491 : 106;
3492 : 113;
3493 : 120;
3494 : 125;
3495 : 141;
3496 : 148;
3497 : 148;
3498 : 155;
3499 : 162;
3500 : 162;
3501 : 162;
3502 : 162;
3503 : 162;
3504 : 162;
3505 : 162;
3506 : 162;
3507 : 155;
3508 : 155;
3509 : 162;
3510 : 155;
3511 : 155;
3512 : 162;
3513 : 155;
3514 : 162;
3515 : 155;
3516 : 162;
3517 : 148;
3518 : 162;
3519 : 162;
3520 : 155;
3521 : 155;
3522 : 155;
3523 : 155;
3524 : 148;
3525 : 155;
3526 : 148;
3527 : 148;
3528 : 155;
3529 : 148;
3530 : 148;
3531 : 148;
3532 : 148;
3533 : 148;
3534 : 141;
3535 : 155;
3536 : 192;
3537 : 206;
3538 : 212;
3539 : 212;
3540 : 212;
3541 : 222;
3542 : 222;
3543 : 212;
3544 : 200;
3545 : 162;
3546 : 106;
3547 : 106;
3548 : 113;
3549 : 113;
3550 : 113;
3551 : 113;
3552 : 125;
3553 : 120;
3554 : 120;
3555 : 125;
3556 : 120;
3557 : 125;
3558 : 120;
3559 : 130;
3560 : 113;
3561 : 125;
3562 : 120;
3563 : 125;
3564 : 125;
3565 : 130;
3566 : 135;
3567 : 135;
3568 : 135;
3569 : 113;
3570 : 68;
3571 : 42;
3572 : 42;
3573 : 49;
3574 : 49;
3575 : 42;
3576 : 42;
3577 : 49;
3578 : 42;
3579 : 49;
3580 : 42;
3581 : 57;
3582 : 49;
3583 : 49;
3584 : 155;
3585 : 162;
3586 : 155;
3587 : 162;
3588 : 155;
3589 : 155;
3590 : 155;
3591 : 155;
3592 : 162;
3593 : 162;
3594 : 155;
3595 : 162;
3596 : 162;
3597 : 170;
3598 : 162;
3599 : 170;
3600 : 170;
3601 : 170;
3602 : 162;
3603 : 162;
3604 : 155;
3605 : 162;
3606 : 155;
3607 : 162;
3608 : 162;
3609 : 162;
3610 : 162;
3611 : 155;
3612 : 141;
3613 : 130;
3614 : 113;
3615 : 100;
3616 : 86;
3617 : 86;
3618 : 86;
3619 : 94;
3620 : 106;
3621 : 100;
3622 : 106;
3623 : 106;
3624 : 100;
3625 : 106;
3626 : 106;
3627 : 106;
3628 : 106;
3629 : 106;
3630 : 106;
3631 : 106;
3632 : 106;
3633 : 100;
3634 : 106;
3635 : 106;
3636 : 113;
3637 : 106;
3638 : 113;
3639 : 120;
3640 : 113;
3641 : 120;
3642 : 120;
3643 : 125;
3644 : 120;
3645 : 125;
3646 : 125;
3647 : 125;
3648 : 130;
3649 : 125;
3650 : 130;
3651 : 130;
3652 : 125;
3653 : 120;
3654 : 125;
3655 : 125;
3656 : 125;
3657 : 130;
3658 : 125;
3659 : 130;
3660 : 125;
3661 : 130;
3662 : 125;
3663 : 130;
3664 : 130;
3665 : 135;
3666 : 135;
3667 : 130;
3668 : 130;
3669 : 130;
3670 : 130;
3671 : 125;
3672 : 120;
3673 : 130;
3674 : 125;
3675 : 130;
3676 : 125;
3677 : 130;
3678 : 130;
3679 : 135;
3680 : 135;
3681 : 135;
3682 : 130;
3683 : 130;
3684 : 125;
3685 : 125;
3686 : 130;
3687 : 120;
3688 : 120;
3689 : 120;
3690 : 120;
3691 : 125;
3692 : 120;
3693 : 125;
3694 : 135;
3695 : 125;
3696 : 125;
3697 : 120;
3698 : 130;
3699 : 125;
3700 : 120;
3701 : 125;
3702 : 130;
3703 : 120;
3704 : 130;
3705 : 135;
3706 : 130;
3707 : 125;
3708 : 130;
3709 : 130;
3710 : 130;
3711 : 130;
3712 : 130;
3713 : 135;
3714 : 135;
3715 : 130;
3716 : 125;
3717 : 120;
3718 : 130;
3719 : 125;
3720 : 130;
3721 : 130;
3722 : 130;
3723 : 130;
3724 : 130;
3725 : 125;
3726 : 130;
3727 : 125;
3728 : 125;
3729 : 125;
3730 : 125;
3731 : 125;
3732 : 120;
3733 : 130;
3734 : 125;
3735 : 130;
3736 : 125;
3737 : 125;
3738 : 130;
3739 : 113;
3740 : 120;
3741 : 113;
3742 : 120;
3743 : 106;
3744 : 113;
3745 : 113;
3746 : 106;
3747 : 106;
3748 : 113;
3749 : 120;
3750 : 125;
3751 : 135;
3752 : 148;
3753 : 141;
3754 : 148;
3755 : 155;
3756 : 155;
3757 : 155;
3758 : 162;
3759 : 162;
3760 : 162;
3761 : 162;
3762 : 162;
3763 : 162;
3764 : 155;
3765 : 162;
3766 : 162;
3767 : 162;
3768 : 155;
3769 : 155;
3770 : 162;
3771 : 155;
3772 : 162;
3773 : 155;
3774 : 155;
3775 : 155;
3776 : 155;
3777 : 148;
3778 : 155;
3779 : 162;
3780 : 162;
3781 : 155;
3782 : 155;
3783 : 155;
3784 : 155;
3785 : 155;
3786 : 148;
3787 : 148;
3788 : 148;
3789 : 148;
3790 : 141;
3791 : 141;
3792 : 170;
3793 : 200;
3794 : 206;
3795 : 212;
3796 : 212;
3797 : 222;
3798 : 222;
3799 : 222;
3800 : 212;
3801 : 200;
3802 : 148;
3803 : 100;
3804 : 106;
3805 : 113;
3806 : 113;
3807 : 113;
3808 : 113;
3809 : 125;
3810 : 120;
3811 : 125;
3812 : 120;
3813 : 125;
3814 : 120;
3815 : 120;
3816 : 120;
3817 : 120;
3818 : 125;
3819 : 135;
3820 : 120;
3821 : 130;
3822 : 135;
3823 : 130;
3824 : 106;
3825 : 68;
3826 : 49;
3827 : 42;
3828 : 42;
3829 : 49;
3830 : 49;
3831 : 57;
3832 : 42;
3833 : 57;
3834 : 49;
3835 : 49;
3836 : 49;
3837 : 49;
3838 : 49;
3839 : 57;
3840 : 155;
3841 : 155;
3842 : 162;
3843 : 155;
3844 : 162;
3845 : 162;
3846 : 162;
3847 : 155;
3848 : 162;
3849 : 162;
3850 : 162;
3851 : 162;
3852 : 170;
3853 : 162;
3854 : 170;
3855 : 170;
3856 : 170;
3857 : 170;
3858 : 162;
3859 : 162;
3860 : 155;
3861 : 155;
3862 : 155;
3863 : 155;
3864 : 162;
3865 : 162;
3866 : 162;
3867 : 155;
3868 : 141;
3869 : 135;
3870 : 113;
3871 : 100;
3872 : 94;
3873 : 86;
3874 : 86;
3875 : 94;
3876 : 100;
3877 : 100;
3878 : 100;
3879 : 106;
3880 : 106;
3881 : 106;
3882 : 113;
3883 : 100;
3884 : 106;
3885 : 100;
3886 : 100;
3887 : 106;
3888 : 106;
3889 : 106;
3890 : 106;
3891 : 106;
3892 : 106;
3893 : 113;
3894 : 113;
3895 : 120;
3896 : 120;
3897 : 125;
3898 : 125;
3899 : 120;
3900 : 120;
3901 : 125;
3902 : 125;
3903 : 125;
3904 : 130;
3905 : 130;
3906 : 130;
3907 : 130;
3908 : 125;
3909 : 125;
3910 : 130;
3911 : 130;
3912 : 125;
3913 : 125;
3914 : 130;
3915 : 130;
3916 : 130;
3917 : 130;
3918 : 130;
3919 : 130;
3920 : 130;
3921 : 135;
3922 : 125;
3923 : 130;
3924 : 130;
3925 : 125;
3926 : 130;
3927 : 130;
3928 : 130;
3929 : 130;
3930 : 130;
3931 : 130;
3932 : 130;
3933 : 130;
3934 : 130;
3935 : 130;
3936 : 130;
3937 : 130;
3938 : 135;
3939 : 135;
3940 : 130;
3941 : 125;
3942 : 125;
3943 : 125;
3944 : 120;
3945 : 120;
3946 : 120;
3947 : 125;
3948 : 125;
3949 : 125;
3950 : 125;
3951 : 125;
3952 : 120;
3953 : 125;
3954 : 125;
3955 : 125;
3956 : 120;
3957 : 125;
3958 : 125;
3959 : 130;
3960 : 125;
3961 : 130;
3962 : 130;
3963 : 125;
3964 : 125;
3965 : 125;
3966 : 130;
3967 : 130;
3968 : 130;
3969 : 130;
3970 : 135;
3971 : 125;
3972 : 130;
3973 : 125;
3974 : 130;
3975 : 120;
3976 : 125;
3977 : 130;
3978 : 125;
3979 : 125;
3980 : 125;
3981 : 125;
3982 : 125;
3983 : 125;
3984 : 130;
3985 : 125;
3986 : 125;
3987 : 125;
3988 : 125;
3989 : 125;
3990 : 130;
3991 : 130;
3992 : 125;
3993 : 125;
3994 : 120;
3995 : 113;
3996 : 120;
3997 : 120;
3998 : 120;
3999 : 113;
4000 : 106;
4001 : 113;
4002 : 106;
4003 : 106;
4004 : 106;
4005 : 125;
4006 : 135;
4007 : 135;
4008 : 135;
4009 : 148;
4010 : 155;
4011 : 162;
4012 : 155;
4013 : 155;
4014 : 155;
4015 : 162;
4016 : 162;
4017 : 155;
4018 : 155;
4019 : 155;
4020 : 155;
4021 : 162;
4022 : 162;
4023 : 155;
4024 : 155;
4025 : 155;
4026 : 155;
4027 : 155;
4028 : 155;
4029 : 155;
4030 : 155;
4031 : 155;
4032 : 155;
4033 : 155;
4034 : 155;
4035 : 155;
4036 : 155;
4037 : 155;
4038 : 155;
4039 : 148;
4040 : 155;
4041 : 155;
4042 : 148;
4043 : 155;
4044 : 148;
4045 : 141;
4046 : 148;
4047 : 141;
4048 : 148;
4049 : 179;
4050 : 200;
4051 : 212;
4052 : 212;
4053 : 222;
4054 : 222;
4055 : 222;
4056 : 222;
4057 : 206;
4058 : 170;
4059 : 106;
4060 : 106;
4061 : 106;
4062 : 113;
4063 : 113;
4064 : 120;
4065 : 120;
4066 : 120;
4067 : 125;
4068 : 125;
4069 : 120;
4070 : 120;
4071 : 125;
4072 : 125;
4073 : 125;
4074 : 125;
4075 : 125;
4076 : 125;
4077 : 135;
4078 : 130;
4079 : 106;
4080 : 68;
4081 : 42;
4082 : 34;
4083 : 49;
4084 : 42;
4085 : 42;
4086 : 49;
4087 : 49;
4088 : 42;
4089 : 49;
4090 : 49;
4091 : 49;
4092 : 42;
4093 : 49;
4094 : 57;
4095 : 49;
4096 : 155;
4097 : 162;
4098 : 155;
4099 : 155;
4100 : 162;
4101 : 155;
4102 : 162;
4103 : 162;
4104 : 162;
4105 : 162;
4106 : 162;
4107 : 162;
4108 : 170;
4109 : 170;
4110 : 170;
4111 : 170;
4112 : 170;
4113 : 162;
4114 : 162;
4115 : 162;
4116 : 155;
4117 : 162;
4118 : 155;
4119 : 155;
4120 : 162;
4121 : 162;
4122 : 155;
4123 : 148;
4124 : 141;
4125 : 135;
4126 : 120;
4127 : 100;
4128 : 86;
4129 : 86;
4130 : 86;
4131 : 94;
4132 : 94;
4133 : 106;
4134 : 100;
4135 : 106;
4136 : 106;
4137 : 100;
4138 : 106;
4139 : 106;
4140 : 113;
4141 : 100;
4142 : 100;
4143 : 100;
4144 : 106;
4145 : 106;
4146 : 106;
4147 : 106;
4148 : 113;
4149 : 106;
4150 : 113;
4151 : 120;
4152 : 113;
4153 : 120;
4154 : 120;
4155 : 130;
4156 : 125;
4157 : 120;
4158 : 125;
4159 : 125;
4160 : 125;
4161 : 125;
4162 : 135;
4163 : 130;
4164 : 130;
4165 : 130;
4166 : 125;
4167 : 135;
4168 : 125;
4169 : 130;
4170 : 130;
4171 : 130;
4172 : 130;
4173 : 130;
4174 : 130;
4175 : 135;
4176 : 130;
4177 : 135;
4178 : 130;
4179 : 130;
4180 : 135;
4181 : 130;
4182 : 135;
4183 : 125;
4184 : 130;
4185 : 130;
4186 : 135;
4187 : 125;
4188 : 130;
4189 : 135;
4190 : 130;
4191 : 130;
4192 : 135;
4193 : 130;
4194 : 130;
4195 : 125;
4196 : 125;
4197 : 130;
4198 : 125;
4199 : 120;
4200 : 120;
4201 : 120;
4202 : 120;
4203 : 120;
4204 : 120;
4205 : 120;
4206 : 125;
4207 : 125;
4208 : 125;
4209 : 125;
4210 : 125;
4211 : 125;
4212 : 125;
4213 : 120;
4214 : 120;
4215 : 120;
4216 : 125;
4217 : 130;
4218 : 125;
4219 : 125;
4220 : 135;
4221 : 125;
4222 : 125;
4223 : 130;
4224 : 135;
4225 : 130;
4226 : 130;
4227 : 130;
4228 : 130;
4229 : 125;
4230 : 130;
4231 : 125;
4232 : 130;
4233 : 130;
4234 : 130;
4235 : 125;
4236 : 130;
4237 : 130;
4238 : 125;
4239 : 130;
4240 : 130;
4241 : 125;
4242 : 130;
4243 : 125;
4244 : 130;
4245 : 125;
4246 : 125;
4247 : 125;
4248 : 125;
4249 : 125;
4250 : 125;
4251 : 120;
4252 : 120;
4253 : 113;
4254 : 113;
4255 : 106;
4256 : 113;
4257 : 106;
4258 : 106;
4259 : 113;
4260 : 113;
4261 : 120;
4262 : 130;
4263 : 135;
4264 : 135;
4265 : 141;
4266 : 148;
4267 : 155;
4268 : 155;
4269 : 155;
4270 : 162;
4271 : 162;
4272 : 155;
4273 : 162;
4274 : 162;
4275 : 162;
4276 : 155;
4277 : 162;
4278 : 155;
4279 : 162;
4280 : 162;
4281 : 162;
4282 : 162;
4283 : 155;
4284 : 162;
4285 : 155;
4286 : 155;
4287 : 162;
4288 : 155;
4289 : 148;
4290 : 155;
4291 : 155;
4292 : 155;
4293 : 155;
4294 : 155;
4295 : 155;
4296 : 155;
4297 : 148;
4298 : 148;
4299 : 155;
4300 : 148;
4301 : 148;
4302 : 141;
4303 : 141;
4304 : 141;
4305 : 162;
4306 : 192;
4307 : 206;
4308 : 212;
4309 : 222;
4310 : 222;
4311 : 222;
4312 : 222;
4313 : 212;
4314 : 200;
4315 : 148;
4316 : 106;
4317 : 106;
4318 : 106;
4319 : 113;
4320 : 113;
4321 : 113;
4322 : 120;
4323 : 113;
4324 : 120;
4325 : 125;
4326 : 125;
4327 : 125;
4328 : 125;
4329 : 125;
4330 : 125;
4331 : 130;
4332 : 130;
4333 : 135;
4334 : 106;
4335 : 57;
4336 : 49;
4337 : 34;
4338 : 49;
4339 : 42;
4340 : 49;
4341 : 57;
4342 : 49;
4343 : 49;
4344 : 57;
4345 : 49;
4346 : 49;
4347 : 49;
4348 : 49;
4349 : 49;
4350 : 57;
4351 : 57;
4352 : 162;
4353 : 155;
4354 : 155;
4355 : 162;
4356 : 155;
4357 : 162;
4358 : 162;
4359 : 162;
4360 : 155;
4361 : 170;
4362 : 162;
4363 : 170;
4364 : 162;
4365 : 170;
4366 : 170;
4367 : 162;
4368 : 170;
4369 : 170;
4370 : 162;
4371 : 162;
4372 : 155;
4373 : 162;
4374 : 162;
4375 : 162;
4376 : 162;
4377 : 162;
4378 : 155;
4379 : 155;
4380 : 141;
4381 : 135;
4382 : 113;
4383 : 100;
4384 : 94;
4385 : 86;
4386 : 86;
4387 : 94;
4388 : 100;
4389 : 100;
4390 : 100;
4391 : 106;
4392 : 106;
4393 : 106;
4394 : 106;
4395 : 106;
4396 : 106;
4397 : 100;
4398 : 106;
4399 : 100;
4400 : 100;
4401 : 94;
4402 : 106;
4403 : 106;
4404 : 106;
4405 : 113;
4406 : 113;
4407 : 113;
4408 : 120;
4409 : 120;
4410 : 125;
4411 : 113;
4412 : 125;
4413 : 125;
4414 : 130;
4415 : 125;
4416 : 125;
4417 : 120;
4418 : 130;
4419 : 125;
4420 : 125;
4421 : 125;
4422 : 130;
4423 : 125;
4424 : 130;
4425 : 135;
4426 : 125;
4427 : 125;
4428 : 120;
4429 : 130;
4430 : 135;
4431 : 130;
4432 : 130;
4433 : 125;
4434 : 125;
4435 : 125;
4436 : 130;
4437 : 135;
4438 : 125;
4439 : 130;
4440 : 130;
4441 : 125;
4442 : 125;
4443 : 130;
4444 : 125;
4445 : 130;
4446 : 130;
4447 : 135;
4448 : 135;
4449 : 130;
4450 : 125;
4451 : 125;
4452 : 130;
4453 : 125;
4454 : 125;
4455 : 125;
4456 : 125;
4457 : 120;
4458 : 120;
4459 : 120;
4460 : 120;
4461 : 125;
4462 : 125;
4463 : 120;
4464 : 130;
4465 : 130;
4466 : 120;
4467 : 120;
4468 : 125;
4469 : 120;
4470 : 120;
4471 : 130;
4472 : 125;
4473 : 130;
4474 : 125;
4475 : 130;
4476 : 120;
4477 : 135;
4478 : 130;
4479 : 130;
4480 : 130;
4481 : 135;
4482 : 130;
4483 : 125;
4484 : 130;
4485 : 130;
4486 : 130;
4487 : 130;
4488 : 130;
4489 : 135;
4490 : 125;
4491 : 130;
4492 : 125;
4493 : 125;
4494 : 130;
4495 : 125;
4496 : 130;
4497 : 125;
4498 : 130;
4499 : 130;
4500 : 130;
4501 : 125;
4502 : 130;
4503 : 125;
4504 : 125;
4505 : 125;
4506 : 120;
4507 : 120;
4508 : 120;
4509 : 113;
4510 : 113;
4511 : 113;
4512 : 113;
4513 : 120;
4514 : 106;
4515 : 113;
4516 : 113;
4517 : 120;
4518 : 125;
4519 : 135;
4520 : 135;
4521 : 148;
4522 : 148;
4523 : 148;
4524 : 148;
4525 : 155;
4526 : 155;
4527 : 162;
4528 : 155;
4529 : 162;
4530 : 155;
4531 : 155;
4532 : 155;
4533 : 155;
4534 : 155;
4535 : 162;
4536 : 155;
4537 : 155;
4538 : 155;
4539 : 155;
4540 : 162;
4541 : 155;
4542 : 148;
4543 : 155;
4544 : 155;
4545 : 162;
4546 : 155;
4547 : 155;
4548 : 155;
4549 : 148;
4550 : 155;
4551 : 155;
4552 : 162;
4553 : 148;
4554 : 155;
4555 : 148;
4556 : 148;
4557 : 148;
4558 : 155;
4559 : 141;
4560 : 148;
4561 : 141;
4562 : 179;
4563 : 200;
4564 : 212;
4565 : 212;
4566 : 222;
4567 : 222;
4568 : 222;
4569 : 222;
4570 : 206;
4571 : 192;
4572 : 135;
4573 : 106;
4574 : 100;
4575 : 106;
4576 : 113;
4577 : 113;
4578 : 113;
4579 : 120;
4580 : 120;
4581 : 125;
4582 : 120;
4583 : 120;
4584 : 120;
4585 : 135;
4586 : 135;
4587 : 135;
4588 : 130;
4589 : 120;
4590 : 68;
4591 : 49;
4592 : 42;
4593 : 42;
4594 : 34;
4595 : 49;
4596 : 42;
4597 : 57;
4598 : 57;
4599 : 49;
4600 : 57;
4601 : 49;
4602 : 49;
4603 : 49;
4604 : 49;
4605 : 57;
4606 : 49;
4607 : 49;
4608 : 155;
4609 : 162;
4610 : 155;
4611 : 162;
4612 : 170;
4613 : 162;
4614 : 162;
4615 : 162;
4616 : 162;
4617 : 162;
4618 : 170;
4619 : 170;
4620 : 170;
4621 : 170;
4622 : 162;
4623 : 170;
4624 : 162;
4625 : 162;
4626 : 162;
4627 : 162;
4628 : 155;
4629 : 162;
4630 : 155;
4631 : 162;
4632 : 162;
4633 : 162;
4634 : 162;
4635 : 148;
4636 : 141;
4637 : 135;
4638 : 120;
4639 : 100;
4640 : 86;
4641 : 86;
4642 : 86;
4643 : 86;
4644 : 86;
4645 : 100;
4646 : 106;
4647 : 106;
4648 : 106;
4649 : 100;
4650 : 94;
4651 : 100;
4652 : 106;
4653 : 106;
4654 : 100;
4655 : 106;
4656 : 100;
4657 : 106;
4658 : 106;
4659 : 106;
4660 : 106;
4661 : 113;
4662 : 113;
4663 : 113;
4664 : 113;
4665 : 120;
4666 : 125;
4667 : 120;
4668 : 113;
4669 : 120;
4670 : 130;
4671 : 120;
4672 : 120;
4673 : 130;
4674 : 125;
4675 : 125;
4676 : 125;
4677 : 125;
4678 : 135;
4679 : 125;
4680 : 125;
4681 : 125;
4682 : 125;
4683 : 125;
4684 : 125;
4685 : 125;
4686 : 125;
4687 : 130;
4688 : 130;
4689 : 125;
4690 : 130;
4691 : 120;
4692 : 125;
4693 : 125;
4694 : 130;
4695 : 130;
4696 : 135;
4697 : 135;
4698 : 141;
4699 : 135;
4700 : 130;
4701 : 125;
4702 : 135;
4703 : 125;
4704 : 130;
4705 : 130;
4706 : 130;
4707 : 125;
4708 : 125;
4709 : 125;
4710 : 130;
4711 : 120;
4712 : 120;
4713 : 120;
4714 : 120;
4715 : 125;
4716 : 130;
4717 : 120;
4718 : 125;
4719 : 125;
4720 : 125;
4721 : 120;
4722 : 120;
4723 : 113;
4724 : 120;
4725 : 120;
4726 : 120;
4727 : 125;
4728 : 120;
4729 : 130;
4730 : 130;
4731 : 130;
4732 : 130;
4733 : 130;
4734 : 130;
4735 : 130;
4736 : 130;
4737 : 130;
4738 : 135;
4739 : 130;
4740 : 130;
4741 : 130;
4742 : 130;
4743 : 130;
4744 : 130;
4745 : 130;
4746 : 130;
4747 : 125;
4748 : 125;
4749 : 130;
4750 : 125;
4751 : 120;
4752 : 120;
4753 : 130;
4754 : 130;
4755 : 125;
4756 : 130;
4757 : 125;
4758 : 130;
4759 : 120;
4760 : 130;
4761 : 120;
4762 : 120;
4763 : 120;
4764 : 120;
4765 : 113;
4766 : 120;
4767 : 113;
4768 : 113;
4769 : 113;
4770 : 106;
4771 : 106;
4772 : 106;
4773 : 113;
4774 : 125;
4775 : 135;
4776 : 135;
4777 : 141;
4778 : 148;
4779 : 148;
4780 : 155;
4781 : 155;
4782 : 155;
4783 : 155;
4784 : 155;
4785 : 155;
4786 : 155;
4787 : 162;
4788 : 155;
4789 : 155;
4790 : 162;
4791 : 155;
4792 : 155;
4793 : 155;
4794 : 155;
4795 : 155;
4796 : 162;
4797 : 155;
4798 : 155;
4799 : 155;
4800 : 155;
4801 : 155;
4802 : 155;
4803 : 155;
4804 : 155;
4805 : 155;
4806 : 162;
4807 : 155;
4808 : 155;
4809 : 148;
4810 : 148;
4811 : 148;
4812 : 148;
4813 : 148;
4814 : 141;
4815 : 148;
4816 : 141;
4817 : 141;
4818 : 155;
4819 : 192;
4820 : 206;
4821 : 212;
4822 : 222;
4823 : 222;
4824 : 222;
4825 : 222;
4826 : 222;
4827 : 200;
4828 : 170;
4829 : 113;
4830 : 94;
4831 : 100;
4832 : 106;
4833 : 113;
4834 : 113;
4835 : 113;
4836 : 125;
4837 : 125;
4838 : 125;
4839 : 130;
4840 : 130;
4841 : 135;
4842 : 130;
4843 : 130;
4844 : 106;
4845 : 57;
4846 : 42;
4847 : 42;
4848 : 42;
4849 : 42;
4850 : 49;
4851 : 42;
4852 : 49;
4853 : 49;
4854 : 49;
4855 : 49;
4856 : 57;
4857 : 57;
4858 : 57;
4859 : 49;
4860 : 49;
4861 : 49;
4862 : 42;
4863 : 42;
4864 : 162;
4865 : 162;
4866 : 162;
4867 : 155;
4868 : 162;
4869 : 162;
4870 : 162;
4871 : 162;
4872 : 170;
4873 : 170;
4874 : 170;
4875 : 170;
4876 : 162;
4877 : 162;
4878 : 162;
4879 : 162;
4880 : 162;
4881 : 162;
4882 : 162;
4883 : 162;
4884 : 155;
4885 : 155;
4886 : 162;
4887 : 162;
4888 : 155;
4889 : 162;
4890 : 155;
4891 : 155;
4892 : 148;
4893 : 135;
4894 : 120;
4895 : 94;
4896 : 86;
4897 : 86;
4898 : 77;
4899 : 94;
4900 : 100;
4901 : 100;
4902 : 100;
4903 : 100;
4904 : 100;
4905 : 113;
4906 : 100;
4907 : 100;
4908 : 100;
4909 : 100;
4910 : 106;
4911 : 100;
4912 : 106;
4913 : 100;
4914 : 100;
4915 : 106;
4916 : 113;
4917 : 106;
4918 : 113;
4919 : 113;
4920 : 120;
4921 : 113;
4922 : 120;
4923 : 120;
4924 : 113;
4925 : 120;
4926 : 120;
4927 : 125;
4928 : 120;
4929 : 125;
4930 : 125;
4931 : 125;
4932 : 125;
4933 : 125;
4934 : 130;
4935 : 120;
4936 : 125;
4937 : 120;
4938 : 120;
4939 : 130;
4940 : 135;
4941 : 130;
4942 : 130;
4943 : 130;
4944 : 130;
4945 : 125;
4946 : 130;
4947 : 125;
4948 : 120;
4949 : 135;
4950 : 135;
4951 : 130;
4952 : 125;
4953 : 130;
4954 : 130;
4955 : 125;
4956 : 125;
4957 : 130;
4958 : 130;
4959 : 130;
4960 : 130;
4961 : 125;
4962 : 130;
4963 : 130;
4964 : 125;
4965 : 125;
4966 : 125;
4967 : 120;
4968 : 125;
4969 : 120;
4970 : 120;
4971 : 130;
4972 : 120;
4973 : 120;
4974 : 120;
4975 : 120;
4976 : 125;
4977 : 113;
4978 : 125;
4979 : 120;
4980 : 120;
4981 : 120;
4982 : 120;
4983 : 120;
4984 : 120;
4985 : 125;
4986 : 125;
4987 : 130;
4988 : 125;
4989 : 135;
4990 : 130;
4991 : 125;
4992 : 130;
4993 : 130;
4994 : 130;
4995 : 125;
4996 : 125;
4997 : 130;
4998 : 120;
4999 : 125;
5000 : 130;
5001 : 130;
5002 : 130;
5003 : 125;
5004 : 130;
5005 : 130;
5006 : 125;
5007 : 125;
5008 : 125;
5009 : 125;
5010 : 120;
5011 : 125;
5012 : 125;
5013 : 130;
5014 : 130;
5015 : 125;
5016 : 125;
5017 : 120;
5018 : 125;
5019 : 120;
5020 : 113;
5021 : 113;
5022 : 113;
5023 : 113;
5024 : 120;
5025 : 113;
5026 : 106;
5027 : 113;
5028 : 113;
5029 : 120;
5030 : 125;
5031 : 130;
5032 : 135;
5033 : 141;
5034 : 148;
5035 : 148;
5036 : 148;
5037 : 155;
5038 : 155;
5039 : 155;
5040 : 155;
5041 : 155;
5042 : 162;
5043 : 162;
5044 : 155;
5045 : 155;
5046 : 155;
5047 : 155;
5048 : 162;
5049 : 155;
5050 : 155;
5051 : 155;
5052 : 155;
5053 : 155;
5054 : 155;
5055 : 155;
5056 : 155;
5057 : 155;
5058 : 155;
5059 : 155;
5060 : 155;
5061 : 155;
5062 : 162;
5063 : 155;
5064 : 155;
5065 : 155;
5066 : 148;
5067 : 148;
5068 : 148;
5069 : 148;
5070 : 148;
5071 : 141;
5072 : 141;
5073 : 141;
5074 : 141;
5075 : 179;
5076 : 200;
5077 : 212;
5078 : 212;
5079 : 222;
5080 : 222;
5081 : 222;
5082 : 222;
5083 : 212;
5084 : 200;
5085 : 141;
5086 : 94;
5087 : 100;
5088 : 113;
5089 : 106;
5090 : 113;
5091 : 113;
5092 : 120;
5093 : 113;
5094 : 120;
5095 : 125;
5096 : 130;
5097 : 130;
5098 : 135;
5099 : 106;
5100 : 77;
5101 : 42;
5102 : 42;
5103 : 49;
5104 : 42;
5105 : 49;
5106 : 42;
5107 : 57;
5108 : 68;
5109 : 68;
5110 : 57;
5111 : 68;
5112 : 57;
5113 : 49;
5114 : 49;
5115 : 49;
5116 : 49;
5117 : 42;
5118 : 49;
5119 : 57;
5120 : 162;
5121 : 155;
5122 : 162;
5123 : 162;
5124 : 155;
5125 : 162;
5126 : 162;
5127 : 162;
5128 : 170;
5129 : 170;
5130 : 162;
5131 : 162;
5132 : 162;
5133 : 162;
5134 : 162;
5135 : 162;
5136 : 162;
5137 : 162;
5138 : 162;
5139 : 155;
5140 : 162;
5141 : 162;
5142 : 155;
5143 : 162;
5144 : 162;
5145 : 162;
5146 : 155;
5147 : 148;
5148 : 141;
5149 : 125;
5150 : 113;
5151 : 100;
5152 : 86;
5153 : 77;
5154 : 86;
5155 : 86;
5156 : 86;
5157 : 106;
5158 : 100;
5159 : 106;
5160 : 106;
5161 : 100;
5162 : 100;
5163 : 100;
5164 : 106;
5165 : 100;
5166 : 106;
5167 : 100;
5168 : 106;
5169 : 100;
5170 : 100;
5171 : 106;
5172 : 106;
5173 : 113;
5174 : 113;
5175 : 113;
5176 : 120;
5177 : 125;
5178 : 120;
5179 : 120;
5180 : 120;
5181 : 125;
5182 : 130;
5183 : 120;
5184 : 125;
5185 : 120;
5186 : 120;
5187 : 130;
5188 : 125;
5189 : 125;
5190 : 125;
5191 : 130;
5192 : 125;
5193 : 125;
5194 : 125;
5195 : 125;
5196 : 125;
5197 : 125;
5198 : 130;
5199 : 130;
5200 : 130;
5201 : 130;
5202 : 130;
5203 : 130;
5204 : 125;
5205 : 130;
5206 : 130;
5207 : 130;
5208 : 135;
5209 : 130;
5210 : 130;
5211 : 130;
5212 : 130;
5213 : 125;
5214 : 125;
5215 : 130;
5216 : 130;
5217 : 125;
5218 : 125;
5219 : 130;
5220 : 125;
5221 : 130;
5222 : 130;
5223 : 125;
5224 : 125;
5225 : 130;
5226 : 125;
5227 : 125;
5228 : 120;
5229 : 125;
5230 : 120;
5231 : 113;
5232 : 120;
5233 : 113;
5234 : 120;
5235 : 120;
5236 : 120;
5237 : 120;
5238 : 120;
5239 : 120;
5240 : 120;
5241 : 120;
5242 : 130;
5243 : 130;
5244 : 130;
5245 : 130;
5246 : 130;
5247 : 125;
5248 : 130;
5249 : 130;
5250 : 125;
5251 : 125;
5252 : 130;
5253 : 130;
5254 : 125;
5255 : 130;
5256 : 120;
5257 : 130;
5258 : 130;
5259 : 125;
5260 : 125;
5261 : 125;
5262 : 125;
5263 : 130;
5264 : 125;
5265 : 130;
5266 : 125;
5267 : 130;
5268 : 120;
5269 : 125;
5270 : 125;
5271 : 130;
5272 : 125;
5273 : 125;
5274 : 120;
5275 : 120;
5276 : 113;
5277 : 113;
5278 : 113;
5279 : 113;
5280 : 120;
5281 : 113;
5282 : 106;
5283 : 113;
5284 : 113;
5285 : 125;
5286 : 125;
5287 : 135;
5288 : 135;
5289 : 148;
5290 : 148;
5291 : 148;
5292 : 148;
5293 : 148;
5294 : 155;
5295 : 155;
5296 : 155;
5297 : 155;
5298 : 155;
5299 : 155;
5300 : 155;
5301 : 155;
5302 : 155;
5303 : 155;
5304 : 148;
5305 : 155;
5306 : 155;
5307 : 155;
5308 : 155;
5309 : 148;
5310 : 148;
5311 : 155;
5312 : 148;
5313 : 155;
5314 : 162;
5315 : 155;
5316 : 155;
5317 : 155;
5318 : 148;
5319 : 155;
5320 : 148;
5321 : 148;
5322 : 148;
5323 : 148;
5324 : 148;
5325 : 148;
5326 : 141;
5327 : 141;
5328 : 141;
5329 : 135;
5330 : 141;
5331 : 148;
5332 : 192;
5333 : 206;
5334 : 212;
5335 : 222;
5336 : 222;
5337 : 222;
5338 : 222;
5339 : 222;
5340 : 206;
5341 : 170;
5342 : 120;
5343 : 100;
5344 : 106;
5345 : 106;
5346 : 113;
5347 : 113;
5348 : 113;
5349 : 113;
5350 : 120;
5351 : 120;
5352 : 130;
5353 : 125;
5354 : 113;
5355 : 86;
5356 : 57;
5357 : 42;
5358 : 42;
5359 : 42;
5360 : 42;
5361 : 49;
5362 : 49;
5363 : 57;
5364 : 49;
5365 : 57;
5366 : 57;
5367 : 49;
5368 : 49;
5369 : 57;
5370 : 49;
5371 : 49;
5372 : 42;
5373 : 42;
5374 : 49;
5375 : 42;
5376 : 162;
5377 : 162;
5378 : 162;
5379 : 162;
5380 : 162;
5381 : 162;
5382 : 162;
5383 : 162;
5384 : 170;
5385 : 170;
5386 : 162;
5387 : 162;
5388 : 162;
5389 : 155;
5390 : 155;
5391 : 162;
5392 : 155;
5393 : 155;
5394 : 155;
5395 : 162;
5396 : 155;
5397 : 155;
5398 : 162;
5399 : 155;
5400 : 162;
5401 : 162;
5402 : 162;
5403 : 148;
5404 : 141;
5405 : 130;
5406 : 120;
5407 : 100;
5408 : 86;
5409 : 77;
5410 : 86;
5411 : 94;
5412 : 94;
5413 : 100;
5414 : 100;
5415 : 106;
5416 : 100;
5417 : 100;
5418 : 106;
5419 : 106;
5420 : 100;
5421 : 106;
5422 : 100;
5423 : 106;
5424 : 106;
5425 : 100;
5426 : 106;
5427 : 106;
5428 : 106;
5429 : 106;
5430 : 113;
5431 : 113;
5432 : 125;
5433 : 120;
5434 : 120;
5435 : 120;
5436 : 113;
5437 : 120;
5438 : 120;
5439 : 125;
5440 : 130;
5441 : 120;
5442 : 120;
5443 : 120;
5444 : 125;
5445 : 125;
5446 : 130;
5447 : 120;
5448 : 125;
5449 : 120;
5450 : 120;
5451 : 130;
5452 : 130;
5453 : 130;
5454 : 125;
5455 : 125;
5456 : 130;
5457 : 130;
5458 : 125;
5459 : 130;
5460 : 125;
5461 : 130;
5462 : 125;
5463 : 130;
5464 : 130;
5465 : 125;
5466 : 130;
5467 : 130;
5468 : 130;
5469 : 125;
5470 : 130;
5471 : 130;
5472 : 130;
5473 : 130;
5474 : 130;
5475 : 130;
5476 : 125;
5477 : 125;
5478 : 130;
5479 : 130;
5480 : 125;
5481 : 120;
5482 : 120;
5483 : 125;
5484 : 120;
5485 : 125;
5486 : 125;
5487 : 120;
5488 : 113;
5489 : 120;
5490 : 113;
5491 : 120;
5492 : 120;
5493 : 113;
5494 : 113;
5495 : 120;
5496 : 113;
5497 : 113;
5498 : 120;
5499 : 120;
5500 : 125;
5501 : 120;
5502 : 130;
5503 : 130;
5504 : 130;
5505 : 130;
5506 : 130;
5507 : 125;
5508 : 130;
5509 : 130;
5510 : 130;
5511 : 130;
5512 : 130;
5513 : 130;
5514 : 130;
5515 : 135;
5516 : 125;
5517 : 130;
5518 : 130;
5519 : 125;
5520 : 130;
5521 : 130;
5522 : 125;
5523 : 130;
5524 : 120;
5525 : 125;
5526 : 125;
5527 : 130;
5528 : 113;
5529 : 120;
5530 : 125;
5531 : 120;
5532 : 120;
5533 : 113;
5534 : 120;
5535 : 113;
5536 : 113;
5537 : 113;
5538 : 106;
5539 : 106;
5540 : 106;
5541 : 113;
5542 : 120;
5543 : 125;
5544 : 135;
5545 : 141;
5546 : 141;
5547 : 148;
5548 : 148;
5549 : 148;
5550 : 148;
5551 : 148;
5552 : 155;
5553 : 148;
5554 : 162;
5555 : 155;
5556 : 155;
5557 : 155;
5558 : 155;
5559 : 148;
5560 : 155;
5561 : 162;
5562 : 155;
5563 : 155;
5564 : 155;
5565 : 155;
5566 : 155;
5567 : 155;
5568 : 155;
5569 : 155;
5570 : 148;
5571 : 155;
5572 : 155;
5573 : 148;
5574 : 148;
5575 : 155;
5576 : 148;
5577 : 148;
5578 : 148;
5579 : 141;
5580 : 148;
5581 : 141;
5582 : 141;
5583 : 141;
5584 : 141;
5585 : 148;
5586 : 141;
5587 : 141;
5588 : 179;
5589 : 200;
5590 : 212;
5591 : 222;
5592 : 222;
5593 : 222;
5594 : 222;
5595 : 222;
5596 : 212;
5597 : 200;
5598 : 148;
5599 : 100;
5600 : 100;
5601 : 106;
5602 : 106;
5603 : 113;
5604 : 113;
5605 : 120;
5606 : 120;
5607 : 125;
5608 : 135;
5609 : 113;
5610 : 68;
5611 : 42;
5612 : 42;
5613 : 42;
5614 : 42;
5615 : 42;
5616 : 49;
5617 : 49;
5618 : 57;
5619 : 57;
5620 : 68;
5621 : 57;
5622 : 57;
5623 : 57;
5624 : 49;
5625 : 57;
5626 : 49;
5627 : 49;
5628 : 42;
5629 : 49;
5630 : 49;
5631 : 42;
5632 : 162;
5633 : 155;
5634 : 162;
5635 : 162;
5636 : 155;
5637 : 162;
5638 : 162;
5639 : 170;
5640 : 170;
5641 : 162;
5642 : 162;
5643 : 155;
5644 : 155;
5645 : 155;
5646 : 155;
5647 : 155;
5648 : 155;
5649 : 155;
5650 : 162;
5651 : 162;
5652 : 162;
5653 : 155;
5654 : 162;
5655 : 162;
5656 : 162;
5657 : 162;
5658 : 162;
5659 : 148;
5660 : 141;
5661 : 130;
5662 : 113;
5663 : 94;
5664 : 86;
5665 : 77;
5666 : 86;
5667 : 94;
5668 : 94;
5669 : 100;
5670 : 100;
5671 : 100;
5672 : 100;
5673 : 106;
5674 : 100;
5675 : 106;
5676 : 100;
5677 : 106;
5678 : 106;
5679 : 100;
5680 : 100;
5681 : 106;
5682 : 100;
5683 : 106;
5684 : 106;
5685 : 113;
5686 : 120;
5687 : 120;
5688 : 120;
5689 : 120;
5690 : 113;
5691 : 120;
5692 : 120;
5693 : 125;
5694 : 120;
5695 : 120;
5696 : 120;
5697 : 125;
5698 : 125;
5699 : 125;
5700 : 125;
5701 : 125;
5702 : 120;
5703 : 125;
5704 : 130;
5705 : 120;
5706 : 130;
5707 : 130;
5708 : 130;
5709 : 125;
5710 : 141;
5711 : 125;
5712 : 125;
5713 : 125;
5714 : 125;
5715 : 125;
5716 : 125;
5717 : 135;
5718 : 130;
5719 : 130;
5720 : 130;
5721 : 135;
5722 : 130;
5723 : 130;
5724 : 125;
5725 : 130;
5726 : 125;
5727 : 130;
5728 : 130;
5729 : 130;
5730 : 120;
5731 : 125;
5732 : 125;
5733 : 125;
5734 : 120;
5735 : 130;
5736 : 125;
5737 : 125;
5738 : 125;
5739 : 125;
5740 : 120;
5741 : 148;
5742 : 135;
5743 : 179;
5744 : 135;
5745 : 192;
5746 : 141;
5747 : 170;
5748 : 135;
5749 : 155;
5750 : 106;
5751 : 120;
5752 : 113;
5753 : 120;
5754 : 125;
5755 : 120;
5756 : 120;
5757 : 120;
5758 : 120;
5759 : 120;
5760 : 125;
5761 : 125;
5762 : 120;
5763 : 130;
5764 : 125;
5765 : 120;
5766 : 130;
5767 : 125;
5768 : 125;
5769 : 130;
5770 : 130;
5771 : 130;
5772 : 125;
5773 : 125;
5774 : 125;
5775 : 130;
5776 : 120;
5777 : 130;
5778 : 125;
5779 : 125;
5780 : 125;
5781 : 125;
5782 : 130;
5783 : 125;
5784 : 125;
5785 : 125;
5786 : 125;
5787 : 120;
5788 : 120;
5789 : 113;
5790 : 120;
5791 : 113;
5792 : 113;
5793 : 113;
5794 : 106;
5795 : 113;
5796 : 113;
5797 : 113;
5798 : 120;
5799 : 125;
5800 : 141;
5801 : 141;
5802 : 141;
5803 : 148;
5804 : 148;
5805 : 148;
5806 : 148;
5807 : 155;
5808 : 148;
5809 : 155;
5810 : 155;
5811 : 155;
5812 : 155;
5813 : 155;
5814 : 155;
5815 : 155;
5816 : 155;
5817 : 155;
5818 : 155;
5819 : 155;
5820 : 155;
5821 : 155;
5822 : 155;
5823 : 155;
5824 : 155;
5825 : 148;
5826 : 155;
5827 : 155;
5828 : 155;
5829 : 148;
5830 : 155;
5831 : 148;
5832 : 148;
5833 : 148;
5834 : 141;
5835 : 141;
5836 : 148;
5837 : 141;
5838 : 141;
5839 : 148;
5840 : 141;
5841 : 141;
5842 : 148;
5843 : 141;
5844 : 148;
5845 : 192;
5846 : 206;
5847 : 212;
5848 : 222;
5849 : 222;
5850 : 222;
5851 : 222;
5852 : 222;
5853 : 206;
5854 : 179;
5855 : 113;
5856 : 100;
5857 : 100;
5858 : 106;
5859 : 113;
5860 : 113;
5861 : 113;
5862 : 130;
5863 : 125;
5864 : 100;
5865 : 86;
5866 : 49;
5867 : 49;
5868 : 49;
5869 : 42;
5870 : 42;
5871 : 49;
5872 : 42;
5873 : 49;
5874 : 57;
5875 : 57;
5876 : 57;
5877 : 57;
5878 : 57;
5879 : 49;
5880 : 49;
5881 : 57;
5882 : 49;
5883 : 42;
5884 : 42;
5885 : 49;
5886 : 49;
5887 : 42;
5888 : 162;
5889 : 162;
5890 : 162;
5891 : 155;
5892 : 162;
5893 : 162;
5894 : 162;
5895 : 170;
5896 : 170;
5897 : 162;
5898 : 155;
5899 : 155;
5900 : 148;
5901 : 155;
5902 : 148;
5903 : 148;
5904 : 148;
5905 : 155;
5906 : 162;
5907 : 162;
5908 : 162;
5909 : 162;
5910 : 162;
5911 : 162;
5912 : 162;
5913 : 162;
5914 : 155;
5915 : 155;
5916 : 141;
5917 : 130;
5918 : 125;
5919 : 100;
5920 : 86;
5921 : 77;
5922 : 86;
5923 : 86;
5924 : 100;
5925 : 100;
5926 : 100;
5927 : 106;
5928 : 106;
5929 : 100;
5930 : 113;
5931 : 106;
5932 : 100;
5933 : 100;
5934 : 100;
5935 : 106;
5936 : 100;
5937 : 100;
5938 : 106;
5939 : 106;
5940 : 106;
5941 : 113;
5942 : 113;
5943 : 113;
5944 : 120;
5945 : 120;
5946 : 120;
5947 : 125;
5948 : 125;
5949 : 120;
5950 : 120;
5951 : 125;
5952 : 125;
5953 : 125;
5954 : 125;
5955 : 130;
5956 : 125;
5957 : 125;
5958 : 125;
5959 : 125;
5960 : 120;
5961 : 125;
5962 : 125;
5963 : 130;
5964 : 125;
5965 : 125;
5966 : 130;
5967 : 130;
5968 : 125;
5969 : 130;
5970 : 125;
5971 : 130;
5972 : 125;
5973 : 130;
5974 : 130;
5975 : 130;
5976 : 130;
5977 : 130;
5978 : 125;
5979 : 130;
5980 : 125;
5981 : 125;
5982 : 125;
5983 : 125;
5984 : 125;
5985 : 130;
5986 : 130;
5987 : 125;
5988 : 125;
5989 : 130;
5990 : 141;
5991 : 130;
5992 : 155;
5993 : 141;
5994 : 141;
5995 : 141;
5996 : 155;
5997 : 155;
5998 : 179;
5999 : 162;
6000 : 179;
6001 : 170;
6002 : 179;
6003 : 170;
6004 : 192;
6005 : 179;
6006 : 192;
6007 : 179;
6008 : 170;
6009 : 141;
6010 : 120;
6011 : 113;
6012 : 113;
6013 : 113;
6014 : 120;
6015 : 113;
6016 : 120;
6017 : 125;
6018 : 120;
6019 : 125;
6020 : 125;
6021 : 125;
6022 : 125;
6023 : 130;
6024 : 130;
6025 : 130;
6026 : 130;
6027 : 130;
6028 : 130;
6029 : 130;
6030 : 130;
6031 : 125;
6032 : 125;
6033 : 125;
6034 : 125;
6035 : 125;
6036 : 125;
6037 : 120;
6038 : 125;
6039 : 125;
6040 : 120;
6041 : 125;
6042 : 120;
6043 : 120;
6044 : 120;
6045 : 120;
6046 : 113;
6047 : 120;
6048 : 113;
6049 : 106;
6050 : 106;
6051 : 100;
6052 : 113;
6053 : 113;
6054 : 120;
6055 : 130;
6056 : 135;
6057 : 141;
6058 : 148;
6059 : 148;
6060 : 141;
6061 : 141;
6062 : 148;
6063 : 148;
6064 : 148;
6065 : 148;
6066 : 155;
6067 : 155;
6068 : 155;
6069 : 155;
6070 : 155;
6071 : 155;
6072 : 155;
6073 : 155;
6074 : 155;
6075 : 148;
6076 : 155;
6077 : 155;
6078 : 155;
6079 : 155;
6080 : 155;
6081 : 155;
6082 : 148;
6083 : 148;
6084 : 155;
6085 : 148;
6086 : 148;
6087 : 141;
6088 : 148;
6089 : 148;
6090 : 141;
6091 : 148;
6092 : 148;
6093 : 141;
6094 : 148;
6095 : 141;
6096 : 135;
6097 : 148;
6098 : 141;
6099 : 141;
6100 : 141;
6101 : 170;
6102 : 200;
6103 : 212;
6104 : 212;
6105 : 222;
6106 : 222;
6107 : 222;
6108 : 222;
6109 : 222;
6110 : 206;
6111 : 162;
6112 : 113;
6113 : 125;
6114 : 113;
6115 : 113;
6116 : 113;
6117 : 125;
6118 : 125;
6119 : 106;
6120 : 57;
6121 : 42;
6122 : 42;
6123 : 42;
6124 : 49;
6125 : 49;
6126 : 42;
6127 : 49;
6128 : 49;
6129 : 49;
6130 : 57;
6131 : 57;
6132 : 68;
6133 : 57;
6134 : 57;
6135 : 49;
6136 : 49;
6137 : 49;
6138 : 42;
6139 : 42;
6140 : 49;
6141 : 42;
6142 : 49;
6143 : 42;
6144 : 162;
6145 : 162;
6146 : 162;
6147 : 155;
6148 : 155;
6149 : 162;
6150 : 170;
6151 : 170;
6152 : 170;
6153 : 155;
6154 : 155;
6155 : 155;
6156 : 148;
6157 : 148;
6158 : 148;
6159 : 148;
6160 : 155;
6161 : 155;
6162 : 162;
6163 : 162;
6164 : 162;
6165 : 155;
6166 : 162;
6167 : 162;
6168 : 162;
6169 : 162;
6170 : 155;
6171 : 155;
6172 : 141;
6173 : 135;
6174 : 120;
6175 : 100;
6176 : 94;
6177 : 86;
6178 : 86;
6179 : 94;
6180 : 94;
6181 : 106;
6182 : 100;
6183 : 100;
6184 : 100;
6185 : 100;
6186 : 100;
6187 : 106;
6188 : 106;
6189 : 100;
6190 : 106;
6191 : 100;
6192 : 100;
6193 : 100;
6194 : 106;
6195 : 106;
6196 : 113;
6197 : 113;
6198 : 113;
6199 : 113;
6200 : 120;
6201 : 120;
6202 : 120;
6203 : 113;
6204 : 120;
6205 : 125;
6206 : 130;
6207 : 125;
6208 : 130;
6209 : 120;
6210 : 125;
6211 : 130;
6212 : 125;
6213 : 125;
6214 : 130;
6215 : 125;
6216 : 125;
6217 : 125;
6218 : 125;
6219 : 130;
6220 : 130;
6221 : 130;
6222 : 125;
6223 : 130;
6224 : 125;
6225 : 125;
6226 : 130;
6227 : 130;
6228 : 125;
6229 : 125;
6230 : 130;
6231 : 130;
6232 : 130;
6233 : 130;
6234 : 130;
6235 : 125;
6236 : 130;
6237 : 130;
6238 : 125;
6239 : 120;
6240 : 130;
6241 : 130;
6242 : 148;
6243 : 141;
6244 : 141;
6245 : 155;
6246 : 148;
6247 : 148;
6248 : 148;
6249 : 148;
6250 : 155;
6251 : 155;
6252 : 179;
6253 : 148;
6254 : 170;
6255 : 170;
6256 : 179;
6257 : 162;
6258 : 179;
6259 : 179;
6260 : 179;
6261 : 179;
6262 : 179;
6263 : 192;
6264 : 179;
6265 : 179;
6266 : 200;
6267 : 179;
6268 : 162;
6269 : 113;
6270 : 120;
6271 : 120;
6272 : 113;
6273 : 120;
6274 : 120;
6275 : 120;
6276 : 125;
6277 : 125;
6278 : 125;
6279 : 125;
6280 : 125;
6281 : 130;
6282 : 130;
6283 : 130;
6284 : 130;
6285 : 130;
6286 : 120;
6287 : 120;
6288 : 130;
6289 : 130;
6290 : 125;
6291 : 125;
6292 : 125;
6293 : 130;
6294 : 125;
6295 : 125;
6296 : 125;
6297 : 125;
6298 : 113;
6299 : 120;
6300 : 120;
6301 : 120;
6302 : 106;
6303 : 113;
6304 : 113;
6305 : 113;
6306 : 106;
6307 : 106;
6308 : 106;
6309 : 113;
6310 : 120;
6311 : 135;
6312 : 135;
6313 : 141;
6314 : 141;
6315 : 148;
6316 : 141;
6317 : 141;
6318 : 148;
6319 : 148;
6320 : 155;
6321 : 148;
6322 : 155;
6323 : 155;
6324 : 148;
6325 : 155;
6326 : 155;
6327 : 155;
6328 : 148;
6329 : 155;
6330 : 148;
6331 : 155;
6332 : 148;
6333 : 148;
6334 : 155;
6335 : 155;
6336 : 155;
6337 : 148;
6338 : 148;
6339 : 155;
6340 : 148;
6341 : 148;
6342 : 148;
6343 : 148;
6344 : 148;
6345 : 141;
6346 : 141;
6347 : 141;
6348 : 148;
6349 : 141;
6350 : 135;
6351 : 141;
6352 : 141;
6353 : 141;
6354 : 141;
6355 : 141;
6356 : 141;
6357 : 148;
6358 : 179;
6359 : 200;
6360 : 212;
6361 : 212;
6362 : 222;
6363 : 222;
6364 : 222;
6365 : 222;
6366 : 212;
6367 : 192;
6368 : 130;
6369 : 113;
6370 : 106;
6371 : 120;
6372 : 120;
6373 : 125;
6374 : 106;
6375 : 77;
6376 : 42;
6377 : 42;
6378 : 42;
6379 : 42;
6380 : 42;
6381 : 42;
6382 : 42;
6383 : 49;
6384 : 49;
6385 : 57;
6386 : 49;
6387 : 68;
6388 : 68;
6389 : 57;
6390 : 57;
6391 : 57;
6392 : 42;
6393 : 34;
6394 : 42;
6395 : 42;
6396 : 49;
6397 : 49;
6398 : 49;
6399 : 42;
6400 : 162;
6401 : 162;
6402 : 155;
6403 : 162;
6404 : 162;
6405 : 162;
6406 : 170;
6407 : 170;
6408 : 170;
6409 : 162;
6410 : 155;
6411 : 141;
6412 : 141;
6413 : 141;
6414 : 135;
6415 : 141;
6416 : 148;
6417 : 162;
6418 : 162;
6419 : 162;
6420 : 162;
6421 : 162;
6422 : 162;
6423 : 162;
6424 : 162;
6425 : 162;
6426 : 155;
6427 : 155;
6428 : 141;
6429 : 135;
6430 : 113;
6431 : 100;
6432 : 86;
6433 : 86;
6434 : 86;
6435 : 86;
6436 : 94;
6437 : 86;
6438 : 100;
6439 : 100;
6440 : 106;
6441 : 100;
6442 : 106;
6443 : 106;
6444 : 100;
6445 : 100;
6446 : 106;
6447 : 106;
6448 : 113;
6449 : 100;
6450 : 106;
6451 : 113;
6452 : 113;
6453 : 113;
6454 : 113;
6455 : 120;
6456 : 113;
6457 : 120;
6458 : 113;
6459 : 125;
6460 : 113;
6461 : 120;
6462 : 125;
6463 : 125;
6464 : 125;
6465 : 125;
6466 : 130;
6467 : 125;
6468 : 125;
6469 : 125;
6470 : 125;
6471 : 120;
6472 : 125;
6473 : 141;
6474 : 130;
6475 : 130;
6476 : 130;
6477 : 130;
6478 : 130;
6479 : 125;
6480 : 135;
6481 : 130;
6482 : 125;
6483 : 125;
6484 : 130;
6485 : 130;
6486 : 125;
6487 : 135;
6488 : 130;
6489 : 130;
6490 : 130;
6491 : 125;
6492 : 125;
6493 : 130;
6494 : 125;
6495 : 130;
6496 : 141;
6497 : 148;
6498 : 148;
6499 : 148;
6500 : 148;
6501 : 155;
6502 : 148;
6503 : 148;
6504 : 148;
6505 : 148;
6506 : 170;
6507 : 170;
6508 : 162;
6509 : 162;
6510 : 170;
6511 : 170;
6512 : 179;
6513 : 192;
6514 : 179;
6515 : 179;
6516 : 170;
6517 : 179;
6518 : 170;
6519 : 179;
6520 : 179;
6521 : 192;
6522 : 192;
6523 : 179;
6524 : 192;
6525 : 192;
6526 : 179;
6527 : 135;
6528 : 130;
6529 : 113;
6530 : 113;
6531 : 120;
6532 : 120;
6533 : 120;
6534 : 120;
6535 : 120;
6536 : 125;
6537 : 130;
6538 : 135;
6539 : 130;
6540 : 125;
6541 : 125;
6542 : 125;
6543 : 125;
6544 : 130;
6545 : 120;
6546 : 125;
6547 : 130;
6548 : 120;
6549 : 130;
6550 : 130;
6551 : 120;
6552 : 120;
6553 : 113;
6554 : 113;
6555 : 120;
6556 : 113;
6557 : 113;
6558 : 113;
6559 : 106;
6560 : 113;
6561 : 113;
6562 : 106;
6563 : 106;
6564 : 106;
6565 : 113;
6566 : 113;
6567 : 135;
6568 : 135;
6569 : 135;
6570 : 141;
6571 : 148;
6572 : 141;
6573 : 148;
6574 : 148;
6575 : 141;
6576 : 148;
6577 : 148;
6578 : 148;
6579 : 148;
6580 : 155;
6581 : 155;
6582 : 155;
6583 : 155;
6584 : 148;
6585 : 155;
6586 : 148;
6587 : 155;
6588 : 155;
6589 : 148;
6590 : 155;
6591 : 148;
6592 : 148;
6593 : 155;
6594 : 155;
6595 : 148;
6596 : 148;
6597 : 148;
6598 : 141;
6599 : 148;
6600 : 141;
6601 : 141;
6602 : 141;
6603 : 141;
6604 : 141;
6605 : 141;
6606 : 141;
6607 : 141;
6608 : 141;
6609 : 141;
6610 : 141;
6611 : 141;
6612 : 141;
6613 : 148;
6614 : 155;
6615 : 192;
6616 : 206;
6617 : 212;
6618 : 222;
6619 : 222;
6620 : 222;
6621 : 222;
6622 : 222;
6623 : 206;
6624 : 170;
6625 : 113;
6626 : 113;
6627 : 113;
6628 : 120;
6629 : 100;
6630 : 77;
6631 : 42;
6632 : 42;
6633 : 42;
6634 : 42;
6635 : 49;
6636 : 42;
6637 : 42;
6638 : 49;
6639 : 49;
6640 : 49;
6641 : 57;
6642 : 49;
6643 : 57;
6644 : 49;
6645 : 57;
6646 : 57;
6647 : 49;
6648 : 49;
6649 : 42;
6650 : 42;
6651 : 49;
6652 : 42;
6653 : 49;
6654 : 42;
6655 : 49;
6656 : 162;
6657 : 155;
6658 : 162;
6659 : 162;
6660 : 170;
6661 : 170;
6662 : 170;
6663 : 162;
6664 : 162;
6665 : 155;
6666 : 148;
6667 : 141;
6668 : 135;
6669 : 135;
6670 : 141;
6671 : 141;
6672 : 148;
6673 : 162;
6674 : 162;
6675 : 162;
6676 : 162;
6677 : 162;
6678 : 162;
6679 : 162;
6680 : 170;
6681 : 162;
6682 : 162;
6683 : 148;
6684 : 141;
6685 : 130;
6686 : 120;
6687 : 100;
6688 : 86;
6689 : 77;
6690 : 86;
6691 : 86;
6692 : 94;
6693 : 94;
6694 : 100;
6695 : 100;
6696 : 106;
6697 : 106;
6698 : 100;
6699 : 106;
6700 : 106;
6701 : 100;
6702 : 106;
6703 : 100;
6704 : 106;
6705 : 106;
6706 : 113;
6707 : 106;
6708 : 106;
6709 : 113;
6710 : 113;
6711 : 113;
6712 : 120;
6713 : 120;
6714 : 125;
6715 : 120;
6716 : 120;
6717 : 120;
6718 : 125;
6719 : 125;
6720 : 125;
6721 : 120;
6722 : 125;
6723 : 125;
6724 : 125;
6725 : 125;
6726 : 125;
6727 : 125;
6728 : 135;
6729 : 130;
6730 : 125;
6731 : 130;
6732 : 120;
6733 : 130;
6734 : 130;
6735 : 130;
6736 : 130;
6737 : 130;
6738 : 125;
6739 : 130;
6740 : 130;
6741 : 130;
6742 : 130;
6743 : 120;
6744 : 130;
6745 : 125;
6746 : 125;
6747 : 130;
6748 : 125;
6749 : 130;
6750 : 141;
6751 : 141;
6752 : 148;
6753 : 148;
6754 : 148;
6755 : 148;
6756 : 141;
6757 : 148;
6758 : 141;
6759 : 141;
6760 : 141;
6761 : 162;
6762 : 162;
6763 : 179;
6764 : 162;
6765 : 170;
6766 : 179;
6767 : 179;
6768 : 179;
6769 : 179;
6770 : 170;
6771 : 179;
6772 : 170;
6773 : 170;
6774 : 170;
6775 : 170;
6776 : 179;
6777 : 170;
6778 : 192;
6779 : 179;
6780 : 179;
6781 : 200;
6782 : 192;
6783 : 192;
6784 : 179;
6785 : 170;
6786 : 130;
6787 : 113;
6788 : 113;
6789 : 120;
6790 : 125;
6791 : 130;
6792 : 120;
6793 : 125;
6794 : 130;
6795 : 125;
6796 : 125;
6797 : 125;
6798 : 125;
6799 : 130;
6800 : 125;
6801 : 120;
6802 : 120;
6803 : 125;
6804 : 120;
6805 : 125;
6806 : 125;
6807 : 130;
6808 : 125;
6809 : 120;
6810 : 120;
6811 : 120;
6812 : 113;
6813 : 113;
6814 : 113;
6815 : 113;
6816 : 113;
6817 : 113;
6818 : 106;
6819 : 106;
6820 : 106;
6821 : 113;
6822 : 125;
6823 : 130;
6824 : 135;
6825 : 141;
6826 : 148;
6827 : 148;
6828 : 141;
6829 : 148;
6830 : 148;
6831 : 148;
6832 : 148;
6833 : 148;
6834 : 148;
6835 : 155;
6836 : 148;
6837 : 155;
6838 : 155;
6839 : 155;
6840 : 155;
6841 : 155;
6842 : 148;
6843 : 155;
6844 : 148;
6845 : 148;
6846 : 148;
6847 : 155;
6848 : 148;
6849 : 148;
6850 : 148;
6851 : 148;
6852 : 148;
6853 : 141;
6854 : 148;
6855 : 141;
6856 : 141;
6857 : 148;
6858 : 141;
6859 : 141;
6860 : 135;
6861 : 141;
6862 : 141;
6863 : 135;
6864 : 141;
6865 : 141;
6866 : 148;
6867 : 141;
6868 : 141;
6869 : 141;
6870 : 141;
6871 : 170;
6872 : 200;
6873 : 212;
6874 : 212;
6875 : 222;
6876 : 222;
6877 : 222;
6878 : 222;
6879 : 222;
6880 : 200;
6881 : 148;
6882 : 120;
6883 : 120;
6884 : 113;
6885 : 77;
6886 : 49;
6887 : 42;
6888 : 34;
6889 : 42;
6890 : 49;
6891 : 42;
6892 : 49;
6893 : 49;
6894 : 49;
6895 : 49;
6896 : 49;
6897 : 57;
6898 : 57;
6899 : 49;
6900 : 49;
6901 : 49;
6902 : 49;
6903 : 49;
6904 : 49;
6905 : 49;
6906 : 49;
6907 : 49;
6908 : 49;
6909 : 42;
6910 : 42;
6911 : 42;
6912 : 155;
6913 : 162;
6914 : 162;
6915 : 162;
6916 : 162;
6917 : 162;
6918 : 170;
6919 : 162;
6920 : 162;
6921 : 148;
6922 : 141;
6923 : 135;
6924 : 130;
6925 : 130;
6926 : 135;
6927 : 141;
6928 : 148;
6929 : 162;
6930 : 162;
6931 : 170;
6932 : 162;
6933 : 162;
6934 : 162;
6935 : 162;
6936 : 170;
6937 : 162;
6938 : 162;
6939 : 148;
6940 : 141;
6941 : 135;
6942 : 120;
6943 : 100;
6944 : 86;
6945 : 77;
6946 : 86;
6947 : 86;
6948 : 86;
6949 : 94;
6950 : 94;
6951 : 100;
6952 : 100;
6953 : 106;
6954 : 94;
6955 : 100;
6956 : 100;
6957 : 100;
6958 : 100;
6959 : 106;
6960 : 106;
6961 : 100;
6962 : 100;
6963 : 113;
6964 : 113;
6965 : 120;
6966 : 120;
6967 : 113;
6968 : 120;
6969 : 120;
6970 : 113;
6971 : 120;
6972 : 125;
6973 : 120;
6974 : 125;
6975 : 125;
6976 : 130;
6977 : 125;
6978 : 125;
6979 : 125;
6980 : 120;
6981 : 125;
6982 : 135;
6983 : 130;
6984 : 130;
6985 : 130;
6986 : 125;
6987 : 125;
6988 : 125;
6989 : 130;
6990 : 125;
6991 : 125;
6992 : 125;
6993 : 120;
6994 : 130;
6995 : 120;
6996 : 125;
6997 : 130;
6998 : 135;
6999 : 125;
7000 : 130;
7001 : 130;
7002 : 125;
7003 : 135;
7004 : 130;
7005 : 130;
7006 : 155;
7007 : 148;
7008 : 141;
7009 : 148;
7010 : 155;
7011 : 148;
7012 : 148;
7013 : 141;
7014 : 141;
7015 : 162;
7016 : 148;
7017 : 162;
7018 : 155;
7019 : 170;
7020 : 148;
7021 : 179;
7022 : 155;
7023 : 179;
7024 : 162;
7025 : 192;
7026 : 179;
7027 : 170;
7028 : 179;
7029 : 179;
7030 : 179;
7031 : 170;
7032 : 192;
7033 : 179;
7034 : 179;
7035 : 192;
7036 : 179;
7037 : 179;
7038 : 192;
7039 : 200;
7040 : 192;
7041 : 200;
7042 : 192;
7043 : 162;
7044 : 106;
7045 : 113;
7046 : 125;
7047 : 113;
7048 : 113;
7049 : 125;
7050 : 125;
7051 : 125;
7052 : 125;
7053 : 130;
7054 : 125;
7055 : 130;
7056 : 125;
7057 : 125;
7058 : 130;
7059 : 130;
7060 : 120;
7061 : 125;
7062 : 120;
7063 : 120;
7064 : 120;
7065 : 120;
7066 : 120;
7067 : 120;
7068 : 113;
7069 : 113;
7070 : 113;
7071 : 113;
7072 : 113;
7073 : 113;
7074 : 106;
7075 : 106;
7076 : 125;
7077 : 113;
7078 : 125;
7079 : 135;
7080 : 141;
7081 : 141;
7082 : 148;
7083 : 141;
7084 : 148;
7085 : 141;
7086 : 141;
7087 : 141;
7088 : 148;
7089 : 148;
7090 : 148;
7091 : 148;
7092 : 148;
7093 : 155;
7094 : 155;
7095 : 148;
7096 : 155;
7097 : 155;
7098 : 148;
7099 : 155;
7100 : 155;
7101 : 148;
7102 : 148;
7103 : 148;
7104 : 148;
7105 : 148;
7106 : 148;
7107 : 148;
7108 : 141;
7109 : 148;
7110 : 148;
7111 : 141;
7112 : 148;
7113 : 141;
7114 : 135;
7115 : 141;
7116 : 141;
7117 : 141;
7118 : 141;
7119 : 141;
7120 : 141;
7121 : 141;
7122 : 141;
7123 : 135;
7124 : 141;
7125 : 141;
7126 : 135;
7127 : 148;
7128 : 192;
7129 : 206;
7130 : 212;
7131 : 222;
7132 : 222;
7133 : 222;
7134 : 222;
7135 : 222;
7136 : 212;
7137 : 192;
7138 : 130;
7139 : 113;
7140 : 94;
7141 : 49;
7142 : 57;
7143 : 42;
7144 : 42;
7145 : 57;
7146 : 42;
7147 : 49;
7148 : 49;
7149 : 49;
7150 : 49;
7151 : 57;
7152 : 57;
7153 : 57;
7154 : 49;
7155 : 49;
7156 : 57;
7157 : 49;
7158 : 42;
7159 : 49;
7160 : 49;
7161 : 57;
7162 : 49;
7163 : 42;
7164 : 49;
7165 : 42;
7166 : 42;
7167 : 49;
7168 : 155;
7169 : 162;
7170 : 162;
7171 : 170;
7172 : 170;
7173 : 170;
7174 : 162;
7175 : 162;
7176 : 148;
7177 : 148;
7178 : 135;
7179 : 130;
7180 : 120;
7181 : 130;
7182 : 135;
7183 : 148;
7184 : 155;
7185 : 162;
7186 : 170;
7187 : 162;
7188 : 162;
7189 : 162;
7190 : 170;
7191 : 162;
7192 : 162;
7193 : 162;
7194 : 162;
7195 : 155;
7196 : 148;
7197 : 135;
7198 : 120;
7199 : 94;
7200 : 86;
7201 : 77;
7202 : 86;
7203 : 86;
7204 : 94;
7205 : 94;
7206 : 100;
7207 : 94;
7208 : 94;
7209 : 100;
7210 : 100;
7211 : 100;
7212 : 100;
7213 : 100;
7214 : 100;
7215 : 100;
7216 : 106;
7217 : 113;
7218 : 100;
7219 : 106;
7220 : 106;
7221 : 113;
7222 : 113;
7223 : 113;
7224 : 113;
7225 : 120;
7226 : 120;
7227 : 120;
7228 : 125;
7229 : 125;
7230 : 120;
7231 : 120;
7232 : 125;
7233 : 120;
7234 : 120;
7235 : 125;
7236 : 125;
7237 : 125;
7238 : 130;
7239 : 120;
7240 : 130;
7241 : 120;
7242 : 130;
7243 : 125;
7244 : 125;
7245 : 125;
7246 : 135;
7247 : 125;
7248 : 130;
7249 : 120;
7250 : 125;
7251 : 120;
7252 : 125;
7253 : 130;
7254 : 135;
7255 : 148;
7256 : 141;
7257 : 141;
7258 : 130;
7259 : 120;
7260 : 130;
7261 : 141;
7262 : 148;
7263 : 141;
7264 : 148;
7265 : 148;
7266 : 135;
7267 : 141;
7268 : 141;
7269 : 135;
7270 : 162;
7271 : 148;
7272 : 148;
7273 : 148;
7274 : 155;
7275 : 162;
7276 : 162;
7277 : 148;
7278 : 162;
7279 : 162;
7280 : 170;
7281 : 170;
7282 : 179;
7283 : 170;
7284 : 179;
7285 : 162;
7286 : 192;
7287 : 179;
7288 : 162;
7289 : 192;
7290 : 179;
7291 : 179;
7292 : 192;
7293 : 192;
7294 : 179;
7295 : 192;
7296 : 200;
7297 : 200;
7298 : 192;
7299 : 200;
7300 : 179;
7301 : 120;
7302 : 113;
7303 : 106;
7304 : 113;
7305 : 125;
7306 : 125;
7307 : 120;
7308 : 130;
7309 : 130;
7310 : 125;
7311 : 125;
7312 : 125;
7313 : 125;
7314 : 130;
7315 : 125;
7316 : 125;
7317 : 125;
7318 : 120;
7319 : 125;
7320 : 120;
7321 : 113;
7322 : 113;
7323 : 113;
7324 : 113;
7325 : 113;
7326 : 113;
7327 : 113;
7328 : 120;
7329 : 106;
7330 : 113;
7331 : 106;
7332 : 113;
7333 : 113;
7334 : 120;
7335 : 130;
7336 : 135;
7337 : 141;
7338 : 141;
7339 : 148;
7340 : 148;
7341 : 141;
7342 : 148;
7343 : 148;
7344 : 141;
7345 : 148;
7346 : 155;
7347 : 148;
7348 : 155;
7349 : 148;
7350 : 148;
7351 : 148;
7352 : 148;
7353 : 148;
7354 : 148;
7355 : 148;
7356 : 148;
7357 : 148;
7358 : 141;
7359 : 148;
7360 : 141;
7361 : 148;
7362 : 148;
7363 : 141;
7364 : 148;
7365 : 141;
7366 : 141;
7367 : 141;
7368 : 141;
7369 : 141;
7370 : 141;
7371 : 135;
7372 : 135;
7373 : 141;
7374 : 135;
7375 : 141;
7376 : 135;
7377 : 141;
7378 : 141;
7379 : 141;
7380 : 141;
7381 : 141;
7382 : 141;
7383 : 135;
7384 : 162;
7385 : 200;
7386 : 212;
7387 : 222;
7388 : 222;
7389 : 222;
7390 : 222;
7391 : 222;
7392 : 222;
7393 : 212;
7394 : 170;
7395 : 86;
7396 : 49;
7397 : 42;
7398 : 34;
7399 : 42;
7400 : 42;
7401 : 49;
7402 : 49;
7403 : 49;
7404 : 57;
7405 : 57;
7406 : 57;
7407 : 49;
7408 : 57;
7409 : 49;
7410 : 49;
7411 : 57;
7412 : 49;
7413 : 49;
7414 : 49;
7415 : 57;
7416 : 57;
7417 : 49;
7418 : 49;
7419 : 42;
7420 : 42;
7421 : 42;
7422 : 49;
7423 : 49;
7424 : 162;
7425 : 162;
7426 : 170;
7427 : 170;
7428 : 179;
7429 : 170;
7430 : 155;
7431 : 155;
7432 : 148;
7433 : 141;
7434 : 125;
7435 : 113;
7436 : 113;
7437 : 120;
7438 : 141;
7439 : 148;
7440 : 155;
7441 : 162;
7442 : 162;
7443 : 162;
7444 : 170;
7445 : 162;
7446 : 162;
7447 : 162;
7448 : 170;
7449 : 162;
7450 : 155;
7451 : 148;
7452 : 148;
7453 : 135;
7454 : 113;
7455 : 100;
7456 : 86;
7457 : 77;
7458 : 77;
7459 : 86;
7460 : 100;
7461 : 100;
7462 : 100;
7463 : 94;
7464 : 94;
7465 : 100;
7466 : 100;
7467 : 106;
7468 : 100;
7469 : 100;
7470 : 100;
7471 : 100;
7472 : 100;
7473 : 106;
7474 : 106;
7475 : 106;
7476 : 106;
7477 : 113;
7478 : 113;
7479 : 113;
7480 : 120;
7481 : 113;
7482 : 113;
7483 : 120;
7484 : 120;
7485 : 120;
7486 : 120;
7487 : 120;
7488 : 125;
7489 : 125;
7490 : 120;
7491 : 120;
7492 : 120;
7493 : 125;
7494 : 125;
7495 : 125;
7496 : 125;
7497 : 130;
7498 : 125;
7499 : 130;
7500 : 130;
7501 : 130;
7502 : 125;
7503 : 120;
7504 : 120;
7505 : 130;
7506 : 141;
7507 : 125;
7508 : 162;
7509 : 162;
7510 : 148;
7511 : 148;
7512 : 130;
7513 : 125;
7514 : 113;
7515 : 120;
7516 : 135;
7517 : 135;
7518 : 135;
7519 : 135;
7520 : 141;
7521 : 135;
7522 : 135;
7523 : 141;
7524 : 148;
7525 : 148;
7526 : 141;
7527 : 155;
7528 : 148;
7529 : 141;
7530 : 170;
7531 : 148;
7532 : 170;
7533 : 162;
7534 : 179;
7535 : 155;
7536 : 170;
7537 : 170;
7538 : 170;
7539 : 162;
7540 : 170;
7541 : 179;
7542 : 170;
7543 : 179;
7544 : 179;
7545 : 179;
7546 : 192;
7547 : 192;
7548 : 179;
7549 : 192;
7550 : 200;
7551 : 179;
7552 : 192;
7553 : 200;
7554 : 200;
7555 : 192;
7556 : 200;
7557 : 200;
7558 : 155;
7559 : 106;
7560 : 106;
7561 : 120;
7562 : 120;
7563 : 120;
7564 : 120;
7565 : 120;
7566 : 125;
7567 : 120;
7568 : 120;
7569 : 120;
7570 : 125;
7571 : 120;
7572 : 120;
7573 : 125;
7574 : 120;
7575 : 120;
7576 : 113;
7577 : 113;
7578 : 120;
7579 : 120;
7580 : 113;
7581 : 113;
7582 : 113;
7583 : 113;
7584 : 106;
7585 : 106;
7586 : 100;
7587 : 106;
7588 : 113;
7589 : 113;
7590 : 113;
7591 : 130;
7592 : 135;
7593 : 141;
7594 : 141;
7595 : 148;
7596 : 148;
7597 : 148;
7598 : 148;
7599 : 141;
7600 : 148;
7601 : 141;
7602 : 148;
7603 : 148;
7604 : 148;
7605 : 148;
7606 : 155;
7607 : 155;
7608 : 155;
7609 : 148;
7610 : 148;
7611 : 148;
7612 : 141;
7613 : 141;
7614 : 148;
7615 : 148;
7616 : 141;
7617 : 148;
7618 : 148;
7619 : 141;
7620 : 148;
7621 : 148;
7622 : 141;
7623 : 141;
7624 : 141;
7625 : 141;
7626 : 141;
7627 : 141;
7628 : 141;
7629 : 141;
7630 : 141;
7631 : 141;
7632 : 135;
7633 : 141;
7634 : 141;
7635 : 141;
7636 : 141;
7637 : 148;
7638 : 141;
7639 : 135;
7640 : 141;
7641 : 179;
7642 : 206;
7643 : 212;
7644 : 222;
7645 : 222;
7646 : 222;
7647 : 222;
7648 : 222;
7649 : 222;
7650 : 200;
7651 : 57;
7652 : 42;
7653 : 42;
7654 : 42;
7655 : 42;
7656 : 42;
7657 : 49;
7658 : 49;
7659 : 49;
7660 : 57;
7661 : 49;
7662 : 57;
7663 : 49;
7664 : 57;
7665 : 49;
7666 : 49;
7667 : 42;
7668 : 49;
7669 : 42;
7670 : 49;
7671 : 49;
7672 : 49;
7673 : 42;
7674 : 49;
7675 : 49;
7676 : 49;
7677 : 42;
7678 : 49;
7679 : 49;
7680 : 162;
7681 : 162;
7682 : 170;
7683 : 170;
7684 : 170;
7685 : 162;
7686 : 162;
7687 : 155;
7688 : 148;
7689 : 135;
7690 : 120;
7691 : 106;
7692 : 100;
7693 : 113;
7694 : 135;
7695 : 148;
7696 : 155;
7697 : 162;
7698 : 170;
7699 : 162;
7700 : 162;
7701 : 170;
7702 : 162;
7703 : 170;
7704 : 162;
7705 : 162;
7706 : 162;
7707 : 155;
7708 : 148;
7709 : 141;
7710 : 120;
7711 : 94;
7712 : 86;
7713 : 86;
7714 : 77;
7715 : 86;
7716 : 77;
7717 : 86;
7718 : 94;
7719 : 100;
7720 : 100;
7721 : 106;
7722 : 94;
7723 : 100;
7724 : 100;
7725 : 106;
7726 : 100;
7727 : 106;
7728 : 106;
7729 : 100;
7730 : 106;
7731 : 106;
7732 : 113;
7733 : 113;
7734 : 106;
7735 : 113;
7736 : 113;
7737 : 113;
7738 : 125;
7739 : 120;
7740 : 125;
7741 : 120;
7742 : 120;
7743 : 120;
7744 : 120;
7745 : 125;
7746 : 125;
7747 : 125;
7748 : 120;
7749 : 120;
7750 : 130;
7751 : 125;
7752 : 125;
7753 : 125;
7754 : 125;
7755 : 130;
7756 : 135;
7757 : 125;
7758 : 125;
7759 : 130;
7760 : 120;
7761 : 148;
7762 : 179;
7763 : 141;
7764 : 148;
7765 : 141;
7766 : 135;
7767 : 135;
7768 : 125;
7769 : 120;
7770 : 125;
7771 : 120;
7772 : 125;
7773 : 135;
7774 : 135;
7775 : 141;
7776 : 130;
7777 : 120;
7778 : 130;
7779 : 141;
7780 : 148;
7781 : 135;
7782 : 125;
7783 : 155;
7784 : 141;
7785 : 148;
7786 : 148;
7787 : 155;
7788 : 162;
7789 : 170;
7790 : 148;
7791 : 162;
7792 : 179;
7793 : 162;
7794 : 162;
7795 : 179;
7796 : 170;
7797 : 179;
7798 : 179;
7799 : 170;
7800 : 179;
7801 : 192;
7802 : 179;
7803 : 192;
7804 : 192;
7805 : 179;
7806 : 192;
7807 : 192;
7808 : 192;
7809 : 192;
7810 : 192;
7811 : 200;
7812 : 192;
7813 : 200;
7814 : 200;
7815 : 192;
7816 : 125;
7817 : 113;
7818 : 113;
7819 : 113;
7820 : 113;
7821 : 113;
7822 : 120;
7823 : 120;
7824 : 120;
7825 : 120;
7826 : 120;
7827 : 120;
7828 : 120;
7829 : 120;
7830 : 120;
7831 : 120;
7832 : 120;
7833 : 120;
7834 : 113;
7835 : 113;
7836 : 113;
7837 : 113;
7838 : 113;
7839 : 106;
7840 : 113;
7841 : 106;
7842 : 106;
7843 : 100;
7844 : 106;
7845 : 113;
7846 : 113;
7847 : 130;
7848 : 135;
7849 : 141;
7850 : 148;
7851 : 148;
7852 : 148;
7853 : 141;
7854 : 148;
7855 : 148;
7856 : 141;
7857 : 148;
7858 : 148;
7859 : 148;
7860 : 141;
7861 : 148;
7862 : 148;
7863 : 148;
7864 : 148;
7865 : 155;
7866 : 155;
7867 : 148;
7868 : 148;
7869 : 141;
7870 : 141;
7871 : 141;
7872 : 141;
7873 : 148;
7874 : 141;
7875 : 148;
7876 : 141;
7877 : 148;
7878 : 148;
7879 : 141;
7880 : 141;
7881 : 141;
7882 : 141;
7883 : 141;
7884 : 141;
7885 : 141;
7886 : 141;
7887 : 141;
7888 : 141;
7889 : 141;
7890 : 141;
7891 : 148;
7892 : 141;
7893 : 141;
7894 : 141;
7895 : 135;
7896 : 135;
7897 : 141;
7898 : 192;
7899 : 206;
7900 : 212;
7901 : 222;
7902 : 222;
7903 : 222;
7904 : 222;
7905 : 222;
7906 : 212;
7907 : 34;
7908 : 34;
7909 : 42;
7910 : 42;
7911 : 49;
7912 : 42;
7913 : 49;
7914 : 42;
7915 : 49;
7916 : 57;
7917 : 57;
7918 : 57;
7919 : 57;
7920 : 57;
7921 : 57;
7922 : 49;
7923 : 42;
7924 : 42;
7925 : 49;
7926 : 49;
7927 : 57;
7928 : 49;
7929 : 42;
7930 : 42;
7931 : 49;
7932 : 42;
7933 : 42;
7934 : 57;
7935 : 49;
7936 : 162;
7937 : 162;
7938 : 170;
7939 : 179;
7940 : 170;
7941 : 162;
7942 : 155;
7943 : 148;
7944 : 141;
7945 : 120;
7946 : 106;
7947 : 86;
7948 : 106;
7949 : 125;
7950 : 135;
7951 : 148;
7952 : 155;
7953 : 162;
7954 : 170;
7955 : 162;
7956 : 162;
7957 : 162;
7958 : 170;
7959 : 162;
7960 : 162;
7961 : 170;
7962 : 155;
7963 : 155;
7964 : 148;
7965 : 135;
7966 : 113;
7967 : 100;
7968 : 86;
7969 : 77;
7970 : 77;
7971 : 86;
7972 : 86;
7973 : 86;
7974 : 86;
7975 : 94;
7976 : 94;
7977 : 94;
7978 : 100;
7979 : 100;
7980 : 94;
7981 : 94;
7982 : 100;
7983 : 100;
7984 : 106;
7985 : 100;
7986 : 100;
7987 : 100;
7988 : 106;
7989 : 106;
7990 : 113;
7991 : 113;
7992 : 120;
7993 : 113;
7994 : 113;
7995 : 120;
7996 : 120;
7997 : 130;
7998 : 120;
7999 : 120;
8000 : 125;
8001 : 120;
8002 : 120;
8003 : 120;
8004 : 125;
8005 : 120;
8006 : 125;
8007 : 130;
8008 : 130;
8009 : 125;
8010 : 125;
8011 : 120;
8012 : 125;
8013 : 120;
8014 : 125;
8015 : 192;
8016 : 120;
8017 : 130;
8018 : 125;
8019 : 135;
8020 : 130;
8021 : 125;
8022 : 120;
8023 : 130;
8024 : 125;
8025 : 125;
8026 : 125;
8027 : 125;
8028 : 125;
8029 : 130;
8030 : 135;
8031 : 130;
8032 : 141;
8033 : 130;
8034 : 135;
8035 : 130;
8036 : 141;
8037 : 130;
8038 : 130;
8039 : 148;
8040 : 135;
8041 : 162;
8042 : 148;
8043 : 162;
8044 : 155;
8045 : 162;
8046 : 162;
8047 : 148;
8048 : 179;
8049 : 170;
8050 : 162;
8051 : 179;
8052 : 179;
8053 : 179;
8054 : 179;
8055 : 192;
8056 : 179;
8057 : 192;
8058 : 192;
8059 : 170;
8060 : 179;
8061 : 192;
8062 : 179;
8063 : 179;
8064 : 192;
8065 : 200;
8066 : 192;
8067 : 192;
8068 : 200;
8069 : 200;
8070 : 192;
8071 : 200;
8072 : 206;
8073 : 135;
8074 : 106;
8075 : 106;
8076 : 113;
8077 : 113;
8078 : 120;
8079 : 113;
8080 : 113;
8081 : 120;
8082 : 125;
8083 : 120;
8084 : 125;
8085 : 120;
8086 : 125;
8087 : 120;
8088 : 120;
8089 : 113;
8090 : 120;
8091 : 113;
8092 : 106;
8093 : 113;
8094 : 113;
8095 : 106;
8096 : 106;
8097 : 106;
8098 : 106;
8099 : 100;
8100 : 106;
8101 : 113;
8102 : 120;
8103 : 130;
8104 : 141;
8105 : 141;
8106 : 148;
8107 : 148;
8108 : 148;
8109 : 141;
8110 : 148;
8111 : 141;
8112 : 148;
8113 : 148;
8114 : 148;
8115 : 148;
8116 : 148;
8117 : 141;
8118 : 148;
8119 : 155;
8120 : 148;
8121 : 148;
8122 : 148;
8123 : 148;
8124 : 148;
8125 : 148;
8126 : 141;
8127 : 141;
8128 : 141;
8129 : 141;
8130 : 148;
8131 : 141;
8132 : 141;
8133 : 141;
8134 : 141;
8135 : 148;
8136 : 141;
8137 : 148;
8138 : 148;
8139 : 141;
8140 : 141;
8141 : 141;
8142 : 141;
8143 : 141;
8144 : 135;
8145 : 141;
8146 : 141;
8147 : 141;
8148 : 141;
8149 : 141;
8150 : 141;
8151 : 141;
8152 : 141;
8153 : 148;
8154 : 179;
8155 : 200;
8156 : 212;
8157 : 222;
8158 : 222;
8159 : 222;
8160 : 222;
8161 : 212;
8162 : 86;
8163 : 42;
8164 : 34;
8165 : 42;
8166 : 42;
8167 : 42;
8168 : 42;
8169 : 49;
8170 : 49;
8171 : 57;
8172 : 49;
8173 : 57;
8174 : 57;
8175 : 57;
8176 : 57;
8177 : 42;
8178 : 42;
8179 : 49;
8180 : 42;
8181 : 49;
8182 : 57;
8183 : 49;
8184 : 42;
8185 : 42;
8186 : 49;
8187 : 42;
8188 : 49;
8189 : 49;
8190 : 57;
8191 : 49;
8192 : 162;
8193 : 179;
8194 : 170;
8195 : 170;
8196 : 170;
8197 : 162;
8198 : 148;
8199 : 148;
8200 : 130;
8201 : 106;
8202 : 94;
8203 : 77;
8204 : 100;
8205 : 120;
8206 : 135;
8207 : 148;
8208 : 155;
8209 : 162;
8210 : 162;
8211 : 162;
8212 : 170;
8213 : 170;
8214 : 162;
8215 : 162;
8216 : 170;
8217 : 162;
8218 : 162;
8219 : 155;
8220 : 141;
8221 : 130;
8222 : 113;
8223 : 94;
8224 : 77;
8225 : 77;
8226 : 77;
8227 : 86;
8228 : 86;
8229 : 86;
8230 : 86;
8231 : 100;
8232 : 94;
8233 : 94;
8234 : 94;
8235 : 100;
8236 : 94;
8237 : 100;
8238 : 100;
8239 : 94;
8240 : 106;
8241 : 100;
8242 : 106;
8243 : 106;
8244 : 100;
8245 : 113;
8246 : 106;
8247 : 113;
8248 : 113;
8249 : 120;
8250 : 113;
8251 : 120;
8252 : 120;
8253 : 113;
8254 : 120;
8255 : 113;
8256 : 125;
8257 : 120;
8258 : 120;
8259 : 120;
8260 : 125;
8261 : 125;
8262 : 130;
8263 : 125;
8264 : 130;
8265 : 120;
8266 : 125;
8267 : 120;
8268 : 120;
8269 : 125;
8270 : 148;
8271 : 148;
8272 : 100;
8273 : 125;
8274 : 125;
8275 : 113;
8276 : 120;
8277 : 125;
8278 : 120;
8279 : 120;
8280 : 125;
8281 : 120;
8282 : 120;
8283 : 120;
8284 : 120;
8285 : 141;
8286 : 130;
8287 : 135;
8288 : 135;
8289 : 113;
8290 : 130;
8291 : 130;
8292 : 141;
8293 : 141;
8294 : 135;
8295 : 141;
8296 : 135;
8297 : 148;
8298 : 135;
8299 : 162;
8300 : 148;
8301 : 162;
8302 : 148;
8303 : 170;
8304 : 162;
8305 : 170;
8306 : 179;
8307 : 162;
8308 : 179;
8309 : 179;
8310 : 192;
8311 : 179;
8312 : 192;
8313 : 179;
8314 : 179;
8315 : 192;
8316 : 179;
8317 : 192;
8318 : 192;
8319 : 192;
8320 : 170;
8321 : 192;
8322 : 192;
8323 : 192;
8324 : 192;
8325 : 200;
8326 : 200;
8327 : 200;
8328 : 192;
8329 : 192;
8330 : 179;
8331 : 120;
8332 : 106;
8333 : 106;
8334 : 113;
8335 : 113;
8336 : 120;
8337 : 130;
8338 : 113;
8339 : 120;
8340 : 120;
8341 : 120;
8342 : 120;
8343 : 120;
8344 : 120;
8345 : 120;
8346 : 113;
8347 : 120;
8348 : 113;
8349 : 113;
8350 : 113;
8351 : 113;
8352 : 106;
8353 : 106;
8354 : 106;
8355 : 106;
8356 : 106;
8357 : 106;
8358 : 120;
8359 : 130;
8360 : 135;
8361 : 148;
8362 : 141;
8363 : 148;
8364 : 155;
8365 : 148;
8366 : 148;
8367 : 141;
8368 : 148;
8369 : 141;
8370 : 148;
8371 : 141;
8372 : 141;
8373 : 148;
8374 : 141;
8375 : 141;
8376 : 148;
8377 : 155;
8378 : 155;
8379 : 141;
8380 : 148;
8381 : 141;
8382 : 141;
8383 : 141;
8384 : 141;
8385 : 141;
8386 : 141;
8387 : 141;
8388 : 148;
8389 : 148;
8390 : 141;
8391 : 141;
8392 : 141;
8393 : 141;
8394 : 141;
8395 : 141;
8396 : 141;
8397 : 141;
8398 : 141;
8399 : 141;
8400 : 141;
8401 : 141;
8402 : 148;
8403 : 141;
8404 : 141;
8405 : 141;
8406 : 141;
8407 : 141;
8408 : 141;
8409 : 135;
8410 : 148;
8411 : 179;
8412 : 212;
8413 : 222;
8414 : 222;
8415 : 222;
8416 : 222;
8417 : 148;
8418 : 34;
8419 : 34;
8420 : 42;
8421 : 34;
8422 : 42;
8423 : 49;
8424 : 49;
8425 : 49;
8426 : 49;
8427 : 57;
8428 : 57;
8429 : 49;
8430 : 57;
8431 : 57;
8432 : 42;
8433 : 42;
8434 : 42;
8435 : 42;
8436 : 49;
8437 : 57;
8438 : 49;
8439 : 57;
8440 : 49;
8441 : 42;
8442 : 42;
8443 : 49;
8444 : 49;
8445 : 49;
8446 : 42;
8447 : 34;
8448 : 170;
8449 : 170;
8450 : 179;
8451 : 170;
8452 : 162;
8453 : 155;
8454 : 148;
8455 : 135;
8456 : 125;
8457 : 100;
8458 : 86;
8459 : 77;
8460 : 100;
8461 : 120;
8462 : 141;
8463 : 148;
8464 : 155;
8465 : 170;
8466 : 162;
8467 : 170;
8468 : 162;
8469 : 170;
8470 : 170;
8471 : 162;
8472 : 162;
8473 : 162;
8474 : 155;
8475 : 148;
8476 : 141;
8477 : 135;
8478 : 120;
8479 : 100;
8480 : 86;
8481 : 77;
8482 : 77;
8483 : 77;
8484 : 86;
8485 : 94;
8486 : 94;
8487 : 94;
8488 : 94;
8489 : 94;
8490 : 94;
8491 : 100;
8492 : 100;
8493 : 100;
8494 : 94;
8495 : 100;
8496 : 100;
8497 : 100;
8498 : 106;
8499 : 100;
8500 : 100;
8501 : 106;
8502 : 106;
8503 : 113;
8504 : 113;
8505 : 113;
8506 : 113;
8507 : 113;
8508 : 113;
8509 : 113;
8510 : 120;
8511 : 120;
8512 : 130;
8513 : 125;
8514 : 120;
8515 : 125;
8516 : 120;
8517 : 120;
8518 : 125;
8519 : 120;
8520 : 120;
8521 : 120;
8522 : 125;
8523 : 120;
8524 : 120;
8525 : 120;
8526 : 206;
8527 : 86;
8528 : 86;
8529 : 113;
8530 : 120;
8531 : 120;
8532 : 120;
8533 : 120;
8534 : 120;
8535 : 113;
8536 : 120;
8537 : 120;
8538 : 120;
8539 : 113;
8540 : 125;
8541 : 130;
8542 : 130;
8543 : 135;
8544 : 120;
8545 : 125;
8546 : 135;
8547 : 135;
8548 : 135;
8549 : 135;
8550 : 141;
8551 : 141;
8552 : 148;
8553 : 135;
8554 : 141;
8555 : 155;
8556 : 148;
8557 : 155;
8558 : 155;
8559 : 162;
8560 : 179;
8561 : 155;
8562 : 179;
8563 : 179;
8564 : 170;
8565 : 179;
8566 : 179;
8567 : 179;
8568 : 179;
8569 : 192;
8570 : 179;
8571 : 179;
8572 : 192;
8573 : 192;
8574 : 179;
8575 : 192;
8576 : 192;
8577 : 192;
8578 : 192;
8579 : 200;
8580 : 200;
8581 : 192;
8582 : 192;
8583 : 192;
8584 : 200;
8585 : 192;
8586 : 192;
8587 : 200;
8588 : 141;
8589 : 94;
8590 : 94;
8591 : 106;
8592 : 113;
8593 : 113;
8594 : 113;
8595 : 106;
8596 : 113;
8597 : 113;
8598 : 113;
8599 : 113;
8600 : 120;
8601 : 113;
8602 : 113;
8603 : 113;
8604 : 113;
8605 : 106;
8606 : 113;
8607 : 106;
8608 : 106;
8609 : 106;
8610 : 106;
8611 : 100;
8612 : 106;
8613 : 113;
8614 : 120;
8615 : 135;
8616 : 141;
8617 : 148;
8618 : 148;
8619 : 148;
8620 : 148;
8621 : 148;
8622 : 148;
8623 : 141;
8624 : 148;
8625 : 148;
8626 : 135;
8627 : 148;
8628 : 141;
8629 : 141;
8630 : 141;
8631 : 141;
8632 : 141;
8633 : 148;
8634 : 148;
8635 : 148;
8636 : 148;
8637 : 141;
8638 : 141;
8639 : 141;
8640 : 141;
8641 : 141;
8642 : 141;
8643 : 141;
8644 : 141;
8645 : 148;
8646 : 141;
8647 : 141;
8648 : 141;
8649 : 141;
8650 : 141;
8651 : 141;
8652 : 141;
8653 : 141;
8654 : 148;
8655 : 141;
8656 : 141;
8657 : 148;
8658 : 141;
8659 : 148;
8660 : 141;
8661 : 141;
8662 : 141;
8663 : 141;
8664 : 141;
8665 : 141;
8666 : 148;
8667 : 155;
8668 : 206;
8669 : 222;
8670 : 222;
8671 : 212;
8672 : 155;
8673 : 34;
8674 : 42;
8675 : 34;
8676 : 42;
8677 : 49;
8678 : 49;
8679 : 42;
8680 : 49;
8681 : 49;
8682 : 57;
8683 : 57;
8684 : 57;
8685 : 57;
8686 : 57;
8687 : 49;
8688 : 49;
8689 : 34;
8690 : 42;
8691 : 49;
8692 : 49;
8693 : 57;
8694 : 49;
8695 : 42;
8696 : 49;
8697 : 49;
8698 : 57;
8699 : 57;
8700 : 57;
8701 : 42;
8702 : 34;
8703 : 34;
8704 : 170;
8705 : 179;
8706 : 170;
8707 : 162;
8708 : 162;
8709 : 155;
8710 : 141;
8711 : 125;
8712 : 106;
8713 : 86;
8714 : 77;
8715 : 77;
8716 : 100;
8717 : 120;
8718 : 130;
8719 : 141;
8720 : 155;
8721 : 162;
8722 : 170;
8723 : 170;
8724 : 162;
8725 : 162;
8726 : 162;
8727 : 162;
8728 : 162;
8729 : 162;
8730 : 155;
8731 : 148;
8732 : 135;
8733 : 130;
8734 : 113;
8735 : 94;
8736 : 86;
8737 : 68;
8738 : 77;
8739 : 86;
8740 : 86;
8741 : 86;
8742 : 86;
8743 : 100;
8744 : 94;
8745 : 100;
8746 : 100;
8747 : 100;
8748 : 100;
8749 : 100;
8750 : 100;
8751 : 100;
8752 : 100;
8753 : 100;
8754 : 100;
8755 : 113;
8756 : 106;
8757 : 113;
8758 : 106;
8759 : 106;
8760 : 113;
8761 : 113;
8762 : 113;
8763 : 113;
8764 : 113;
8765 : 120;
8766 : 120;
8767 : 113;
8768 : 120;
8769 : 120;
8770 : 120;
8771 : 120;
8772 : 120;
8773 : 125;
8774 : 120;
8775 : 130;
8776 : 125;
8777 : 125;
8778 : 125;
8779 : 125;
8780 : 130;
8781 : 120;
8782 : 125;
8783 : 106;
8784 : 113;
8785 : 120;
8786 : 120;
8787 : 120;
8788 : 125;
8789 : 120;
8790 : 120;
8791 : 120;
8792 : 130;
8793 : 125;
8794 : 120;
8795 : 125;
8796 : 135;
8797 : 125;
8798 : 130;
8799 : 130;
8800 : 130;
8801 : 130;
8802 : 125;
8803 : 135;
8804 : 141;
8805 : 135;
8806 : 135;
8807 : 130;
8808 : 135;
8809 : 141;
8810 : 141;
8811 : 141;
8812 : 155;
8813 : 148;
8814 : 170;
8815 : 148;
8816 : 170;
8817 : 179;
8818 : 162;
8819 : 179;
8820 : 179;
8821 : 170;
8822 : 179;
8823 : 179;
8824 : 179;
8825 : 179;
8826 : 192;
8827 : 179;
8828 : 179;
8829 : 192;
8830 : 200;
8831 : 179;
8832 : 192;
8833 : 192;
8834 : 192;
8835 : 192;
8836 : 192;
8837 : 200;
8838 : 200;
8839 : 192;
8840 : 192;
8841 : 200;
8842 : 200;
8843 : 200;
8844 : 200;
8845 : 179;
8846 : 113;
8847 : 100;
8848 : 106;
8849 : 106;
8850 : 106;
8851 : 106;
8852 : 106;
8853 : 113;
8854 : 113;
8855 : 113;
8856 : 113;
8857 : 113;
8858 : 113;
8859 : 106;
8860 : 106;
8861 : 113;
8862 : 106;
8863 : 106;
8864 : 106;
8865 : 106;
8866 : 106;
8867 : 100;
8868 : 106;
8869 : 113;
8870 : 120;
8871 : 135;
8872 : 141;
8873 : 141;
8874 : 148;
8875 : 155;
8876 : 148;
8877 : 148;
8878 : 148;
8879 : 148;
8880 : 148;
8881 : 141;
8882 : 141;
8883 : 141;
8884 : 141;
8885 : 148;
8886 : 135;
8887 : 135;
8888 : 141;
8889 : 135;
8890 : 141;
8891 : 155;
8892 : 155;
8893 : 141;
8894 : 148;
8895 : 141;
8896 : 141;
8897 : 141;
8898 : 148;
8899 : 141;
8900 : 148;
8901 : 148;
8902 : 141;
8903 : 148;
8904 : 141;
8905 : 148;
8906 : 141;
8907 : 141;
8908 : 141;
8909 : 135;
8910 : 141;
8911 : 148;
8912 : 141;
8913 : 148;
8914 : 148;
8915 : 148;
8916 : 141;
8917 : 148;
8918 : 148;
8919 : 148;
8920 : 148;
8921 : 148;
8922 : 148;
8923 : 155;
8924 : 192;
8925 : 212;
8926 : 206;
8927 : 162;
8928 : 42;
8929 : 42;
8930 : 42;
8931 : 42;
8932 : 42;
8933 : 42;
8934 : 42;
8935 : 42;
8936 : 49;
8937 : 49;
8938 : 49;
8939 : 49;
8940 : 49;
8941 : 57;
8942 : 57;
8943 : 49;
8944 : 42;
8945 : 49;
8946 : 49;
8947 : 57;
8948 : 57;
8949 : 49;
8950 : 42;
8951 : 49;
8952 : 49;
8953 : 49;
8954 : 57;
8955 : 68;
8956 : 57;
8957 : 34;
8958 : 34;
8959 : 34;
8960 : 179;
8961 : 170;
8962 : 170;
8963 : 162;
8964 : 155;
8965 : 148;
8966 : 135;
8967 : 120;
8968 : 94;
8969 : 68;
8970 : 77;
8971 : 86;
8972 : 106;
8973 : 120;
8974 : 135;
8975 : 141;
8976 : 155;
8977 : 162;
8978 : 170;
8979 : 170;
8980 : 170;
8981 : 162;
8982 : 170;
8983 : 162;
8984 : 162;
8985 : 162;
8986 : 155;
8987 : 148;
8988 : 141;
8989 : 130;
8990 : 113;
8991 : 94;
8992 : 86;
8993 : 68;
8994 : 77;
8995 : 86;
8996 : 86;
8997 : 86;
8998 : 94;
8999 : 94;
9000 : 106;
9001 : 100;
9002 : 100;
9003 : 106;
9004 : 94;
9005 : 106;
9006 : 100;
9007 : 100;
9008 : 100;
9009 : 100;
9010 : 106;
9011 : 100;
9012 : 106;
9013 : 106;
9014 : 106;
9015 : 113;
9016 : 120;
9017 : 120;
9018 : 113;
9019 : 113;
9020 : 120;
9021 : 113;
9022 : 113;
9023 : 120;
9024 : 120;
9025 : 120;
9026 : 120;
9027 : 120;
9028 : 120;
9029 : 120;
9030 : 125;
9031 : 120;
9032 : 120;
9033 : 120;
9034 : 125;
9035 : 125;
9036 : 125;
9037 : 135;
9038 : 106;
9039 : 113;
9040 : 113;
9041 : 113;
9042 : 120;
9043 : 120;
9044 : 113;
9045 : 120;
9046 : 120;
9047 : 113;
9048 : 125;
9049 : 125;
9050 : 125;
9051 : 120;
9052 : 130;
9053 : 141;
9054 : 135;
9055 : 130;
9056 : 130;
9057 : 135;
9058 : 135;
9059 : 148;
9060 : 135;
9061 : 130;
9062 : 120;
9063 : 135;
9064 : 141;
9065 : 130;
9066 : 148;
9067 : 141;
9068 : 155;
9069 : 148;
9070 : 162;
9071 : 179;
9072 : 155;
9073 : 170;
9074 : 179;
9075 : 162;
9076 : 179;
9077 : 192;
9078 : 170;
9079 : 179;
9080 : 192;
9081 : 179;
9082 : 179;
9083 : 192;
9084 : 200;
9085 : 179;
9086 : 192;
9087 : 200;
9088 : 192;
9089 : 179;
9090 : 192;
9091 : 200;
9092 : 192;
9093 : 192;
9094 : 192;
9095 : 200;
9096 : 192;
9097 : 192;
9098 : 200;
9099 : 206;
9100 : 200;
9101 : 200;
9102 : 192;
9103 : 94;
9104 : 94;
9105 : 100;
9106 : 100;
9107 : 100;
9108 : 106;
9109 : 106;
9110 : 113;
9111 : 113;
9112 : 120;
9113 : 113;
9114 : 113;
9115 : 113;
9116 : 106;
9117 : 106;
9118 : 106;
9119 : 106;
9120 : 113;
9121 : 106;
9122 : 113;
9123 : 94;
9124 : 106;
9125 : 113;
9126 : 120;
9127 : 125;
9128 : 141;
9129 : 141;
9130 : 148;
9131 : 155;
9132 : 155;
9133 : 155;
9134 : 148;
9135 : 155;
9136 : 148;
9137 : 148;
9138 : 148;
9139 : 135;
9140 : 135;
9141 : 135;
9142 : 141;
9143 : 135;
9144 : 135;
9145 : 141;
9146 : 141;
9147 : 148;
9148 : 148;
9149 : 148;
9150 : 148;
9151 : 141;
9152 : 141;
9153 : 141;
9154 : 148;
9155 : 141;
9156 : 148;
9157 : 141;
9158 : 148;
9159 : 141;
9160 : 141;
9161 : 148;
9162 : 141;
9163 : 141;
9164 : 141;
9165 : 141;
9166 : 148;
9167 : 141;
9168 : 141;
9169 : 141;
9170 : 141;
9171 : 148;
9172 : 148;
9173 : 148;
9174 : 148;
9175 : 148;
9176 : 141;
9177 : 155;
9178 : 155;
9179 : 148;
9180 : 179;
9181 : 192;
9182 : 130;
9183 : 42;
9184 : 42;
9185 : 42;
9186 : 42;
9187 : 42;
9188 : 42;
9189 : 42;
9190 : 42;
9191 : 49;
9192 : 42;
9193 : 49;
9194 : 49;
9195 : 57;
9196 : 49;
9197 : 49;
9198 : 49;
9199 : 42;
9200 : 49;
9201 : 49;
9202 : 57;
9203 : 49;
9204 : 49;
9205 : 49;
9206 : 42;
9207 : 49;
9208 : 49;
9209 : 49;
9210 : 68;
9211 : 68;
9212 : 42;
9213 : 34;
9214 : 34;
9215 : 57;
9216 : 170;
9217 : 170;
9218 : 162;
9219 : 155;
9220 : 148;
9221 : 135;
9222 : 125;
9223 : 106;
9224 : 86;
9225 : 77;
9226 : 68;
9227 : 86;
9228 : 100;
9229 : 120;
9230 : 135;
9231 : 148;
9232 : 155;
9233 : 162;
9234 : 170;
9235 : 170;
9236 : 162;
9237 : 170;
9238 : 162;
9239 : 162;
9240 : 162;
9241 : 155;
9242 : 155;
9243 : 148;
9244 : 135;
9245 : 130;
9246 : 120;
9247 : 94;
9248 : 77;
9249 : 68;
9250 : 68;
9251 : 77;
9252 : 94;
9253 : 86;
9254 : 100;
9255 : 100;
9256 : 94;
9257 : 100;
9258 : 94;
9259 : 100;
9260 : 94;
9261 : 100;
9262 : 94;
9263 : 100;
9264 : 100;
9265 : 100;
9266 : 100;
9267 : 100;
9268 : 113;
9269 : 106;
9270 : 106;
9271 : 106;
9272 : 106;
9273 : 113;
9274 : 120;
9275 : 120;
9276 : 113;
9277 : 120;
9278 : 113;
9279 : 120;
9280 : 125;
9281 : 120;
9282 : 120;
9283 : 120;
9284 : 120;
9285 : 120;
9286 : 125;
9287 : 120;
9288 : 125;
9289 : 120;
9290 : 125;
9291 : 120;
9292 : 170;
9293 : 120;
9294 : 113;
9295 : 113;
9296 : 120;
9297 : 120;
9298 : 113;
9299 : 106;
9300 : 113;
9301 : 113;
9302 : 120;
9303 : 120;
9304 : 125;
9305 : 125;
9306 : 130;
9307 : 113;
9308 : 135;
9309 : 120;
9310 : 125;
9311 : 130;
9312 : 135;
9313 : 135;
9314 : 135;
9315 : 141;
9316 : 120;
9317 : 135;
9318 : 130;
9319 : 135;
9320 : 135;
9321 : 148;
9322 : 130;
9323 : 148;
9324 : 135;
9325 : 148;
9326 : 155;
9327 : 155;
9328 : 170;
9329 : 148;
9330 : 170;
9331 : 179;
9332 : 155;
9333 : 179;
9334 : 192;
9335 : 179;
9336 : 179;
9337 : 192;
9338 : 192;
9339 : 192;
9340 : 179;
9341 : 200;
9342 : 192;
9343 : 179;
9344 : 200;
9345 : 200;
9346 : 179;
9347 : 200;
9348 : 200;
9349 : 200;
9350 : 192;
9351 : 192;
9352 : 200;
9353 : 200;
9354 : 192;
9355 : 200;
9356 : 200;
9357 : 206;
9358 : 200;
9359 : 179;
9360 : 100;
9361 : 94;
9362 : 94;
9363 : 94;
9364 : 100;
9365 : 100;
9366 : 106;
9367 : 106;
9368 : 113;
9369 : 106;
9370 : 113;
9371 : 106;
9372 : 106;
9373 : 100;
9374 : 113;
9375 : 106;
9376 : 113;
9377 : 106;
9378 : 106;
9379 : 100;
9380 : 106;
9381 : 113;
9382 : 120;
9383 : 135;
9384 : 141;
9385 : 148;
9386 : 148;
9387 : 155;
9388 : 155;
9389 : 155;
9390 : 155;
9391 : 155;
9392 : 148;
9393 : 148;
9394 : 141;
9395 : 135;
9396 : 135;
9397 : 130;
9398 : 135;
9399 : 125;
9400 : 130;
9401 : 130;
9402 : 135;
9403 : 141;
9404 : 148;
9405 : 148;
9406 : 148;
9407 : 141;
9408 : 141;
9409 : 148;
9410 : 141;
9411 : 148;
9412 : 141;
9413 : 148;
9414 : 141;
9415 : 141;
9416 : 141;
9417 : 148;
9418 : 141;
9419 : 148;
9420 : 141;
9421 : 148;
9422 : 141;
9423 : 148;
9424 : 141;
9425 : 148;
9426 : 141;
9427 : 148;
9428 : 141;
9429 : 148;
9430 : 148;
9431 : 148;
9432 : 148;
9433 : 141;
9434 : 155;
9435 : 155;
9436 : 155;
9437 : 106;
9438 : 42;
9439 : 42;
9440 : 49;
9441 : 34;
9442 : 42;
9443 : 42;
9444 : 49;
9445 : 49;
9446 : 49;
9447 : 49;
9448 : 49;
9449 : 57;
9450 : 49;
9451 : 49;
9452 : 49;
9453 : 49;
9454 : 42;
9455 : 42;
9456 : 57;
9457 : 57;
9458 : 49;
9459 : 42;
9460 : 49;
9461 : 42;
9462 : 49;
9463 : 57;
9464 : 57;
9465 : 68;
9466 : 68;
9467 : 42;
9468 : 34;
9469 : 34;
9470 : 42;
9471 : 141;
9472 : 170;
9473 : 170;
9474 : 162;
9475 : 155;
9476 : 148;
9477 : 135;
9478 : 113;
9479 : 86;
9480 : 77;
9481 : 77;
9482 : 77;
9483 : 86;
9484 : 106;
9485 : 120;
9486 : 135;
9487 : 148;
9488 : 155;
9489 : 162;
9490 : 170;
9491 : 170;
9492 : 170;
9493 : 170;
9494 : 162;
9495 : 162;
9496 : 170;
9497 : 162;
9498 : 155;
9499 : 148;
9500 : 148;
9501 : 130;
9502 : 113;
9503 : 100;
9504 : 77;
9505 : 68;
9506 : 77;
9507 : 86;
9508 : 86;
9509 : 86;
9510 : 94;
9511 : 100;
9512 : 100;
9513 : 100;
9514 : 106;
9515 : 100;
9516 : 100;
9517 : 100;
9518 : 100;
9519 : 106;
9520 : 94;
9521 : 100;
9522 : 100;
9523 : 100;
9524 : 106;
9525 : 106;
9526 : 106;
9527 : 106;
9528 : 113;
9529 : 113;
9530 : 113;
9531 : 113;
9532 : 113;
9533 : 113;
9534 : 113;
9535 : 120;
9536 : 120;
9537 : 120;
9538 : 120;
9539 : 113;
9540 : 120;
9541 : 120;
9542 : 125;
9543 : 125;
9544 : 120;
9545 : 120;
9546 : 125;
9547 : 148;
9548 : 179;
9549 : 113;
9550 : 113;
9551 : 113;
9552 : 113;
9553 : 106;
9554 : 106;
9555 : 113;
9556 : 113;
9557 : 120;
9558 : 113;
9559 : 120;
9560 : 120;
9561 : 130;
9562 : 113;
9563 : 135;
9564 : 125;
9565 : 120;
9566 : 130;
9567 : 120;
9568 : 141;
9569 : 125;
9570 : 148;
9571 : 130;
9572 : 141;
9573 : 141;
9574 : 141;
9575 : 135;
9576 : 141;
9577 : 135;
9578 : 148;
9579 : 130;
9580 : 162;
9581 : 141;
9582 : 155;
9583 : 148;
9584 : 155;
9585 : 179;
9586 : 148;
9587 : 170;
9588 : 192;
9589 : 179;
9590 : 170;
9591 : 179;
9592 : 192;
9593 : 170;
9594 : 192;
9595 : 192;
9596 : 192;
9597 : 179;
9598 : 192;
9599 : 200;
9600 : 192;
9601 : 192;
9602 : 200;
9603 : 200;
9604 : 179;
9605 : 200;
9606 : 200;
9607 : 192;
9608 : 192;
9609 : 200;
9610 : 200;
9611 : 192;
9612 : 179;
9613 : 192;
9614 : 200;
9615 : 206;
9616 : 179;
9617 : 179;
9618 : 155;
9619 : 86;
9620 : 86;
9621 : 94;
9622 : 106;
9623 : 113;
9624 : 113;
9625 : 106;
9626 : 106;
9627 : 100;
9628 : 113;
9629 : 106;
9630 : 106;
9631 : 106;
9632 : 106;
9633 : 100;
9634 : 94;
9635 : 100;
9636 : 106;
9637 : 113;
9638 : 120;
9639 : 135;
9640 : 148;
9641 : 148;
9642 : 155;
9643 : 155;
9644 : 155;
9645 : 155;
9646 : 162;
9647 : 155;
9648 : 148;
9649 : 148;
9650 : 148;
9651 : 141;
9652 : 130;
9653 : 130;
9654 : 120;
9655 : 120;
9656 : 120;
9657 : 125;
9658 : 130;
9659 : 141;
9660 : 141;
9661 : 148;
9662 : 141;
9663 : 148;
9664 : 141;
9665 : 141;
9666 : 148;
9667 : 148;
9668 : 148;
9669 : 148;
9670 : 148;
9671 : 141;
9672 : 141;
9673 : 141;
9674 : 141;
9675 : 141;
9676 : 141;
9677 : 141;
9678 : 148;
9679 : 141;
9680 : 148;
9681 : 148;
9682 : 148;
9683 : 148;
9684 : 141;
9685 : 148;
9686 : 148;
9687 : 148;
9688 : 148;
9689 : 148;
9690 : 155;
9691 : 155;
9692 : 130;
9693 : 68;
9694 : 49;
9695 : 42;
9696 : 34;
9697 : 42;
9698 : 49;
9699 : 34;
9700 : 42;
9701 : 49;
9702 : 49;
9703 : 49;
9704 : 57;
9705 : 49;
9706 : 49;
9707 : 49;
9708 : 42;
9709 : 49;
9710 : 42;
9711 : 49;
9712 : 49;
9713 : 57;
9714 : 57;
9715 : 49;
9716 : 42;
9717 : 49;
9718 : 57;
9719 : 68;
9720 : 68;
9721 : 68;
9722 : 49;
9723 : 34;
9724 : 34;
9725 : 42;
9726 : 113;
9727 : 162;
9728 : 170;
9729 : 162;
9730 : 162;
9731 : 148;
9732 : 141;
9733 : 125;
9734 : 100;
9735 : 77;
9736 : 113;
9737 : 77;
9738 : 68;
9739 : 86;
9740 : 100;
9741 : 120;
9742 : 135;
9743 : 148;
9744 : 155;
9745 : 162;
9746 : 162;
9747 : 170;
9748 : 170;
9749 : 170;
9750 : 162;
9751 : 170;
9752 : 162;
9753 : 162;
9754 : 162;
9755 : 155;
9756 : 148;
9757 : 130;
9758 : 113;
9759 : 94;
9760 : 77;
9761 : 77;
9762 : 77;
9763 : 77;
9764 : 86;
9765 : 86;
9766 : 94;
9767 : 94;
9768 : 100;
9769 : 100;
9770 : 94;
9771 : 94;
9772 : 94;
9773 : 100;
9774 : 100;
9775 : 100;
9776 : 100;
9777 : 100;
9778 : 106;
9779 : 100;
9780 : 100;
9781 : 113;
9782 : 106;
9783 : 113;
9784 : 113;
9785 : 113;
9786 : 120;
9787 : 120;
9788 : 113;
9789 : 113;
9790 : 113;
9791 : 120;
9792 : 120;
9793 : 113;
9794 : 120;
9795 : 120;
9796 : 125;
9797 : 120;
9798 : 120;
9799 : 120;
9800 : 130;
9801 : 120;
9802 : 120;
9803 : 170;
9804 : 113;
9805 : 113;
9806 : 113;
9807 : 106;
9808 : 113;
9809 : 106;
9810 : 106;
9811 : 113;
9812 : 120;
9813 : 120;
9814 : 120;
9815 : 120;
9816 : 120;
9817 : 120;
9818 : 130;
9819 : 130;
9820 : 120;
9821 : 120;
9822 : 130;
9823 : 135;
9824 : 130;
9825 : 130;
9826 : 130;
9827 : 135;
9828 : 141;
9829 : 130;
9830 : 141;
9831 : 120;
9832 : 148;
9833 : 130;
9834 : 135;
9835 : 155;
9836 : 135;
9837 : 148;
9838 : 141;
9839 : 155;
9840 : 162;
9841 : 155;
9842 : 179;
9843 : 170;
9844 : 170;
9845 : 179;
9846 : 179;
9847 : 179;
9848 : 192;
9849 : 192;
9850 : 179;
9851 : 179;
9852 : 192;
9853 : 192;
9854 : 179;
9855 : 192;
9856 : 200;
9857 : 192;
9858 : 192;
9859 : 200;
9860 : 200;
9861 : 192;
9862 : 192;
9863 : 192;
9864 : 192;
9865 : 179;
9866 : 179;
9867 : 200;
9868 : 206;
9869 : 212;
9870 : 212;
9871 : 222;
9872 : 222;
9873 : 222;
9874 : 222;
9875 : 212;
9876 : 94;
9877 : 86;
9878 : 86;
9879 : 100;
9880 : 113;
9881 : 106;
9882 : 106;
9883 : 100;
9884 : 106;
9885 : 100;
9886 : 106;
9887 : 106;
9888 : 100;
9889 : 100;
9890 : 106;
9891 : 94;
9892 : 106;
9893 : 106;
9894 : 120;
9895 : 130;
9896 : 141;
9897 : 148;
9898 : 155;
9899 : 155;
9900 : 155;
9901 : 155;
9902 : 155;
9903 : 148;
9904 : 148;
9905 : 155;
9906 : 148;
9907 : 141;
9908 : 130;
9909 : 120;
9910 : 113;
9911 : 113;
9912 : 120;
9913 : 120;
9914 : 130;
9915 : 135;
9916 : 141;
9917 : 148;
9918 : 148;
9919 : 148;
9920 : 141;
9921 : 148;
9922 : 148;
9923 : 141;
9924 : 148;
9925 : 148;
9926 : 141;
9927 : 141;
9928 : 141;
9929 : 148;
9930 : 141;
9931 : 141;
9932 : 141;
9933 : 148;
9934 : 148;
9935 : 141;
9936 : 141;
9937 : 141;
9938 : 148;
9939 : 141;
9940 : 141;
9941 : 148;
9942 : 148;
9943 : 155;
9944 : 155;
9945 : 155;
9946 : 162;
9947 : 141;
9948 : 86;
9949 : 42;
9950 : 42;
9951 : 49;
9952 : 42;
9953 : 42;
9954 : 42;
9955 : 42;
9956 : 49;
9957 : 57;
9958 : 49;
9959 : 57;
9960 : 57;
9961 : 49;
9962 : 49;
9963 : 42;
9964 : 42;
9965 : 49;
9966 : 49;
9967 : 49;
9968 : 57;
9969 : 49;
9970 : 42;
9971 : 49;
9972 : 49;
9973 : 49;
9974 : 49;
9975 : 68;
9976 : 77;
9977 : 57;
9978 : 34;
9979 : 34;
9980 : 42;
9981 : 100;
9982 : 148;
9983 : 170;
9984 : 170;
9985 : 155;
9986 : 148;
9987 : 141;
9988 : 135;
9989 : 113;
9990 : 86;
9991 : 77;
9992 : 86;
9993 : 86;
9994 : 86;
9995 : 86;
9996 : 100;
9997 : 125;
9998 : 130;
9999 : 148;
10000 : 155;
10001 : 162;
10002 : 170;
10003 : 162;
10004 : 170;
10005 : 170;
10006 : 170;
10007 : 162;
10008 : 162;
10009 : 162;
10010 : 155;
10011 : 155;
10012 : 141;
10013 : 130;
10014 : 113;
10015 : 94;
10016 : 77;
10017 : 77;
10018 : 77;
10019 : 86;
10020 : 86;
10021 : 86;
10022 : 100;
10023 : 94;
10024 : 100;
10025 : 100;
10026 : 100;
10027 : 100;
10028 : 100;
10029 : 100;
10030 : 100;
10031 : 100;
10032 : 100;
10033 : 100;
10034 : 106;
10035 : 100;
10036 : 106;
10037 : 106;
10038 : 113;
10039 : 113;
10040 : 113;
10041 : 120;
10042 : 113;
10043 : 113;
10044 : 113;
10045 : 113;
10046 : 113;
10047 : 113;
10048 : 125;
10049 : 120;
10050 : 120;
10051 : 125;
10052 : 120;
10053 : 120;
10054 : 120;
10055 : 125;
10056 : 125;
10057 : 120;
10058 : 130;
10059 : 135;
10060 : 120;
10061 : 113;
10062 : 113;
10063 : 106;
10064 : 100;
10065 : 113;
10066 : 106;
10067 : 125;
10068 : 125;
10069 : 120;
10070 : 113;
10071 : 113;
10072 : 125;
10073 : 120;
10074 : 120;
10075 : 120;
10076 : 120;
10077 : 130;
10078 : 120;
10079 : 135;
10080 : 120;
10081 : 130;
10082 : 130;
10083 : 141;
10084 : 125;
10085 : 141;
10086 : 125;
10087 : 141;
10088 : 130;
10089 : 135;
10090 : 135;
10091 : 148;
10092 : 148;
10093 : 141;
10094 : 155;
10095 : 135;
10096 : 162;
10097 : 162;
10098 : 162;
10099 : 179;
10100 : 179;
10101 : 179;
10102 : 192;
10103 : 192;
10104 : 179;
10105 : 179;
10106 : 192;
10107 : 192;
10108 : 179;
10109 : 179;
10110 : 192;
10111 : 200;
10112 : 179;
10113 : 192;
10114 : 200;
10115 : 192;
10116 : 192;
10117 : 200;
10118 : 192;
10119 : 170;
10120 : 192;
10121 : 200;
10122 : 206;
10123 : 212;
10124 : 212;
10125 : 212;
10126 : 222;
10127 : 212;
10128 : 222;
10129 : 222;
10130 : 222;
10131 : 222;
10132 : 200;
10133 : 77;
10134 : 86;
10135 : 86;
10136 : 94;
10137 : 106;
10138 : 106;
10139 : 100;
10140 : 100;
10141 : 100;
10142 : 100;
10143 : 106;
10144 : 106;
10145 : 106;
10146 : 94;
10147 : 100;
10148 : 106;
10149 : 113;
10150 : 120;
10151 : 135;
10152 : 141;
10153 : 148;
10154 : 148;
10155 : 162;
10156 : 155;
10157 : 148;
10158 : 155;
10159 : 155;
10160 : 148;
10161 : 148;
10162 : 148;
10163 : 148;
10164 : 135;
10165 : 120;
10166 : 113;
10167 : 100;
10168 : 106;
10169 : 106;
10170 : 120;
10171 : 130;
10172 : 141;
10173 : 141;
10174 : 148;
10175 : 148;
10176 : 148;
10177 : 141;
10178 : 148;
10179 : 148;
10180 : 148;
10181 : 141;
10182 : 141;
10183 : 141;
10184 : 141;
10185 : 141;
10186 : 141;
10187 : 148;
10188 : 148;
10189 : 141;
10190 : 141;
10191 : 148;
10192 : 141;
10193 : 141;
10194 : 148;
10195 : 148;
10196 : 148;
10197 : 148;
10198 : 148;
10199 : 148;
10200 : 155;
10201 : 162;
10202 : 148;
10203 : 86;
10204 : 57;
10205 : 49;
10206 : 42;
10207 : 42;
10208 : 42;
10209 : 34;
10210 : 49;
10211 : 49;
10212 : 49;
10213 : 49;
10214 : 49;
10215 : 49;
10216 : 49;
10217 : 49;
10218 : 42;
10219 : 49;
10220 : 42;
10221 : 57;
10222 : 57;
10223 : 57;
10224 : 42;
10225 : 57;
10226 : 49;
10227 : 49;
10228 : 49;
10229 : 49;
10230 : 68;
10231 : 77;
10232 : 77;
10233 : 49;
10234 : 34;
10235 : 49;
10236 : 86;
10237 : 135;
10238 : 162;
10239 : 170;
10240 : 155;
10241 : 155;
10242 : 148;
10243 : 135;
10244 : 120;
10245 : 106;
10246 : 86;
10247 : 86;
10248 : 77;
10249 : 77;
10250 : 86;
10251 : 86;
10252 : 106;
10253 : 125;
10254 : 135;
10255 : 148;
10256 : 155;
10257 : 162;
10258 : 162;
10259 : 170;
10260 : 170;
10261 : 162;
10262 : 170;
10263 : 162;
10264 : 162;
10265 : 162;
10266 : 155;
10267 : 148;
10268 : 141;
10269 : 125;
10270 : 113;
10271 : 86;
10272 : 77;
10273 : 77;
10274 : 77;
10275 : 86;
10276 : 86;
10277 : 94;
10278 : 86;
10279 : 100;
10280 : 100;
10281 : 100;
10282 : 94;
10283 : 94;
10284 : 106;
10285 : 106;
10286 : 100;
10287 : 100;
10288 : 106;
10289 : 100;
10290 : 106;
10291 : 106;
10292 : 106;
10293 : 113;
10294 : 113;
10295 : 106;
10296 : 113;
10297 : 113;
10298 : 113;
10299 : 113;
10300 : 113;
10301 : 120;
10302 : 113;
10303 : 130;
10304 : 120;
10305 : 120;
10306 : 120;
10307 : 120;
10308 : 120;
10309 : 125;
10310 : 120;
10311 : 120;
10312 : 125;
10313 : 125;
10314 : 141;
10315 : 113;
10316 : 106;
10317 : 113;
10318 : 106;
10319 : 113;
10320 : 113;
10321 : 113;
10322 : 113;
10323 : 120;
10324 : 125;
10325 : 113;
10326 : 113;
10327 : 130;
10328 : 120;
10329 : 125;
10330 : 120;
10331 : 113;
10332 : 125;
10333 : 113;
10334 : 130;
10335 : 125;
10336 : 130;
10337 : 120;
10338 : 130;
10339 : 135;
10340 : 135;
10341 : 135;
10342 : 141;
10343 : 125;
10344 : 135;
10345 : 125;
10346 : 148;
10347 : 141;
10348 : 141;
10349 : 148;
10350 : 148;
10351 : 162;
10352 : 141;
10353 : 162;
10354 : 170;
10355 : 170;
10356 : 179;
10357 : 192;
10358 : 179;
10359 : 179;
10360 : 192;
10361 : 200;
10362 : 170;
10363 : 179;
10364 : 192;
10365 : 192;
10366 : 179;
10367 : 192;
10368 : 200;
10369 : 192;
10370 : 179;
10371 : 192;
10372 : 179;
10373 : 179;
10374 : 192;
10375 : 212;
10376 : 212;
10377 : 212;
10378 : 212;
10379 : 212;
10380 : 212;
10381 : 212;
10382 : 212;
10383 : 212;
10384 : 212;
10385 : 222;
10386 : 222;
10387 : 222;
10388 : 222;
10389 : 130;
10390 : 77;
10391 : 86;
10392 : 94;
10393 : 94;
10394 : 100;
10395 : 100;
10396 : 106;
10397 : 100;
10398 : 106;
10399 : 100;
10400 : 100;
10401 : 100;
10402 : 94;
10403 : 86;
10404 : 100;
10405 : 113;
10406 : 113;
10407 : 130;
10408 : 135;
10409 : 148;
10410 : 148;
10411 : 155;
10412 : 155;
10413 : 155;
10414 : 155;
10415 : 148;
10416 : 155;
10417 : 155;
10418 : 148;
10419 : 141;
10420 : 135;
10421 : 120;
10422 : 100;
10423 : 94;
10424 : 94;
10425 : 86;
10426 : 113;
10427 : 120;
10428 : 135;
10429 : 141;
10430 : 148;
10431 : 148;
10432 : 148;
10433 : 141;
10434 : 141;
10435 : 141;
10436 : 141;
10437 : 148;
10438 : 148;
10439 : 141;
10440 : 141;
10441 : 141;
10442 : 141;
10443 : 148;
10444 : 141;
10445 : 148;
10446 : 141;
10447 : 148;
10448 : 148;
10449 : 148;
10450 : 148;
10451 : 148;
10452 : 148;
10453 : 148;
10454 : 148;
10455 : 148;
10456 : 162;
10457 : 148;
10458 : 113;
10459 : 49;
10460 : 42;
10461 : 49;
10462 : 42;
10463 : 34;
10464 : 42;
10465 : 57;
10466 : 49;
10467 : 49;
10468 : 57;
10469 : 57;
10470 : 49;
10471 : 49;
10472 : 57;
10473 : 49;
10474 : 49;
10475 : 34;
10476 : 49;
10477 : 68;
10478 : 57;
10479 : 57;
10480 : 42;
10481 : 49;
10482 : 49;
10483 : 42;
10484 : 49;
10485 : 57;
10486 : 77;
10487 : 77;
10488 : 68;
10489 : 49;
10490 : 49;
10491 : 86;
10492 : 135;
10493 : 148;
10494 : 162;
10495 : 170;
10496 : 162;
10497 : 155;
10498 : 141;
10499 : 130;
10500 : 113;
10501 : 94;
10502 : 77;
10503 : 77;
10504 : 94;
10505 : 86;
10506 : 86;
10507 : 86;
10508 : 106;
10509 : 120;
10510 : 135;
10511 : 148;
10512 : 155;
10513 : 162;
10514 : 162;
10515 : 170;
10516 : 162;
10517 : 170;
10518 : 170;
10519 : 162;
10520 : 162;
10521 : 162;
10522 : 155;
10523 : 148;
10524 : 135;
10525 : 125;
10526 : 113;
10527 : 94;
10528 : 77;
10529 : 77;
10530 : 68;
10531 : 86;
10532 : 86;
10533 : 94;
10534 : 100;
10535 : 94;
10536 : 94;
10537 : 106;
10538 : 94;
10539 : 100;
10540 : 94;
10541 : 106;
10542 : 100;
10543 : 100;
10544 : 100;
10545 : 106;
10546 : 100;
10547 : 106;
10548 : 106;
10549 : 106;
10550 : 113;
10551 : 106;
10552 : 113;
10553 : 113;
10554 : 113;
10555 : 113;
10556 : 113;
10557 : 120;
10558 : 113;
10559 : 120;
10560 : 120;
10561 : 120;
10562 : 120;
10563 : 120;
10564 : 120;
10565 : 120;
10566 : 120;
10567 : 120;
10568 : 125;
10569 : 135;
10570 : 120;
10571 : 113;
10572 : 106;
10573 : 106;
10574 : 113;
10575 : 106;
10576 : 113;
10577 : 120;
10578 : 113;
10579 : 113;
10580 : 120;
10581 : 106;
10582 : 125;
10583 : 125;
10584 : 113;
10585 : 130;
10586 : 120;
10587 : 113;
10588 : 125;
10589 : 120;
10590 : 113;
10591 : 130;
10592 : 130;
10593 : 130;
10594 : 141;
10595 : 135;
10596 : 130;
10597 : 135;
10598 : 130;
10599 : 135;
10600 : 130;
10601 : 141;
10602 : 135;
10603 : 141;
10604 : 130;
10605 : 135;
10606 : 155;
10607 : 135;
10608 : 162;
10609 : 155;
10610 : 170;
10611 : 170;
10612 : 179;
10613 : 179;
10614 : 192;
10615 : 192;
10616 : 179;
10617 : 179;
10618 : 192;
10619 : 192;
10620 : 179;
10621 : 192;
10622 : 192;
10623 : 192;
10624 : 170;
10625 : 179;
10626 : 162;
10627 : 192;
10628 : 200;
10629 : 206;
10630 : 212;
10631 : 212;
10632 : 212;
10633 : 206;
10634 : 206;
10635 : 212;
10636 : 212;
10637 : 212;
10638 : 206;
10639 : 206;
10640 : 212;
10641 : 222;
10642 : 222;
10643 : 222;
10644 : 222;
10645 : 212;
10646 : 86;
10647 : 77;
10648 : 86;
10649 : 86;
10650 : 100;
10651 : 100;
10652 : 94;
10653 : 100;
10654 : 100;
10655 : 100;
10656 : 94;
10657 : 100;
10658 : 100;
10659 : 86;
10660 : 100;
10661 : 113;
10662 : 113;
10663 : 130;
10664 : 135;
10665 : 148;
10666 : 148;
10667 : 155;
10668 : 155;
10669 : 148;
10670 : 155;
10671 : 155;
10672 : 155;
10673 : 155;
10674 : 148;
10675 : 148;
10676 : 135;
10677 : 125;
10678 : 106;
10679 : 86;
10680 : 77;
10681 : 77;
10682 : 86;
10683 : 113;
10684 : 130;
10685 : 135;
10686 : 148;
10687 : 148;
10688 : 141;
10689 : 148;
10690 : 141;
10691 : 148;
10692 : 148;
10693 : 148;
10694 : 141;
10695 : 141;
10696 : 141;
10697 : 141;
10698 : 141;
10699 : 141;
10700 : 135;
10701 : 141;
10702 : 148;
10703 : 155;
10704 : 148;
10705 : 148;
10706 : 141;
10707 : 148;
10708 : 148;
10709 : 148;
10710 : 155;
10711 : 155;
10712 : 155;
10713 : 130;
10714 : 57;
10715 : 49;
10716 : 42;
10717 : 42;
10718 : 34;
10719 : 42;
10720 : 42;
10721 : 42;
10722 : 49;
10723 : 57;
10724 : 49;
10725 : 57;
10726 : 49;
10727 : 49;
10728 : 49;
10729 : 42;
10730 : 42;
10731 : 42;
10732 : 49;
10733 : 57;
10734 : 49;
10735 : 42;
10736 : 49;
10737 : 42;
10738 : 42;
10739 : 49;
10740 : 57;
10741 : 68;
10742 : 77;
10743 : 77;
10744 : 57;
10745 : 49;
10746 : 77;
10747 : 125;
10748 : 148;
10749 : 148;
10750 : 155;
10751 : 162;
10752 : 155;
10753 : 148;
10754 : 135;
10755 : 120;
10756 : 94;
10757 : 77;
10758 : 86;
10759 : 86;
10760 : 86;
10761 : 77;
10762 : 86;
10763 : 94;
10764 : 100;
10765 : 120;
10766 : 135;
10767 : 141;
10768 : 155;
10769 : 162;
10770 : 170;
10771 : 162;
10772 : 170;
10773 : 170;
10774 : 162;
10775 : 162;
10776 : 162;
10777 : 162;
10778 : 155;
10779 : 148;
10780 : 141;
10781 : 125;
10782 : 113;
10783 : 100;
10784 : 86;
10785 : 77;
10786 : 77;
10787 : 86;
10788 : 86;
10789 : 94;
10790 : 94;
10791 : 94;
10792 : 100;
10793 : 100;
10794 : 94;
10795 : 94;
10796 : 100;
10797 : 100;
10798 : 113;
10799 : 106;
10800 : 100;
10801 : 100;
10802 : 94;
10803 : 113;
10804 : 106;
10805 : 106;
10806 : 113;
10807 : 113;
10808 : 113;
10809 : 113;
10810 : 113;
10811 : 120;
10812 : 113;
10813 : 125;
10814 : 113;
10815 : 125;
10816 : 120;
10817 : 120;
10818 : 120;
10819 : 120;
10820 : 125;
10821 : 120;
10822 : 125;
10823 : 120;
10824 : 130;
10825 : 125;
10826 : 113;
10827 : 106;
10828 : 113;
10829 : 113;
10830 : 106;
10831 : 113;
10832 : 106;
10833 : 125;
10834 : 120;
10835 : 120;
10836 : 120;
10837 : 130;
10838 : 125;
10839 : 120;
10840 : 125;
10841 : 125;
10842 : 125;
10843 : 120;
10844 : 113;
10845 : 130;
10846 : 130;
10847 : 130;
10848 : 120;
10849 : 135;
10850 : 135;
10851 : 148;
10852 : 135;
10853 : 135;
10854 : 148;
10855 : 120;
10856 : 141;
10857 : 125;
10858 : 148;
10859 : 135;
10860 : 141;
10861 : 148;
10862 : 141;
10863 : 162;
10864 : 148;
10865 : 162;
10866 : 170;
10867 : 162;
10868 : 179;
10869 : 192;
10870 : 179;
10871 : 179;
10872 : 192;
10873 : 192;
10874 : 192;
10875 : 192;
10876 : 192;
10877 : 179;
10878 : 170;
10879 : 170;
10880 : 170;
10881 : 192;
10882 : 200;
10883 : 212;
10884 : 212;
10885 : 212;
10886 : 212;
10887 : 206;
10888 : 206;
10889 : 206;
10890 : 206;
10891 : 206;
10892 : 206;
10893 : 212;
10894 : 212;
10895 : 206;
10896 : 206;
10897 : 212;
10898 : 222;
10899 : 222;
10900 : 222;
10901 : 222;
10902 : 200;
10903 : 77;
10904 : 77;
10905 : 86;
10906 : 94;
10907 : 86;
10908 : 94;
10909 : 100;
10910 : 100;
10911 : 100;
10912 : 100;
10913 : 94;
10914 : 100;
10915 : 100;
10916 : 100;
10917 : 106;
10918 : 113;
10919 : 130;
10920 : 135;
10921 : 148;
10922 : 148;
10923 : 162;
10924 : 155;
10925 : 148;
10926 : 148;
10927 : 148;
10928 : 155;
10929 : 148;
10930 : 148;
10931 : 141;
10932 : 141;
10933 : 125;
10934 : 106;
10935 : 86;
10936 : 57;
10937 : 57;
10938 : 77;
10939 : 100;
10940 : 120;
10941 : 135;
10942 : 141;
10943 : 141;
10944 : 148;
10945 : 148;
10946 : 148;
10947 : 141;
10948 : 148;
10949 : 148;
10950 : 148;
10951 : 141;
10952 : 148;
10953 : 141;
10954 : 141;
10955 : 141;
10956 : 141;
10957 : 141;
10958 : 148;
10959 : 141;
10960 : 148;
10961 : 141;
10962 : 148;
10963 : 148;
10964 : 155;
10965 : 148;
10966 : 155;
10967 : 155;
10968 : 141;
10969 : 86;
10970 : 42;
10971 : 34;
10972 : 42;
10973 : 42;
10974 : 42;
10975 : 42;
10976 : 49;
10977 : 57;
10978 : 49;
10979 : 57;
10980 : 57;
10981 : 49;
10982 : 57;
10983 : 49;
10984 : 49;
10985 : 34;
10986 : 42;
10987 : 49;
10988 : 57;
10989 : 57;
10990 : 49;
10991 : 42;
10992 : 42;
10993 : 49;
10994 : 49;
10995 : 49;
10996 : 57;
10997 : 77;
10998 : 77;
10999 : 68;
11000 : 57;
11001 : 94;
11002 : 120;
11003 : 141;
11004 : 148;
11005 : 148;
11006 : 155;
11007 : 162;
11008 : 148;
11009 : 141;
11010 : 125;
11011 : 106;
11012 : 86;
11013 : 86;
11014 : 86;
11015 : 86;
11016 : 94;
11017 : 86;
11018 : 86;
11019 : 94;
11020 : 106;
11021 : 125;
11022 : 135;
11023 : 141;
11024 : 148;
11025 : 162;
11026 : 162;
11027 : 170;
11028 : 162;
11029 : 170;
11030 : 162;
11031 : 170;
11032 : 162;
11033 : 162;
11034 : 162;
11035 : 148;
11036 : 135;
11037 : 130;
11038 : 113;
11039 : 100;
11040 : 86;
11041 : 77;
11042 : 77;
11043 : 86;
11044 : 86;
11045 : 86;
11046 : 94;
11047 : 94;
11048 : 100;
11049 : 94;
11050 : 100;
11051 : 100;
11052 : 94;
11053 : 106;
11054 : 106;
11055 : 100;
11056 : 100;
11057 : 100;
11058 : 100;
11059 : 100;
11060 : 106;
11061 : 106;
11062 : 113;
11063 : 113;
11064 : 113;
11065 : 120;
11066 : 113;
11067 : 113;
11068 : 113;
11069 : 120;
11070 : 120;
11071 : 120;
11072 : 120;
11073 : 120;
11074 : 120;
11075 : 120;
11076 : 125;
11077 : 125;
11078 : 125;
11079 : 120;
11080 : 125;
11081 : 113;
11082 : 106;
11083 : 106;
11084 : 106;
11085 : 106;
11086 : 113;
11087 : 120;
11088 : 113;
11089 : 120;
11090 : 106;
11091 : 120;
11092 : 125;
11093 : 120;
11094 : 125;
11095 : 120;
11096 : 120;
11097 : 106;
11098 : 125;
11099 : 106;
11100 : 120;
11101 : 120;
11102 : 130;
11103 : 130;
11104 : 141;
11105 : 120;
11106 : 148;
11107 : 135;
11108 : 141;
11109 : 141;
11110 : 135;
11111 : 141;
11112 : 130;
11113 : 148;
11114 : 141;
11115 : 141;
11116 : 148;
11117 : 135;
11118 : 148;
11119 : 148;
11120 : 162;
11121 : 162;
11122 : 162;
11123 : 179;
11124 : 170;
11125 : 179;
11126 : 179;
11127 : 192;
11128 : 170;
11129 : 179;
11130 : 192;
11131 : 192;
11132 : 170;
11133 : 155;
11134 : 162;
11135 : 192;
11136 : 200;
11137 : 212;
11138 : 212;
11139 : 212;
11140 : 206;
11141 : 206;
11142 : 200;
11143 : 200;
11144 : 206;
11145 : 206;
11146 : 206;
11147 : 206;
11148 : 206;
11149 : 206;
11150 : 212;
11151 : 212;
11152 : 200;
11153 : 212;
11154 : 212;
11155 : 212;
11156 : 222;
11157 : 222;
11158 : 212;
11159 : 170;
11160 : 68;
11161 : 77;
11162 : 86;
11163 : 86;
11164 : 94;
11165 : 100;
11166 : 100;
11167 : 100;
11168 : 94;
11169 : 100;
11170 : 94;
11171 : 86;
11172 : 100;
11173 : 106;
11174 : 113;
11175 : 130;
11176 : 135;
11177 : 141;
11178 : 148;
11179 : 155;
11180 : 155;
11181 : 148;
11182 : 155;
11183 : 155;
11184 : 155;
11185 : 155;
11186 : 148;
11187 : 141;
11188 : 141;
11189 : 130;
11190 : 106;
11191 : 77;
11192 : 57;
11193 : 49;
11194 : 57;
11195 : 86;
11196 : 113;
11197 : 125;
11198 : 130;
11199 : 141;
11200 : 148;
11201 : 148;
11202 : 148;
11203 : 148;
11204 : 141;
11205 : 148;
11206 : 148;
11207 : 141;
11208 : 141;
11209 : 141;
11210 : 148;
11211 : 141;
11212 : 148;
11213 : 141;
11214 : 148;
11215 : 141;
11216 : 141;
11217 : 141;
11218 : 141;
11219 : 148;
11220 : 148;
11221 : 155;
11222 : 155;
11223 : 148;
11224 : 113;
11225 : 49;
11226 : 49;
11227 : 34;
11228 : 42;
11229 : 42;
11230 : 42;
11231 : 42;
11232 : 49;
11233 : 57;
11234 : 49;
11235 : 49;
11236 : 57;
11237 : 49;
11238 : 57;
11239 : 49;
11240 : 49;
11241 : 42;
11242 : 57;
11243 : 57;
11244 : 49;
11245 : 42;
11246 : 42;
11247 : 42;
11248 : 49;
11249 : 57;
11250 : 68;
11251 : 77;
11252 : 68;
11253 : 86;
11254 : 68;
11255 : 68;
11256 : 86;
11257 : 120;
11258 : 141;
11259 : 155;
11260 : 148;
11261 : 141;
11262 : 148;
11263 : 148;
11264 : 141;
11265 : 130;
11266 : 113;
11267 : 86;
11268 : 77;
11269 : 86;
11270 : 86;
11271 : 86;
11272 : 86;
11273 : 86;
11274 : 86;
11275 : 94;
11276 : 106;
11277 : 120;
11278 : 141;
11279 : 148;
11280 : 148;
11281 : 162;
11282 : 162;
11283 : 170;
11284 : 170;
11285 : 162;
11286 : 162;
11287 : 170;
11288 : 162;
11289 : 162;
11290 : 155;
11291 : 148;
11292 : 141;
11293 : 130;
11294 : 113;
11295 : 94;
11296 : 86;
11297 : 77;
11298 : 77;
11299 : 86;
11300 : 86;
11301 : 86;
11302 : 100;
11303 : 100;
11304 : 94;
11305 : 100;
11306 : 94;
11307 : 106;
11308 : 100;
11309 : 100;
11310 : 100;
11311 : 106;
11312 : 100;
11313 : 94;
11314 : 100;
11315 : 100;
11316 : 106;
11317 : 113;
11318 : 113;
11319 : 100;
11320 : 120;
11321 : 120;
11322 : 113;
11323 : 113;
11324 : 120;
11325 : 113;
11326 : 120;
11327 : 120;
11328 : 120;
11329 : 125;
11330 : 125;
11331 : 120;
11332 : 120;
11333 : 120;
11334 : 135;
11335 : 130;
11336 : 106;
11337 : 113;
11338 : 100;
11339 : 100;
11340 : 113;
11341 : 113;
11342 : 113;
11343 : 113;
11344 : 106;
11345 : 106;
11346 : 113;
11347 : 120;
11348 : 120;
11349 : 113;
11350 : 113;
11351 : 120;
11352 : 113;
11353 : 113;
11354 : 113;
11355 : 120;
11356 : 120;
11357 : 125;
11358 : 135;
11359 : 125;
11360 : 135;
11361 : 141;
11362 : 135;
11363 : 135;
11364 : 125;
11365 : 141;
11366 : 148;
11367 : 135;
11368 : 148;
11369 : 135;
11370 : 141;
11371 : 141;
11372 : 148;
11373 : 155;
11374 : 130;
11375 : 155;
11376 : 148;
11377 : 155;
11378 : 170;
11379 : 148;
11380 : 170;
11381 : 179;
11382 : 179;
11383 : 170;
11384 : 179;
11385 : 192;
11386 : 162;
11387 : 162;
11388 : 155;
11389 : 192;
11390 : 200;
11391 : 200;
11392 : 212;
11393 : 212;
11394 : 206;
11395 : 206;
11396 : 206;
11397 : 200;
11398 : 206;
11399 : 206;
11400 : 206;
11401 : 206;
11402 : 206;
11403 : 206;
11404 : 200;
11405 : 206;
11406 : 206;
11407 : 200;
11408 : 212;
11409 : 206;
11410 : 212;
11411 : 212;
11412 : 212;
11413 : 222;
11414 : 222;
11415 : 222;
11416 : 155;
11417 : 77;
11418 : 77;
11419 : 86;
11420 : 86;
11421 : 94;
11422 : 94;
11423 : 94;
11424 : 94;
11425 : 94;
11426 : 100;
11427 : 100;
11428 : 94;
11429 : 113;
11430 : 113;
11431 : 125;
11432 : 135;
11433 : 148;
11434 : 148;
11435 : 155;
11436 : 155;
11437 : 155;
11438 : 155;
11439 : 148;
11440 : 148;
11441 : 155;
11442 : 148;
11443 : 148;
11444 : 135;
11445 : 125;
11446 : 106;
11447 : 77;
11448 : 68;
11449 : 49;
11450 : 49;
11451 : 68;
11452 : 94;
11453 : 113;
11454 : 130;
11455 : 135;
11456 : 141;
11457 : 148;
11458 : 148;
11459 : 148;
11460 : 141;
11461 : 148;
11462 : 141;
11463 : 148;
11464 : 141;
11465 : 141;
11466 : 141;
11467 : 141;
11468 : 141;
11469 : 148;
11470 : 148;
11471 : 148;
11472 : 135;
11473 : 148;
11474 : 148;
11475 : 148;
11476 : 148;
11477 : 155;
11478 : 155;
11479 : 135;
11480 : 57;
11481 : 49;
11482 : 34;
11483 : 42;
11484 : 42;
11485 : 49;
11486 : 49;
11487 : 49;
11488 : 57;
11489 : 49;
11490 : 57;
11491 : 57;
11492 : 57;
11493 : 49;
11494 : 49;
11495 : 49;
11496 : 42;
11497 : 49;
11498 : 57;
11499 : 57;
11500 : 49;
11501 : 42;
11502 : 49;
11503 : 49;
11504 : 57;
11505 : 57;
11506 : 57;
11507 : 68;
11508 : 68;
11509 : 77;
11510 : 77;
11511 : 86;
11512 : 113;
11513 : 135;
11514 : 148;
11515 : 148;
11516 : 148;
11517 : 141;
11518 : 135;
11519 : 141;
11520 : 135;
11521 : 120;
11522 : 100;
11523 : 86;
11524 : 86;
11525 : 94;
11526 : 94;
11527 : 86;
11528 : 86;
11529 : 86;
11530 : 86;
11531 : 86;
11532 : 106;
11533 : 113;
11534 : 135;
11535 : 141;
11536 : 155;
11537 : 162;
11538 : 162;
11539 : 162;
11540 : 170;
11541 : 162;
11542 : 170;
11543 : 162;
11544 : 162;
11545 : 162;
11546 : 155;
11547 : 148;
11548 : 141;
11549 : 130;
11550 : 113;
11551 : 94;
11552 : 77;
11553 : 68;
11554 : 77;
11555 : 86;
11556 : 94;
11557 : 94;
11558 : 100;
11559 : 100;
11560 : 94;
11561 : 100;
11562 : 94;
11563 : 106;
11564 : 94;
11565 : 100;
11566 : 106;
11567 : 94;
11568 : 100;
11569 : 100;
11570 : 100;
11571 : 106;
11572 : 106;
11573 : 106;
11574 : 113;
11575 : 106;
11576 : 113;
11577 : 113;
11578 : 120;
11579 : 120;
11580 : 113;
11581 : 120;
11582 : 120;
11583 : 120;
11584 : 120;
11585 : 120;
11586 : 113;
11587 : 125;
11588 : 125;
11589 : 125;
11590 : 130;
11591 : 113;
11592 : 106;
11593 : 106;
11594 : 106;
11595 : 113;
11596 : 113;
11597 : 106;
11598 : 113;
11599 : 113;
11600 : 113;
11601 : 125;
11602 : 120;
11603 : 113;
11604 : 113;
11605 : 120;
11606 : 120;
11607 : 120;
11608 : 100;
11609 : 120;
11610 : 120;
11611 : 130;
11612 : 120;
11613 : 135;
11614 : 120;
11615 : 120;
11616 : 135;
11617 : 141;
11618 : 141;
11619 : 125;
11620 : 141;
11621 : 135;
11622 : 135;
11623 : 135;
11624 : 141;
11625 : 148;
11626 : 141;
11627 : 148;
11628 : 148;
11629 : 141;
11630 : 155;
11631 : 141;
11632 : 148;
11633 : 170;
11634 : 148;
11635 : 170;
11636 : 179;
11637 : 170;
11638 : 179;
11639 : 179;
11640 : 192;
11641 : 162;
11642 : 148;
11643 : 179;
11644 : 200;
11645 : 200;
11646 : 206;
11647 : 206;
11648 : 212;
11649 : 200;
11650 : 200;
11651 : 206;
11652 : 200;
11653 : 206;
11654 : 206;
11655 : 200;
11656 : 206;
11657 : 212;
11658 : 206;
11659 : 206;
11660 : 206;
11661 : 200;
11662 : 206;
11663 : 200;
11664 : 206;
11665 : 212;
11666 : 212;
11667 : 212;
11668 : 222;
11669 : 222;
11670 : 222;
11671 : 222;
11672 : 212;
11673 : 86;
11674 : 77;
11675 : 77;
11676 : 86;
11677 : 86;
11678 : 86;
11679 : 86;
11680 : 94;
11681 : 94;
11682 : 94;
11683 : 86;
11684 : 100;
11685 : 106;
11686 : 120;
11687 : 130;
11688 : 135;
11689 : 141;
11690 : 148;
11691 : 155;
11692 : 155;
11693 : 162;
11694 : 155;
11695 : 155;
11696 : 155;
11697 : 155;
11698 : 155;
11699 : 148;
11700 : 148;
11701 : 135;
11702 : 113;
11703 : 86;
11704 : 57;
11705 : 42;
11706 : 49;
11707 : 57;
11708 : 86;
11709 : 106;
11710 : 113;
11711 : 135;
11712 : 141;
11713 : 148;
11714 : 155;
11715 : 148;
11716 : 141;
11717 : 141;
11718 : 148;
11719 : 141;
11720 : 141;
11721 : 141;
11722 : 148;
11723 : 141;
11724 : 148;
11725 : 141;
11726 : 148;
11727 : 148;
11728 : 148;
11729 : 148;
11730 : 148;
11731 : 148;
11732 : 155;
11733 : 155;
11734 : 135;
11735 : 68;
11736 : 42;
11737 : 49;
11738 : 86;
11739 : 57;
11740 : 57;
11741 : 42;
11742 : 49;
11743 : 49;
11744 : 57;
11745 : 49;
11746 : 49;
11747 : 57;
11748 : 57;
11749 : 49;
11750 : 42;
11751 : 42;
11752 : 49;
11753 : 57;
11754 : 57;
11755 : 57;
11756 : 42;
11757 : 42;
11758 : 57;
11759 : 49;
11760 : 57;
11761 : 57;
11762 : 68;
11763 : 77;
11764 : 77;
11765 : 68;
11766 : 94;
11767 : 113;
11768 : 135;
11769 : 148;
11770 : 148;
11771 : 155;
11772 : 148;
11773 : 130;
11774 : 135;
11775 : 155;
11776 : 120;
11777 : 106;
11778 : 86;
11779 : 86;
11780 : 77;
11781 : 86;
11782 : 100;
11783 : 86;
11784 : 94;
11785 : 86;
11786 : 86;
11787 : 86;
11788 : 100;
11789 : 125;
11790 : 130;
11791 : 148;
11792 : 155;
11793 : 162;
11794 : 162;
11795 : 162;
11796 : 170;
11797 : 170;
11798 : 162;
11799 : 162;
11800 : 162;
11801 : 162;
11802 : 162;
11803 : 148;
11804 : 141;
11805 : 120;
11806 : 113;
11807 : 94;
11808 : 86;
11809 : 68;
11810 : 77;
11811 : 86;
11812 : 86;
11813 : 94;
11814 : 94;
11815 : 100;
11816 : 100;
11817 : 86;
11818 : 94;
11819 : 100;
11820 : 94;
11821 : 100;
11822 : 100;
11823 : 100;
11824 : 100;
11825 : 100;
11826 : 100;
11827 : 106;
11828 : 106;
11829 : 106;
11830 : 106;
11831 : 113;
11832 : 113;
11833 : 120;
11834 : 113;
11835 : 113;
11836 : 120;
11837 : 120;
11838 : 120;
11839 : 120;
11840 : 120;
11841 : 120;
11842 : 120;
11843 : 120;
11844 : 125;
11845 : 130;
11846 : 113;
11847 : 113;
11848 : 106;
11849 : 106;
11850 : 113;
11851 : 106;
11852 : 113;
11853 : 120;
11854 : 113;
11855 : 120;
11856 : 120;
11857 : 113;
11858 : 120;
11859 : 120;
11860 : 113;
11861 : 113;
11862 : 120;
11863 : 106;
11864 : 113;
11865 : 113;
11866 : 125;
11867 : 130;
11868 : 135;
11869 : 120;
11870 : 135;
11871 : 130;
11872 : 141;
11873 : 148;
11874 : 141;
11875 : 148;
11876 : 141;
11877 : 148;
11878 : 148;
11879 : 135;
11880 : 148;
11881 : 141;
11882 : 148;
11883 : 135;
11884 : 135;
11885 : 141;
11886 : 141;
11887 : 148;
11888 : 135;
11889 : 162;
11890 : 170;
11891 : 162;
11892 : 170;
11893 : 170;
11894 : 179;
11895 : 155;
11896 : 148;
11897 : 148;
11898 : 200;
11899 : 206;
11900 : 206;
11901 : 206;
11902 : 200;
11903 : 206;
11904 : 200;
11905 : 200;
11906 : 212;
11907 : 212;
11908 : 212;
11909 : 206;
11910 : 200;
11911 : 200;
11912 : 200;
11913 : 192;
11914 : 200;
11915 : 200;
11916 : 200;
11917 : 206;
11918 : 206;
11919 : 212;
11920 : 212;
11921 : 212;
11922 : 212;
11923 : 212;
11924 : 222;
11925 : 222;
11926 : 222;
11927 : 222;
11928 : 222;
11929 : 206;
11930 : 57;
11931 : 77;
11932 : 77;
11933 : 77;
11934 : 86;
11935 : 86;
11936 : 86;
11937 : 94;
11938 : 86;
11939 : 94;
11940 : 94;
11941 : 106;
11942 : 120;
11943 : 125;
11944 : 141;
11945 : 141;
11946 : 155;
11947 : 155;
11948 : 155;
11949 : 148;
11950 : 155;
11951 : 148;
11952 : 155;
11953 : 155;
11954 : 155;
11955 : 141;
11956 : 141;
11957 : 135;
11958 : 120;
11959 : 94;
11960 : 49;
11961 : 42;
11962 : 42;
11963 : 57;
11964 : 86;
11965 : 94;
11966 : 106;
11967 : 125;
11968 : 141;
11969 : 141;
11970 : 148;
11971 : 148;
11972 : 148;
11973 : 141;
11974 : 148;
11975 : 141;
11976 : 141;
11977 : 148;
11978 : 141;
11979 : 141;
11980 : 148;
11981 : 141;
11982 : 148;
11983 : 148;
11984 : 141;
11985 : 148;
11986 : 148;
11987 : 148;
11988 : 162;
11989 : 155;
11990 : 100;
11991 : 34;
11992 : 49;
11993 : 42;
11994 : 34;
11995 : 42;
11996 : 42;
11997 : 49;
11998 : 57;
11999 : 49;
12000 : 49;
12001 : 49;
12002 : 49;
12003 : 49;
12004 : 49;
12005 : 49;
12006 : 49;
12007 : 49;
12008 : 49;
12009 : 57;
12010 : 68;
12011 : 49;
12012 : 49;
12013 : 57;
12014 : 49;
12015 : 49;
12016 : 49;
12017 : 68;
12018 : 68;
12019 : 68;
12020 : 77;
12021 : 86;
12022 : 113;
12023 : 135;
12024 : 141;
12025 : 148;
12026 : 148;
12027 : 155;
12028 : 135;
12029 : 141;
12030 : 155;
12031 : 162;
12032 : 113;
12033 : 94;
12034 : 86;
12035 : 86;
12036 : 86;
12037 : 94;
12038 : 94;
12039 : 86;
12040 : 86;
12041 : 86;
12042 : 86;
12043 : 86;
12044 : 100;
12045 : 120;
12046 : 135;
12047 : 148;
12048 : 148;
12049 : 155;
12050 : 162;
12051 : 162;
12052 : 170;
12053 : 170;
12054 : 170;
12055 : 170;
12056 : 162;
12057 : 162;
12058 : 155;
12059 : 148;
12060 : 141;
12061 : 125;
12062 : 113;
12063 : 94;
12064 : 86;
12065 : 68;
12066 : 77;
12067 : 86;
12068 : 86;
12069 : 94;
12070 : 94;
12071 : 94;
12072 : 100;
12073 : 94;
12074 : 94;
12075 : 100;
12076 : 100;
12077 : 100;
12078 : 100;
12079 : 106;
12080 : 100;
12081 : 100;
12082 : 106;
12083 : 106;
12084 : 100;
12085 : 106;
12086 : 106;
12087 : 113;
12088 : 106;
12089 : 113;
12090 : 120;
12091 : 120;
12092 : 113;
12093 : 113;
12094 : 120;
12095 : 113;
12096 : 113;
12097 : 120;
12098 : 125;
12099 : 130;
12100 : 125;
12101 : 120;
12102 : 113;
12103 : 113;
12104 : 106;
12105 : 106;
12106 : 113;
12107 : 113;
12108 : 113;
12109 : 113;
12110 : 106;
12111 : 120;
12112 : 120;
12113 : 120;
12114 : 120;
12115 : 113;
12116 : 106;
12117 : 106;
12118 : 106;
12119 : 113;
12120 : 125;
12121 : 120;
12122 : 120;
12123 : 125;
12124 : 135;
12125 : 135;
12126 : 125;
12127 : 130;
12128 : 130;
12129 : 141;
12130 : 135;
12131 : 135;
12132 : 148;
12133 : 141;
12134 : 148;
12135 : 148;
12136 : 148;
12137 : 148;
12138 : 125;
12139 : 148;
12140 : 141;
12141 : 135;
12142 : 148;
12143 : 148;
12144 : 155;
12145 : 170;
12146 : 155;
12147 : 179;
12148 : 179;
12149 : 141;
12150 : 155;
12151 : 135;
12152 : 179;
12153 : 192;
12154 : 206;
12155 : 206;
12156 : 206;
12157 : 206;
12158 : 200;
12159 : 192;
12160 : 206;
12161 : 206;
12162 : 212;
12163 : 206;
12164 : 200;
12165 : 200;
12166 : 192;
12167 : 200;
12168 : 192;
12169 : 192;
12170 : 192;
12171 : 212;
12172 : 200;
12173 : 206;
12174 : 212;
12175 : 212;
12176 : 212;
12177 : 206;
12178 : 206;
12179 : 206;
12180 : 206;
12181 : 212;
12182 : 222;
12183 : 222;
12184 : 222;
12185 : 222;
12186 : 120;
12187 : 86;
12188 : 77;
12189 : 68;
12190 : 77;
12191 : 77;
12192 : 86;
12193 : 86;
12194 : 86;
12195 : 86;
12196 : 94;
12197 : 106;
12198 : 120;
12199 : 125;
12200 : 141;
12201 : 148;
12202 : 148;
12203 : 155;
12204 : 155;
12205 : 155;
12206 : 155;
12207 : 155;
12208 : 148;
12209 : 155;
12210 : 148;
12211 : 148;
12212 : 141;
12213 : 130;
12214 : 113;
12215 : 86;
12216 : 57;
12217 : 34;
12218 : 42;
12219 : 49;
12220 : 68;
12221 : 100;
12222 : 100;
12223 : 120;
12224 : 135;
12225 : 135;
12226 : 141;
12227 : 148;
12228 : 148;
12229 : 141;
12230 : 141;
12231 : 148;
12232 : 141;
12233 : 141;
12234 : 141;
12235 : 141;
12236 : 148;
12237 : 141;
12238 : 141;
12239 : 148;
12240 : 148;
12241 : 148;
12242 : 148;
12243 : 155;
12244 : 155;
12245 : 130;
12246 : 57;
12247 : 42;
12248 : 34;
12249 : 42;
12250 : 42;
12251 : 42;
12252 : 49;
12253 : 49;
12254 : 57;
12255 : 49;
12256 : 57;
12257 : 49;
12258 : 57;
12259 : 49;
12260 : 34;
12261 : 42;
12262 : 42;
12263 : 49;
12264 : 57;
12265 : 57;
12266 : 49;
12267 : 42;
12268 : 49;
12269 : 49;
12270 : 49;
12271 : 49;
12272 : 49;
12273 : 49;
12274 : 68;
12275 : 77;
12276 : 86;
12277 : 113;
12278 : 130;
12279 : 141;
12280 : 148;
12281 : 148;
12282 : 141;
12283 : 148;
12284 : 135;
12285 : 155;
12286 : 162;
12287 : 162;
12288 : 100;
12289 : 86;
12290 : 86;
12291 : 86;
12292 : 86;
12293 : 94;
12294 : 86;
12295 : 94;
12296 : 94;
12297 : 86;
12298 : 86;
12299 : 94;
12300 : 100;
12301 : 120;
12302 : 135;
12303 : 141;
12304 : 148;
12305 : 162;
12306 : 162;
12307 : 162;
12308 : 170;
12309 : 162;
12310 : 170;
12311 : 162;
12312 : 162;
12313 : 162;
12314 : 162;
12315 : 155;
12316 : 141;
12317 : 130;
12318 : 113;
12319 : 94;
12320 : 77;
12321 : 77;
12322 : 77;
12323 : 86;
12324 : 94;
12325 : 94;
12326 : 100;
12327 : 100;
12328 : 100;
12329 : 100;
12330 : 106;
12331 : 100;
12332 : 100;
12333 : 94;
12334 : 106;
12335 : 100;
12336 : 100;
12337 : 106;
12338 : 106;
12339 : 100;
12340 : 106;
12341 : 106;
12342 : 106;
12343 : 113;
12344 : 113;
12345 : 113;
12346 : 120;
12347 : 113;
12348 : 113;
12349 : 120;
12350 : 120;
12351 : 120;
12352 : 120;
12353 : 120;
12354 : 120;
12355 : 125;
12356 : 135;
12357 : 113;
12358 : 120;
12359 : 113;
12360 : 113;
12361 : 120;
12362 : 106;
12363 : 113;
12364 : 113;
12365 : 106;
12366 : 120;
12367 : 113;
12368 : 113;
12369 : 120;
12370 : 106;
12371 : 113;
12372 : 106;
12373 : 120;
12374 : 120;
12375 : 120;
12376 : 113;
12377 : 120;
12378 : 125;
12379 : 130;
12380 : 120;
12381 : 130;
12382 : 135;
12383 : 125;
12384 : 141;
12385 : 130;
12386 : 135;
12387 : 141;
12388 : 125;
12389 : 155;
12390 : 141;
12391 : 148;
12392 : 148;
12393 : 130;
12394 : 155;
12395 : 141;
12396 : 141;
12397 : 148;
12398 : 135;
12399 : 155;
12400 : 148;
12401 : 162;
12402 : 170;
12403 : 170;
12404 : 155;
12405 : 130;
12406 : 148;
12407 : 200;
12408 : 192;
12409 : 206;
12410 : 200;
12411 : 200;
12412 : 200;
12413 : 200;
12414 : 206;
12415 : 206;
12416 : 200;
12417 : 206;
12418 : 192;
12419 : 200;
12420 : 200;
12421 : 192;
12422 : 200;
12423 : 200;
12424 : 212;
12425 : 200;
12426 : 200;
12427 : 212;
12428 : 200;
12429 : 200;
12430 : 192;
12431 : 200;
12432 : 200;
12433 : 206;
12434 : 206;
12435 : 212;
12436 : 212;
12437 : 212;
12438 : 212;
12439 : 212;
12440 : 212;
12441 : 222;
12442 : 222;
12443 : 192;
12444 : 120;
12445 : 86;
12446 : 68;
12447 : 77;
12448 : 77;
12449 : 86;
12450 : 86;
12451 : 86;
12452 : 100;
12453 : 106;
12454 : 125;
12455 : 130;
12456 : 141;
12457 : 148;
12458 : 148;
12459 : 155;
12460 : 155;
12461 : 155;
12462 : 155;
12463 : 155;
12464 : 155;
12465 : 155;
12466 : 148;
12467 : 148;
12468 : 141;
12469 : 130;
12470 : 113;
12471 : 86;
12472 : 57;
12473 : 42;
12474 : 34;
12475 : 57;
12476 : 57;
12477 : 86;
12478 : 94;
12479 : 113;
12480 : 130;
12481 : 130;
12482 : 141;
12483 : 148;
12484 : 148;
12485 : 148;
12486 : 148;
12487 : 141;
12488 : 141;
12489 : 141;
12490 : 141;
12491 : 148;
12492 : 141;
12493 : 148;
12494 : 148;
12495 : 148;
12496 : 141;
12497 : 155;
12498 : 155;
12499 : 155;
12500 : 141;
12501 : 94;
12502 : 42;
12503 : 42;
12504 : 34;
12505 : 34;
12506 : 34;
12507 : 42;
12508 : 57;
12509 : 57;
12510 : 57;
12511 : 57;
12512 : 42;
12513 : 49;
12514 : 49;
12515 : 42;
12516 : 49;
12517 : 42;
12518 : 49;
12519 : 57;
12520 : 57;
12521 : 49;
12522 : 42;
12523 : 49;
12524 : 49;
12525 : 57;
12526 : 57;
12527 : 57;
12528 : 68;
12529 : 68;
12530 : 57;
12531 : 86;
12532 : 106;
12533 : 130;
12534 : 141;
12535 : 148;
12536 : 148;
12537 : 148;
12538 : 135;
12539 : 141;
12540 : 155;
12541 : 162;
12542 : 162;
12543 : 162;
12544 : 86;
12545 : 86;
12546 : 86;
12547 : 86;
12548 : 86;
12549 : 94;
12550 : 94;
12551 : 86;
12552 : 94;
12553 : 86;
12554 : 86;
12555 : 86;
12556 : 106;
12557 : 120;
12558 : 130;
12559 : 141;
12560 : 148;
12561 : 155;
12562 : 162;
12563 : 170;
12564 : 170;
12565 : 162;
12566 : 162;
12567 : 162;
12568 : 162;
12569 : 155;
12570 : 162;
12571 : 148;
12572 : 135;
12573 : 125;
12574 : 113;
12575 : 94;
12576 : 86;
12577 : 68;
12578 : 77;
12579 : 77;
12580 : 94;
12581 : 94;
12582 : 94;
12583 : 94;
12584 : 94;
12585 : 100;
12586 : 94;
12587 : 106;
12588 : 94;
12589 : 94;
12590 : 100;
12591 : 100;
12592 : 100;
12593 : 94;
12594 : 100;
12595 : 106;
12596 : 106;
12597 : 106;
12598 : 106;
12599 : 106;
12600 : 113;
12601 : 120;
12602 : 113;
12603 : 113;
12604 : 113;
12605 : 113;
12606 : 113;
12607 : 120;
12608 : 125;
12609 : 120;
12610 : 125;
12611 : 135;
12612 : 120;
12613 : 113;
12614 : 113;
12615 : 106;
12616 : 113;
12617 : 113;
12618 : 113;
12619 : 113;
12620 : 106;
12621 : 113;
12622 : 113;
12623 : 120;
12624 : 120;
12625 : 120;
12626 : 113;
12627 : 120;
12628 : 120;
12629 : 120;
12630 : 120;
12631 : 120;
12632 : 120;
12633 : 120;
12634 : 135;
12635 : 120;
12636 : 135;
12637 : 120;
12638 : 130;
12639 : 141;
12640 : 148;
12641 : 135;
12642 : 148;
12643 : 130;
12644 : 148;
12645 : 141;
12646 : 141;
12647 : 141;
12648 : 130;
12649 : 141;
12650 : 130;
12651 : 135;
12652 : 135;
12653 : 141;
12654 : 148;
12655 : 135;
12656 : 155;
12657 : 170;
12658 : 162;
12659 : 162;
12660 : 120;
12661 : 162;
12662 : 192;
12663 : 192;
12664 : 200;
12665 : 192;
12666 : 200;
12667 : 200;
12668 : 192;
12669 : 206;
12670 : 206;
12671 : 206;
12672 : 200;
12673 : 192;
12674 : 206;
12675 : 200;
12676 : 192;
12677 : 206;
12678 : 192;
12679 : 200;
12680 : 206;
12681 : 200;
12682 : 192;
12683 : 200;
12684 : 200;
12685 : 206;
12686 : 200;
12687 : 206;
12688 : 200;
12689 : 206;
12690 : 212;
12691 : 206;
12692 : 212;
12693 : 212;
12694 : 212;
12695 : 212;
12696 : 212;
12697 : 222;
12698 : 222;
12699 : 222;
12700 : 222;
12701 : 148;
12702 : 68;
12703 : 77;
12704 : 68;
12705 : 86;
12706 : 86;
12707 : 86;
12708 : 94;
12709 : 106;
12710 : 120;
12711 : 125;
12712 : 141;
12713 : 148;
12714 : 148;
12715 : 155;
12716 : 155;
12717 : 148;
12718 : 155;
12719 : 155;
12720 : 148;
12721 : 155;
12722 : 155;
12723 : 148;
12724 : 141;
12725 : 130;
12726 : 113;
12727 : 86;
12728 : 57;
12729 : 49;
12730 : 42;
12731 : 42;
12732 : 49;
12733 : 49;
12734 : 86;
12735 : 100;
12736 : 120;
12737 : 125;
12738 : 135;
12739 : 141;
12740 : 148;
12741 : 148;
12742 : 148;
12743 : 141;
12744 : 148;
12745 : 141;
12746 : 141;
12747 : 141;
12748 : 141;
12749 : 148;
12750 : 141;
12751 : 148;
12752 : 148;
12753 : 155;
12754 : 155;
12755 : 148;
12756 : 106;
12757 : 57;
12758 : 49;
12759 : 34;
12760 : 34;
12761 : 42;
12762 : 49;
12763 : 42;
12764 : 49;
12765 : 57;
12766 : 57;
12767 : 57;
12768 : 57;
12769 : 57;
12770 : 49;
12771 : 42;
12772 : 34;
12773 : 42;
12774 : 49;
12775 : 57;
12776 : 49;
12777 : 42;
12778 : 42;
12779 : 49;
12780 : 57;
12781 : 49;
12782 : 49;
12783 : 49;
12784 : 68;
12785 : 68;
12786 : 68;
12787 : 100;
12788 : 130;
12789 : 148;
12790 : 148;
12791 : 148;
12792 : 148;
12793 : 148;
12794 : 135;
12795 : 155;
12796 : 162;
12797 : 162;
12798 : 170;
12799 : 162;
12800 : 86;
12801 : 86;
12802 : 86;
12803 : 94;
12804 : 86;
12805 : 94;
12806 : 86;
12807 : 94;
12808 : 86;
12809 : 86;
12810 : 86;
12811 : 86;
12812 : 100;
12813 : 113;
12814 : 130;
12815 : 148;
12816 : 148;
12817 : 162;
12818 : 162;
12819 : 162;
12820 : 162;
12821 : 162;
12822 : 162;
12823 : 170;
12824 : 155;
12825 : 162;
12826 : 155;
12827 : 148;
12828 : 141;
12829 : 125;
12830 : 113;
12831 : 100;
12832 : 86;
12833 : 77;
12834 : 68;
12835 : 86;
12836 : 86;
12837 : 86;
12838 : 94;
12839 : 94;
12840 : 100;
12841 : 100;
12842 : 100;
12843 : 94;
12844 : 100;
12845 : 100;
12846 : 100;
12847 : 106;
12848 : 100;
12849 : 106;
12850 : 100;
12851 : 100;
12852 : 106;
12853 : 106;
12854 : 113;
12855 : 113;
12856 : 113;
12857 : 113;
12858 : 113;
12859 : 113;
12860 : 120;
12861 : 120;
12862 : 113;
12863 : 120;
12864 : 113;
12865 : 120;
12866 : 120;
12867 : 141;
12868 : 113;
12869 : 106;
12870 : 106;
12871 : 106;
12872 : 113;
12873 : 120;
12874 : 113;
12875 : 120;
12876 : 113;
12877 : 113;
12878 : 106;
12879 : 113;
12880 : 113;
12881 : 113;
12882 : 113;
12883 : 113;
12884 : 125;
12885 : 113;
12886 : 125;
12887 : 113;
12888 : 135;
12889 : 135;
12890 : 125;
12891 : 130;
12892 : 120;
12893 : 130;
12894 : 130;
12895 : 130;
12896 : 141;
12897 : 141;
12898 : 130;
12899 : 135;
12900 : 135;
12901 : 148;
12902 : 141;
12903 : 141;
12904 : 135;
12905 : 125;
12906 : 141;
12907 : 135;
12908 : 135;
12909 : 141;
12910 : 141;
12911 : 148;
12912 : 148;
12913 : 155;
12914 : 141;
12915 : 120;
12916 : 179;
12917 : 200;
12918 : 200;
12919 : 192;
12920 : 192;
12921 : 192;
12922 : 192;
12923 : 206;
12924 : 200;
12925 : 200;
12926 : 200;
12927 : 200;
12928 : 200;
12929 : 200;
12930 : 192;
12931 : 206;
12932 : 192;
12933 : 206;
12934 : 179;
12935 : 200;
12936 : 192;
12937 : 200;
12938 : 206;
12939 : 200;
12940 : 206;
12941 : 206;
12942 : 206;
12943 : 206;
12944 : 206;
12945 : 206;
12946 : 212;
12947 : 206;
12948 : 206;
12949 : 212;
12950 : 212;
12951 : 212;
12952 : 212;
12953 : 212;
12954 : 222;
12955 : 222;
12956 : 222;
12957 : 222;
12958 : 155;
12959 : 77;
12960 : 68;
12961 : 68;
12962 : 77;
12963 : 77;
12964 : 86;
12965 : 100;
12966 : 113;
12967 : 125;
12968 : 135;
12969 : 148;
12970 : 148;
12971 : 155;
12972 : 155;
12973 : 155;
12974 : 155;
12975 : 148;
12976 : 155;
12977 : 148;
12978 : 148;
12979 : 155;
12980 : 135;
12981 : 130;
12982 : 113;
12983 : 86;
12984 : 68;
12985 : 57;
12986 : 49;
12987 : 42;
12988 : 42;
12989 : 49;
12990 : 57;
12991 : 86;
12992 : 106;
12993 : 125;
12994 : 135;
12995 : 135;
12996 : 148;
12997 : 148;
12998 : 141;
12999 : 148;
13000 : 141;
13001 : 135;
13002 : 141;
13003 : 148;
13004 : 141;
13005 : 148;
13006 : 148;
13007 : 148;
13008 : 148;
13009 : 148;
13010 : 148;
13011 : 130;
13012 : 57;
13013 : 34;
13014 : 34;
13015 : 42;
13016 : 34;
13017 : 42;
13018 : 49;
13019 : 49;
13020 : 57;
13021 : 57;
13022 : 57;
13023 : 57;
13024 : 49;
13025 : 57;
13026 : 49;
13027 : 42;
13028 : 42;
13029 : 49;
13030 : 57;
13031 : 57;
13032 : 42;
13033 : 49;
13034 : 49;
13035 : 49;
13036 : 49;
13037 : 49;
13038 : 57;
13039 : 57;
13040 : 57;
13041 : 57;
13042 : 94;
13043 : 125;
13044 : 141;
13045 : 148;
13046 : 141;
13047 : 148;
13048 : 148;
13049 : 141;
13050 : 148;
13051 : 162;
13052 : 162;
13053 : 162;
13054 : 162;
13055 : 162;
13056 : 94;
13057 : 86;
13058 : 94;
13059 : 94;
13060 : 94;
13061 : 86;
13062 : 86;
13063 : 94;
13064 : 86;
13065 : 86;
13066 : 94;
13067 : 94;
13068 : 100;
13069 : 113;
13070 : 135;
13071 : 148;
13072 : 148;
13073 : 155;
13074 : 162;
13075 : 162;
13076 : 162;
13077 : 170;
13078 : 170;
13079 : 162;
13080 : 162;
13081 : 162;
13082 : 155;
13083 : 148;
13084 : 141;
13085 : 125;
13086 : 113;
13087 : 100;
13088 : 86;
13089 : 68;
13090 : 77;
13091 : 77;
13092 : 86;
13093 : 94;
13094 : 94;
13095 : 94;
13096 : 100;
13097 : 100;
13098 : 94;
13099 : 106;
13100 : 100;
13101 : 106;
13102 : 94;
13103 : 100;
13104 : 100;
13105 : 106;
13106 : 100;
13107 : 100;
13108 : 106;
13109 : 106;
13110 : 113;
13111 : 106;
13112 : 113;
13113 : 113;
13114 : 120;
13115 : 113;
13116 : 120;
13117 : 120;
13118 : 113;
13119 : 113;
13120 : 120;
13121 : 120;
13122 : 148;
13123 : 120;
13124 : 106;
13125 : 113;
13126 : 106;
13127 : 100;
13128 : 106;
13129 : 120;
13130 : 120;
13131 : 113;
13132 : 120;
13133 : 113;
13134 : 113;
13135 : 120;
13136 : 106;
13137 : 113;
13138 : 120;
13139 : 113;
13140 : 120;
13141 : 113;
13142 : 120;
13143 : 130;
13144 : 130;
13145 : 135;
13146 : 125;
13147 : 120;
13148 : 141;
13149 : 141;
13150 : 148;
13151 : 141;
13152 : 135;
13153 : 141;
13154 : 148;
13155 : 130;
13156 : 148;
13157 : 125;
13158 : 141;
13159 : 141;
13160 : 130;
13161 : 141;
13162 : 125;
13163 : 135;
13164 : 141;
13165 : 141;
13166 : 141;
13167 : 113;
13168 : 141;
13169 : 120;
13170 : 148;
13171 : 192;
13172 : 192;
13173 : 192;
13174 : 200;
13175 : 200;
13176 : 192;
13177 : 206;
13178 : 192;
13179 : 192;
13180 : 192;
13181 : 192;
13182 : 192;
13183 : 192;
13184 : 192;
13185 : 200;
13186 : 200;
13187 : 200;
13188 : 192;
13189 : 192;
13190 : 200;
13191 : 206;
13192 : 206;
13193 : 192;
13194 : 200;
13195 : 212;
13196 : 206;
13197 : 206;
13198 : 206;
13199 : 212;
13200 : 206;
13201 : 206;
13202 : 200;
13203 : 206;
13204 : 206;
13205 : 212;
13206 : 206;
13207 : 200;
13208 : 212;
13209 : 212;
13210 : 206;
13211 : 212;
13212 : 222;
13213 : 222;
13214 : 222;
13215 : 113;
13216 : 57;
13217 : 57;
13218 : 68;
13219 : 77;
13220 : 86;
13221 : 100;
13222 : 120;
13223 : 130;
13224 : 135;
13225 : 141;
13226 : 148;
13227 : 162;
13228 : 148;
13229 : 148;
13230 : 155;
13231 : 155;
13232 : 148;
13233 : 155;
13234 : 155;
13235 : 148;
13236 : 141;
13237 : 130;
13238 : 113;
13239 : 94;
13240 : 68;
13241 : 42;
13242 : 49;
13243 : 42;
13244 : 42;
13245 : 49;
13246 : 49;
13247 : 77;
13248 : 94;
13249 : 113;
13250 : 130;
13251 : 135;
13252 : 141;
13253 : 148;
13254 : 141;
13255 : 148;
13256 : 141;
13257 : 141;
13258 : 141;
13259 : 135;
13260 : 141;
13261 : 148;
13262 : 141;
13263 : 148;
13264 : 155;
13265 : 155;
13266 : 141;
13267 : 86;
13268 : 42;
13269 : 42;
13270 : 49;
13271 : 42;
13272 : 42;
13273 : 42;
13274 : 42;
13275 : 49;
13276 : 57;
13277 : 49;
13278 : 57;
13279 : 57;
13280 : 57;
13281 : 49;
13282 : 42;
13283 : 42;
13284 : 49;
13285 : 57;
13286 : 49;
13287 : 49;
13288 : 49;
13289 : 49;
13290 : 57;
13291 : 49;
13292 : 49;
13293 : 49;
13294 : 57;
13295 : 57;
13296 : 68;
13297 : 77;
13298 : 125;
13299 : 141;
13300 : 148;
13301 : 141;
13302 : 141;
13303 : 148;
13304 : 141;
13305 : 148;
13306 : 162;
13307 : 162;
13308 : 162;
13309 : 170;
13310 : 162;
13311 : 162;
13312 : 86;
13313 : 86;
13314 : 94;
13315 : 94;
13316 : 86;
13317 : 94;
13318 : 94;
13319 : 86;
13320 : 94;
13321 : 86;
13322 : 86;
13323 : 94;
13324 : 100;
13325 : 125;
13326 : 130;
13327 : 141;
13328 : 148;
13329 : 162;
13330 : 162;
13331 : 170;
13332 : 162;
13333 : 162;
13334 : 162;
13335 : 162;
13336 : 162;
13337 : 162;
13338 : 155;
13339 : 148;
13340 : 141;
13341 : 130;
13342 : 113;
13343 : 94;
13344 : 86;
13345 : 77;
13346 : 68;
13347 : 86;
13348 : 94;
13349 : 94;
13350 : 86;
13351 : 94;
13352 : 94;
13353 : 94;
13354 : 94;
13355 : 100;
13356 : 106;
13357 : 100;
13358 : 94;
13359 : 100;
13360 : 100;
13361 : 100;
13362 : 100;
13363 : 100;
13364 : 100;
13365 : 106;
13366 : 113;
13367 : 106;
13368 : 113;
13369 : 113;
13370 : 113;
13371 : 120;
13372 : 120;
13373 : 120;
13374 : 120;
13375 : 113;
13376 : 113;
13377 : 135;
13378 : 155;
13379 : 113;
13380 : 100;
13381 : 106;
13382 : 100;
13383 : 106;
13384 : 100;
13385 : 113;
13386 : 113;
13387 : 113;
13388 : 120;
13389 : 106;
13390 : 113;
13391 : 113;
13392 : 113;
13393 : 120;
13394 : 106;
13395 : 120;
13396 : 120;
13397 : 125;
13398 : 120;
13399 : 125;
13400 : 130;
13401 : 125;
13402 : 141;
13403 : 135;
13404 : 135;
13405 : 148;
13406 : 141;
13407 : 141;
13408 : 141;
13409 : 135;
13410 : 141;
13411 : 141;
13412 : 135;
13413 : 148;
13414 : 141;
13415 : 130;
13416 : 135;
13417 : 130;
13418 : 141;
13419 : 120;
13420 : 141;
13421 : 141;
13422 : 130;
13423 : 130;
13424 : 125;
13425 : 179;
13426 : 179;
13427 : 179;
13428 : 192;
13429 : 192;
13430 : 200;
13431 : 200;
13432 : 200;
13433 : 179;
13434 : 200;
13435 : 192;
13436 : 179;
13437 : 192;
13438 : 192;
13439 : 192;
13440 : 200;
13441 : 192;
13442 : 192;
13443 : 200;
13444 : 206;
13445 : 206;
13446 : 206;
13447 : 192;
13448 : 206;
13449 : 206;
13450 : 200;
13451 : 206;
13452 : 206;
13453 : 212;
13454 : 206;
13455 : 200;
13456 : 200;
13457 : 206;
13458 : 200;
13459 : 212;
13460 : 212;
13461 : 212;
13462 : 206;
13463 : 206;
13464 : 212;
13465 : 212;
13466 : 212;
13467 : 212;
13468 : 212;
13469 : 222;
13470 : 222;
13471 : 222;
13472 : 77;
13473 : 57;
13474 : 68;
13475 : 77;
13476 : 86;
13477 : 94;
13478 : 113;
13479 : 125;
13480 : 135;
13481 : 148;
13482 : 155;
13483 : 148;
13484 : 155;
13485 : 148;
13486 : 148;
13487 : 155;
13488 : 155;
13489 : 155;
13490 : 155;
13491 : 148;
13492 : 141;
13493 : 130;
13494 : 120;
13495 : 94;
13496 : 68;
13497 : 42;
13498 : 49;
13499 : 42;
13500 : 42;
13501 : 42;
13502 : 42;
13503 : 57;
13504 : 77;
13505 : 100;
13506 : 125;
13507 : 130;
13508 : 141;
13509 : 141;
13510 : 148;
13511 : 141;
13512 : 141;
13513 : 141;
13514 : 135;
13515 : 141;
13516 : 141;
13517 : 148;
13518 : 148;
13519 : 148;
13520 : 155;
13521 : 148;
13522 : 120;
13523 : 42;
13524 : 42;
13525 : 42;
13526 : 42;
13527 : 42;
13528 : 49;
13529 : 49;
13530 : 49;
13531 : 49;
13532 : 49;
13533 : 57;
13534 : 49;
13535 : 57;
13536 : 57;
13537 : 49;
13538 : 49;
13539 : 42;
13540 : 57;
13541 : 57;
13542 : 49;
13543 : 42;
13544 : 42;
13545 : 49;
13546 : 49;
13547 : 49;
13548 : 57;
13549 : 49;
13550 : 49;
13551 : 57;
13552 : 68;
13553 : 120;
13554 : 141;
13555 : 148;
13556 : 148;
13557 : 141;
13558 : 141;
13559 : 135;
13560 : 148;
13561 : 155;
13562 : 162;
13563 : 170;
13564 : 162;
13565 : 162;
13566 : 162;
13567 : 162;
13568 : 86;
13569 : 86;
13570 : 94;
13571 : 100;
13572 : 94;
13573 : 94;
13574 : 94;
13575 : 94;
13576 : 94;
13577 : 86;
13578 : 94;
13579 : 86;
13580 : 106;
13581 : 120;
13582 : 130;
13583 : 141;
13584 : 148;
13585 : 155;
13586 : 162;
13587 : 162;
13588 : 162;
13589 : 162;
13590 : 162;
13591 : 162;
13592 : 162;
13593 : 162;
13594 : 155;
13595 : 148;
13596 : 141;
13597 : 130;
13598 : 113;
13599 : 94;
13600 : 86;
13601 : 77;
13602 : 77;
13603 : 86;
13604 : 86;
13605 : 94;
13606 : 94;
13607 : 94;
13608 : 100;
13609 : 94;
13610 : 94;
13611 : 106;
13612 : 106;
13613 : 100;
13614 : 100;
13615 : 94;
13616 : 94;
13617 : 106;
13618 : 100;
13619 : 100;
13620 : 106;
13621 : 106;
13622 : 106;
13623 : 113;
13624 : 106;
13625 : 113;
13626 : 113;
13627 : 120;
13628 : 113;
13629 : 113;
13630 : 113;
13631 : 106;
13632 : 113;
13633 : 200;
13634 : 141;
13635 : 100;
13636 : 100;
13637 : 106;
13638 : 106;
13639 : 100;
13640 : 106;
13641 : 113;
13642 : 106;
13643 : 113;
13644 : 113;
13645 : 113;
13646 : 113;
13647 : 113;
13648 : 113;
13649 : 113;
13650 : 113;
13651 : 113;
13652 : 125;
13653 : 120;
13654 : 130;
13655 : 113;
13656 : 130;
13657 : 148;
13658 : 135;
13659 : 130;
13660 : 148;
13661 : 141;
13662 : 148;
13663 : 130;
13664 : 113;
13665 : 148;
13666 : 135;
13667 : 148;
13668 : 141;
13669 : 135;
13670 : 141;
13671 : 135;
13672 : 130;
13673 : 125;
13674 : 113;
13675 : 135;
13676 : 125;
13677 : 125;
13678 : 130;
13679 : 141;
13680 : 192;
13681 : 192;
13682 : 170;
13683 : 179;
13684 : 192;
13685 : 200;
13686 : 200;
13687 : 192;
13688 : 192;
13689 : 200;
13690 : 179;
13691 : 192;
13692 : 192;
13693 : 192;
13694 : 192;
13695 : 179;
13696 : 179;
13697 : 192;
13698 : 200;
13699 : 200;
13700 : 206;
13701 : 206;
13702 : 200;
13703 : 206;
13704 : 200;
13705 : 206;
13706 : 206;
13707 : 200;
13708 : 206;
13709 : 200;
13710 : 206;
13711 : 206;
13712 : 206;
13713 : 212;
13714 : 206;
13715 : 206;
13716 : 206;
13717 : 206;
13718 : 206;
13719 : 206;
13720 : 206;
13721 : 212;
13722 : 212;
13723 : 212;
13724 : 212;
13725 : 212;
13726 : 222;
13727 : 222;
13728 : 192;
13729 : 57;
13730 : 68;
13731 : 68;
13732 : 77;
13733 : 94;
13734 : 106;
13735 : 125;
13736 : 135;
13737 : 141;
13738 : 148;
13739 : 155;
13740 : 155;
13741 : 155;
13742 : 155;
13743 : 155;
13744 : 148;
13745 : 155;
13746 : 155;
13747 : 148;
13748 : 141;
13749 : 130;
13750 : 113;
13751 : 94;
13752 : 68;
13753 : 49;
13754 : 42;
13755 : 42;
13756 : 49;
13757 : 49;
13758 : 42;
13759 : 42;
13760 : 68;
13761 : 86;
13762 : 113;
13763 : 120;
13764 : 130;
13765 : 141;
13766 : 141;
13767 : 148;
13768 : 141;
13769 : 135;
13770 : 141;
13771 : 141;
13772 : 141;
13773 : 148;
13774 : 148;
13775 : 148;
13776 : 155;
13777 : 130;
13778 : 57;
13779 : 42;
13780 : 49;
13781 : 42;
13782 : 49;
13783 : 49;
13784 : 42;
13785 : 49;
13786 : 57;
13787 : 57;
13788 : 49;
13789 : 57;
13790 : 49;
13791 : 49;
13792 : 49;
13793 : 49;
13794 : 49;
13795 : 49;
13796 : 57;
13797 : 49;
13798 : 49;
13799 : 49;
13800 : 57;
13801 : 49;
13802 : 57;
13803 : 49;
13804 : 49;
13805 : 42;
13806 : 57;
13807 : 68;
13808 : 106;
13809 : 135;
13810 : 155;
13811 : 148;
13812 : 148;
13813 : 135;
13814 : 135;
13815 : 141;
13816 : 155;
13817 : 162;
13818 : 162;
13819 : 162;
13820 : 162;
13821 : 162;
13822 : 170;
13823 : 162;
13824 : 86;
13825 : 86;
13826 : 86;
13827 : 100;
13828 : 94;
13829 : 94;
13830 : 86;
13831 : 86;
13832 : 94;
13833 : 86;
13834 : 86;
13835 : 86;
13836 : 100;
13837 : 120;
13838 : 135;
13839 : 141;
13840 : 155;
13841 : 155;
13842 : 162;
13843 : 162;
13844 : 162;
13845 : 162;
13846 : 162;
13847 : 162;
13848 : 162;
13849 : 170;
13850 : 155;
13851 : 148;
13852 : 141;
13853 : 125;
13854 : 113;
13855 : 94;
13856 : 86;
13857 : 68;
13858 : 77;
13859 : 86;
13860 : 86;
13861 : 86;
13862 : 94;
13863 : 94;
13864 : 100;
13865 : 100;
13866 : 94;
13867 : 100;
13868 : 100;
13869 : 100;
13870 : 100;
13871 : 100;
13872 : 94;
13873 : 100;
13874 : 100;
13875 : 100;
13876 : 106;
13877 : 106;
13878 : 106;
13879 : 113;
13880 : 113;
13881 : 113;
13882 : 113;
13883 : 113;
13884 : 113;
13885 : 113;
13886 : 113;
13887 : 113;
13888 : 113;
13889 : 200;
13890 : 141;
13891 : 100;
13892 : 106;
13893 : 106;
13894 : 113;
13895 : 100;
13896 : 113;
13897 : 113;
13898 : 106;
13899 : 113;
13900 : 113;
13901 : 113;
13902 : 120;
13903 : 106;
13904 : 113;
13905 : 120;
13906 : 125;
13907 : 120;
13908 : 120;
13909 : 125;
13910 : 120;
13911 : 130;
13912 : 125;
13913 : 120;
13914 : 135;
13915 : 141;
13916 : 141;
13917 : 141;
13918 : 125;
13919 : 130;
13920 : 148;
13921 : 125;
13922 : 141;
13923 : 141;
13924 : 135;
13925 : 141;
13926 : 130;
13927 : 135;
13928 : 125;
13929 : 113;
13930 : 130;
13931 : 120;
13932 : 125;
13933 : 113;
13934 : 170;
13935 : 179;
13936 : 170;
13937 : 200;
13938 : 179;
13939 : 192;
13940 : 179;
13941 : 200;
13942 : 179;
13943 : 192;
13944 : 192;
13945 : 192;
13946 : 200;
13947 : 179;
13948 : 192;
13949 : 179;
13950 : 179;
13951 : 192;
13952 : 192;
13953 : 200;
13954 : 200;
13955 : 192;
13956 : 206;
13957 : 200;
13958 : 200;
13959 : 206;
13960 : 212;
13961 : 192;
13962 : 212;
13963 : 200;
13964 : 200;
13965 : 206;
13966 : 206;
13967 : 206;
13968 : 206;
13969 : 206;
13970 : 206;
13971 : 206;
13972 : 206;
13973 : 200;
13974 : 200;
13975 : 200;
13976 : 200;
13977 : 206;
13978 : 212;
13979 : 212;
13980 : 212;
13981 : 222;
13982 : 222;
13983 : 222;
13984 : 212;
13985 : 120;
13986 : 86;
13987 : 68;
13988 : 77;
13989 : 86;
13990 : 113;
13991 : 125;
13992 : 135;
13993 : 141;
13994 : 148;
13995 : 148;
13996 : 155;
13997 : 148;
13998 : 162;
13999 : 155;
14000 : 148;
14001 : 155;
14002 : 148;
14003 : 148;
14004 : 135;
14005 : 130;
14006 : 113;
14007 : 94;
14008 : 68;
14009 : 49;
14010 : 49;
14011 : 49;
14012 : 42;
14013 : 42;
14014 : 34;
14015 : 42;
14016 : 49;
14017 : 68;
14018 : 86;
14019 : 106;
14020 : 120;
14021 : 130;
14022 : 135;
14023 : 141;
14024 : 141;
14025 : 141;
14026 : 135;
14027 : 141;
14028 : 141;
14029 : 141;
14030 : 148;
14031 : 148;
14032 : 135;
14033 : 100;
14034 : 49;
14035 : 42;
14036 : 49;
14037 : 42;
14038 : 42;
14039 : 42;
14040 : 49;
14041 : 49;
14042 : 57;
14043 : 49;
14044 : 49;
14045 : 57;
14046 : 49;
14047 : 57;
14048 : 49;
14049 : 42;
14050 : 57;
14051 : 49;
14052 : 57;
14053 : 49;
14054 : 42;
14055 : 49;
14056 : 57;
14057 : 57;
14058 : 49;
14059 : 49;
14060 : 42;
14061 : 49;
14062 : 57;
14063 : 100;
14064 : 135;
14065 : 148;
14066 : 155;
14067 : 148;
14068 : 148;
14069 : 135;
14070 : 141;
14071 : 155;
14072 : 155;
14073 : 162;
14074 : 162;
14075 : 162;
14076 : 162;
14077 : 162;
14078 : 170;
14079 : 162;
14080 : 94;
14081 : 94;
14082 : 86;
14083 : 94;
14084 : 86;
14085 : 94;
14086 : 86;
14087 : 94;
14088 : 94;
14089 : 86;
14090 : 86;
14091 : 86;
14092 : 100;
14093 : 113;
14094 : 130;
14095 : 141;
14096 : 148;
14097 : 155;
14098 : 162;
14099 : 162;
14100 : 170;
14101 : 162;
14102 : 162;
14103 : 162;
14104 : 155;
14105 : 170;
14106 : 162;
14107 : 155;
14108 : 141;
14109 : 130;
14110 : 113;
14111 : 100;
14112 : 77;
14113 : 68;
14114 : 77;
14115 : 77;
14116 : 86;
14117 : 86;
14118 : 94;
14119 : 94;
14120 : 100;
14121 : 100;
14122 : 94;
14123 : 100;
14124 : 100;
14125 : 100;
14126 : 106;
14127 : 106;
14128 : 100;
14129 : 100;
14130 : 106;
14131 : 106;
14132 : 113;
14133 : 113;
14134 : 113;
14135 : 106;
14136 : 113;
14137 : 113;
14138 : 106;
14139 : 113;
14140 : 113;
14141 : 106;
14142 : 106;
14143 : 113;
14144 : 170;
14145 : 192;
14146 : 106;
14147 : 106;
14148 : 94;
14149 : 100;
14150 : 106;
14151 : 106;
14152 : 113;
14153 : 113;
14154 : 106;
14155 : 113;
14156 : 106;
14157 : 113;
14158 : 113;
14159 : 113;
14160 : 130;
14161 : 120;
14162 : 120;
14163 : 130;
14164 : 120;
14165 : 125;
14166 : 130;
14167 : 120;
14168 : 135;
14169 : 135;
14170 : 141;
14171 : 141;
14172 : 135;
14173 : 125;
14174 : 135;
14175 : 130;
14176 : 130;
14177 : 148;
14178 : 135;
14179 : 135;
14180 : 141;
14181 : 135;
14182 : 135;
14183 : 120;
14184 : 135;
14185 : 120;
14186 : 106;
14187 : 113;
14188 : 120;
14189 : 179;
14190 : 170;
14191 : 170;
14192 : 192;
14193 : 192;
14194 : 200;
14195 : 179;
14196 : 192;
14197 : 179;
14198 : 179;
14199 : 192;
14200 : 192;
14201 : 192;
14202 : 179;
14203 : 179;
14204 : 179;
14205 : 200;
14206 : 192;
14207 : 200;
14208 : 200;
14209 : 192;
14210 : 200;
14211 : 200;
14212 : 192;
14213 : 206;
14214 : 206;
14215 : 200;
14216 : 200;
14217 : 200;
14218 : 200;
14219 : 206;
14220 : 200;
14221 : 200;
14222 : 206;
14223 : 200;
14224 : 206;
14225 : 200;
14226 : 200;
14227 : 200;
14228 : 206;
14229 : 206;
14230 : 206;
14231 : 206;
14232 : 200;
14233 : 206;
14234 : 212;
14235 : 212;
14236 : 212;
14237 : 212;
14238 : 222;
14239 : 222;
14240 : 222;
14241 : 212;
14242 : 86;
14243 : 57;
14244 : 68;
14245 : 86;
14246 : 113;
14247 : 130;
14248 : 135;
14249 : 141;
14250 : 148;
14251 : 148;
14252 : 155;
14253 : 155;
14254 : 155;
14255 : 155;
14256 : 155;
14257 : 155;
14258 : 155;
14259 : 148;
14260 : 141;
14261 : 130;
14262 : 113;
14263 : 94;
14264 : 77;
14265 : 49;
14266 : 49;
14267 : 49;
14268 : 42;
14269 : 42;
14270 : 42;
14271 : 42;
14272 : 34;
14273 : 49;
14274 : 68;
14275 : 94;
14276 : 100;
14277 : 113;
14278 : 179;
14279 : 192;
14280 : 200;
14281 : 206;
14282 : 162;
14283 : 141;
14284 : 135;
14285 : 170;
14286 : 148;
14287 : 148;
14288 : 120;
14289 : 42;
14290 : 42;
14291 : 49;
14292 : 42;
14293 : 49;
14294 : 42;
14295 : 49;
14296 : 57;
14297 : 57;
14298 : 68;
14299 : 49;
14300 : 49;
14301 : 49;
14302 : 57;
14303 : 49;
14304 : 49;
14305 : 49;
14306 : 49;
14307 : 49;
14308 : 57;
14309 : 42;
14310 : 49;
14311 : 57;
14312 : 57;
14313 : 57;
14314 : 49;
14315 : 42;
14316 : 34;
14317 : 49;
14318 : 100;
14319 : 125;
14320 : 148;
14321 : 148;
14322 : 148;
14323 : 141;
14324 : 130;
14325 : 141;
14326 : 148;
14327 : 155;
14328 : 162;
14329 : 162;
14330 : 162;
14331 : 162;
14332 : 162;
14333 : 162;
14334 : 162;
14335 : 162;
14336 : 94;
14337 : 94;
14338 : 94;
14339 : 94;
14340 : 86;
14341 : 86;
14342 : 94;
14343 : 94;
14344 : 86;
14345 : 94;
14346 : 77;
14347 : 86;
14348 : 100;
14349 : 113;
14350 : 141;
14351 : 148;
14352 : 148;
14353 : 155;
14354 : 162;
14355 : 162;
14356 : 170;
14357 : 162;
14358 : 162;
14359 : 162;
14360 : 162;
14361 : 162;
14362 : 162;
14363 : 148;
14364 : 148;
14365 : 125;
14366 : 113;
14367 : 100;
14368 : 77;
14369 : 77;
14370 : 77;
14371 : 86;
14372 : 86;
14373 : 94;
14374 : 94;
14375 : 100;
14376 : 94;
14377 : 94;
14378 : 94;
14379 : 100;
14380 : 94;
14381 : 100;
14382 : 100;
14383 : 100;
14384 : 100;
14385 : 106;
14386 : 100;
14387 : 113;
14388 : 106;
14389 : 100;
14390 : 106;
14391 : 113;
14392 : 113;
14393 : 120;
14394 : 113;
14395 : 113;
14396 : 106;
14397 : 106;
14398 : 100;
14399 : 106;
14400 : 212;
14401 : 170;
14402 : 120;
14403 : 100;
14404 : 113;
14405 : 106;
14406 : 100;
14407 : 106;
14408 : 106;
14409 : 106;
14410 : 106;
14411 : 113;
14412 : 113;
14413 : 113;
14414 : 106;
14415 : 120;
14416 : 113;
14417 : 125;
14418 : 113;
14419 : 113;
14420 : 125;
14421 : 125;
14422 : 130;
14423 : 135;
14424 : 130;
14425 : 135;
14426 : 135;
14427 : 130;
14428 : 135;
14429 : 135;
14430 : 125;
14431 : 148;
14432 : 135;
14433 : 135;
14434 : 135;
14435 : 148;
14436 : 141;
14437 : 135;
14438 : 125;
14439 : 130;
14440 : 125;
14441 : 106;
14442 : 106;
14443 : 141;
14444 : 179;
14445 : 179;
14446 : 192;
14447 : 192;
14448 : 179;
14449 : 192;
14450 : 192;
14451 : 192;
14452 : 192;
14453 : 192;
14454 : 179;
14455 : 192;
14456 : 179;
14457 : 179;
14458 : 170;
14459 : 192;
14460 : 192;
14461 : 200;
14462 : 200;
14463 : 192;
14464 : 192;
14465 : 200;
14466 : 192;
14467 : 192;
14468 : 200;
14469 : 200;
14470 : 206;
14471 : 206;
14472 : 206;
14473 : 200;
14474 : 206;
14475 : 200;
14476 : 206;
14477 : 200;
14478 : 206;
14479 : 200;
14480 : 200;
14481 : 192;
14482 : 206;
14483 : 200;
14484 : 206;
14485 : 206;
14486 : 212;
14487 : 206;
14488 : 206;
14489 : 206;
14490 : 212;
14491 : 206;
14492 : 212;
14493 : 212;
14494 : 222;
14495 : 222;
14496 : 222;
14497 : 222;
14498 : 200;
14499 : 49;
14500 : 68;
14501 : 86;
14502 : 106;
14503 : 125;
14504 : 135;
14505 : 148;
14506 : 155;
14507 : 148;
14508 : 148;
14509 : 148;
14510 : 155;
14511 : 155;
14512 : 148;
14513 : 155;
14514 : 155;
14515 : 148;
14516 : 141;
14517 : 125;
14518 : 120;
14519 : 94;
14520 : 57;
14521 : 49;
14522 : 49;
14523 : 42;
14524 : 49;
14525 : 49;
14526 : 42;
14527 : 34;
14528 : 42;
14529 : 42;
14530 : 42;
14531 : 68;
14532 : 162;
14533 : 206;
14534 : 212;
14535 : 222;
14536 : 212;
14537 : 212;
14538 : 200;
14539 : 179;
14540 : 206;
14541 : 206;
14542 : 162;
14543 : 135;
14544 : 57;
14545 : 49;
14546 : 49;
14547 : 42;
14548 : 49;
14549 : 49;
14550 : 42;
14551 : 49;
14552 : 57;
14553 : 57;
14554 : 57;
14555 : 49;
14556 : 57;
14557 : 68;
14558 : 57;
14559 : 57;
14560 : 57;
14561 : 57;
14562 : 49;
14563 : 57;
14564 : 42;
14565 : 49;
14566 : 49;
14567 : 57;
14568 : 57;
14569 : 49;
14570 : 49;
14571 : 42;
14572 : 42;
14573 : 77;
14574 : 113;
14575 : 141;
14576 : 155;
14577 : 148;
14578 : 141;
14579 : 135;
14580 : 135;
14581 : 148;
14582 : 155;
14583 : 162;
14584 : 162;
14585 : 162;
14586 : 162;
14587 : 155;
14588 : 162;
14589 : 155;
14590 : 155;
14591 : 162;
14592 : 94;
14593 : 86;
14594 : 94;
14595 : 86;
14596 : 86;
14597 : 86;
14598 : 86;
14599 : 94;
14600 : 86;
14601 : 86;
14602 : 86;
14603 : 86;
14604 : 100;
14605 : 113;
14606 : 130;
14607 : 141;
14608 : 148;
14609 : 155;
14610 : 155;
14611 : 162;
14612 : 162;
14613 : 162;
14614 : 162;
14615 : 162;
14616 : 162;
14617 : 155;
14618 : 162;
14619 : 148;
14620 : 141;
14621 : 130;
14622 : 120;
14623 : 100;
14624 : 86;
14625 : 68;
14626 : 77;
14627 : 77;
14628 : 86;
14629 : 86;
14630 : 94;
14631 : 94;
14632 : 94;
14633 : 94;
14634 : 100;
14635 : 94;
14636 : 94;
14637 : 94;
14638 : 100;
14639 : 94;
14640 : 100;
14641 : 100;
14642 : 100;
14643 : 106;
14644 : 100;
14645 : 113;
14646 : 106;
14647 : 113;
14648 : 113;
14649 : 120;
14650 : 113;
14651 : 113;
14652 : 106;
14653 : 106;
14654 : 100;
14655 : 155;
14656 : 206;
14657 : 162;
14658 : 106;
14659 : 94;
14660 : 106;
14661 : 106;
14662 : 100;
14663 : 106;
14664 : 106;
14665 : 113;
14666 : 113;
14667 : 113;
14668 : 113;
14669 : 106;
14670 : 113;
14671 : 100;
14672 : 120;
14673 : 113;
14674 : 125;
14675 : 120;
14676 : 125;
14677 : 135;
14678 : 130;
14679 : 135;
14680 : 135;
14681 : 130;
14682 : 130;
14683 : 141;
14684 : 141;
14685 : 141;
14686 : 135;
14687 : 125;
14688 : 135;
14689 : 141;
14690 : 135;
14691 : 141;
14692 : 106;
14693 : 106;
14694 : 125;
14695 : 113;
14696 : 113;
14697 : 113;
14698 : 170;
14699 : 170;
14700 : 162;
14701 : 192;
14702 : 192;
14703 : 192;
14704 : 179;
14705 : 179;
14706 : 179;
14707 : 192;
14708 : 179;
14709 : 192;
14710 : 200;
14711 : 162;
14712 : 162;
14713 : 170;
14714 : 192;
14715 : 192;
14716 : 192;
14717 : 192;
14718 : 200;
14719 : 200;
14720 : 192;
14721 : 200;
14722 : 200;
14723 : 192;
14724 : 200;
14725 : 200;
14726 : 192;
14727 : 200;
14728 : 206;
14729 : 200;
14730 : 200;
14731 : 200;
14732 : 200;
14733 : 200;
14734 : 200;
14735 : 200;
14736 : 212;
14737 : 206;
14738 : 200;
14739 : 206;
14740 : 206;
14741 : 206;
14742 : 212;
14743 : 206;
14744 : 206;
14745 : 200;
14746 : 206;
14747 : 212;
14748 : 212;
14749 : 212;
14750 : 222;
14751 : 222;
14752 : 222;
14753 : 222;
14754 : 222;
14755 : 49;
14756 : 57;
14757 : 86;
14758 : 106;
14759 : 125;
14760 : 135;
14761 : 148;
14762 : 148;
14763 : 148;
14764 : 155;
14765 : 148;
14766 : 148;
14767 : 155;
14768 : 155;
14769 : 155;
14770 : 148;
14771 : 155;
14772 : 141;
14773 : 130;
14774 : 113;
14775 : 94;
14776 : 77;
14777 : 57;
14778 : 49;
14779 : 42;
14780 : 49;
14781 : 42;
14782 : 34;
14783 : 34;
14784 : 34;
14785 : 34;
14786 : 42;
14787 : 200;
14788 : 206;
14789 : 222;
14790 : 212;
14791 : 206;
14792 : 179;
14793 : 192;
14794 : 206;
14795 : 212;
14796 : 212;
14797 : 222;
14798 : 222;
14799 : 155;
14800 : 42;
14801 : 42;
14802 : 42;
14803 : 42;
14804 : 42;
14805 : 42;
14806 : 49;
14807 : 49;
14808 : 57;
14809 : 49;
14810 : 57;
14811 : 49;
14812 : 49;
14813 : 49;
14814 : 57;
14815 : 49;
14816 : 57;
14817 : 49;
14818 : 57;
14819 : 42;
14820 : 42;
14821 : 49;
14822 : 49;
14823 : 57;
14824 : 49;
14825 : 42;
14826 : 34;
14827 : 57;
14828 : 77;
14829 : 113;
14830 : 141;
14831 : 155;
14832 : 148;
14833 : 141;
14834 : 141;
14835 : 135;
14836 : 148;
14837 : 162;
14838 : 162;
14839 : 162;
14840 : 162;
14841 : 155;
14842 : 155;
14843 : 162;
14844 : 155;
14845 : 162;
14846 : 155;
14847 : 162;
14848 : 86;
14849 : 86;
14850 : 86;
14851 : 94;
14852 : 86;
14853 : 86;
14854 : 94;
14855 : 94;
14856 : 100;
14857 : 86;
14858 : 77;
14859 : 77;
14860 : 100;
14861 : 113;
14862 : 130;
14863 : 141;
14864 : 155;
14865 : 155;
14866 : 162;
14867 : 170;
14868 : 162;
14869 : 162;
14870 : 162;
14871 : 162;
14872 : 162;
14873 : 162;
14874 : 162;
14875 : 148;
14876 : 141;
14877 : 130;
14878 : 113;
14879 : 94;
14880 : 77;
14881 : 68;
14882 : 77;
14883 : 77;
14884 : 86;
14885 : 86;
14886 : 86;
14887 : 86;
14888 : 94;
14889 : 94;
14890 : 94;
14891 : 94;
14892 : 100;
14893 : 94;
14894 : 94;
14895 : 94;
14896 : 100;
14897 : 94;
14898 : 106;
14899 : 106;
14900 : 106;
14901 : 106;
14902 : 106;
14903 : 113;
14904 : 106;
14905 : 106;
14906 : 106;
14907 : 113;
14908 : 106;
14909 : 100;
14910 : 94;
14911 : 222;
14912 : 206;
14913 : 148;
14914 : 106;
14915 : 94;
14916 : 106;
14917 : 100;
14918 : 100;
14919 : 113;
14920 : 113;
14921 : 106;
14922 : 120;
14923 : 113;
14924 : 113;
14925 : 113;
14926 : 120;
14927 : 113;
14928 : 113;
14929 : 120;
14930 : 113;
14931 : 120;
14932 : 125;
14933 : 125;
14934 : 135;
14935 : 130;
14936 : 148;
14937 : 141;
14938 : 125;
14939 : 130;
14940 : 148;
14941 : 130;
14942 : 125;
14943 : 141;
14944 : 135;
14945 : 148;
14946 : 125;
14947 : 113;
14948 : 120;
14949 : 113;
14950 : 113;
14951 : 113;
14952 : 141;
14953 : 155;
14954 : 179;
14955 : 179;
14956 : 170;
14957 : 192;
14958 : 192;
14959 : 179;
14960 : 192;
14961 : 170;
14962 : 170;
14963 : 179;
14964 : 192;
14965 : 192;
14966 : 170;
14967 : 179;
14968 : 192;
14969 : 192;
14970 : 179;
14971 : 192;
14972 : 192;
14973 : 200;
14974 : 192;
14975 : 192;
14976 : 200;
14977 : 179;
14978 : 200;
14979 : 200;
14980 : 192;
14981 : 192;
14982 : 200;
14983 : 192;
14984 : 206;
14985 : 200;
14986 : 192;
14987 : 192;
14988 : 192;
14989 : 206;
14990 : 206;
14991 : 206;
14992 : 200;
14993 : 206;
14994 : 206;
14995 : 192;
14996 : 200;
14997 : 206;
14998 : 206;
14999 : 206;
15000 : 206;
15001 : 212;
15002 : 206;
15003 : 212;
15004 : 206;
15005 : 212;
15006 : 212;
15007 : 212;
15008 : 222;
15009 : 222;
15010 : 222;
15011 : 113;
15012 : 57;
15013 : 77;
15014 : 94;
15015 : 120;
15016 : 135;
15017 : 148;
15018 : 148;
15019 : 148;
15020 : 155;
15021 : 155;
15022 : 155;
15023 : 155;
15024 : 155;
15025 : 148;
15026 : 155;
15027 : 148;
15028 : 141;
15029 : 125;
15030 : 113;
15031 : 94;
15032 : 77;
15033 : 49;
15034 : 49;
15035 : 42;
15036 : 42;
15037 : 34;
15038 : 34;
15039 : 34;
15040 : 34;
15041 : 57;
15042 : 206;
15043 : 212;
15044 : 222;
15045 : 206;
15046 : 179;
15047 : 192;
15048 : 206;
15049 : 206;
15050 : 222;
15051 : 222;
15052 : 222;
15053 : 222;
15054 : 212;
15055 : 222;
15056 : 34;
15057 : 42;
15058 : 42;
15059 : 42;
15060 : 49;
15061 : 49;
15062 : 49;
15063 : 57;
15064 : 57;
15065 : 49;
15066 : 49;
15067 : 68;
15068 : 57;
15069 : 42;
15070 : 49;
15071 : 49;
15072 : 49;
15073 : 57;
15074 : 49;
15075 : 49;
15076 : 49;
15077 : 57;
15078 : 57;
15079 : 68;
15080 : 57;
15081 : 49;
15082 : 42;
15083 : 49;
15084 : 94;
15085 : 135;
15086 : 148;
15087 : 148;
15088 : 148;
15089 : 141;
15090 : 135;
15091 : 141;
15092 : 155;
15093 : 162;
15094 : 170;
15095 : 162;
15096 : 162;
15097 : 162;
15098 : 155;
15099 : 162;
15100 : 155;
15101 : 155;
15102 : 155;
15103 : 155;
15104 : 94;
15105 : 86;
15106 : 86;
15107 : 86;
15108 : 86;
15109 : 86;
15110 : 94;
15111 : 86;
15112 : 86;
15113 : 86;
15114 : 86;
15115 : 86;
15116 : 94;
15117 : 113;
15118 : 135;
15119 : 141;
15120 : 148;
15121 : 155;
15122 : 162;
15123 : 162;
15124 : 162;
15125 : 162;
15126 : 162;
15127 : 162;
15128 : 162;
15129 : 162;
15130 : 162;
15131 : 148;
15132 : 141;
15133 : 135;
15134 : 113;
15135 : 94;
15136 : 77;
15137 : 77;
15138 : 77;
15139 : 77;
15140 : 86;
15141 : 86;
15142 : 86;
15143 : 94;
15144 : 94;
15145 : 94;
15146 : 94;
15147 : 100;
15148 : 94;
15149 : 94;
15150 : 94;
15151 : 86;
15152 : 94;
15153 : 100;
15154 : 100;
15155 : 106;
15156 : 106;
15157 : 106;
15158 : 106;
15159 : 106;
15160 : 106;
15161 : 113;
15162 : 113;
15163 : 113;
15164 : 100;
15165 : 106;
15166 : 106;
15167 : 212;
15168 : 179;
15169 : 135;
15170 : 113;
15171 : 100;
15172 : 94;
15173 : 100;
15174 : 106;
15175 : 113;
15176 : 106;
15177 : 113;
15178 : 106;
15179 : 120;
15180 : 113;
15181 : 120;
15182 : 113;
15183 : 120;
15184 : 120;
15185 : 120;
15186 : 120;
15187 : 125;
15188 : 120;
15189 : 130;
15190 : 130;
15191 : 135;
15192 : 135;
15193 : 125;
15194 : 130;
15195 : 130;
15196 : 113;
15197 : 135;
15198 : 135;
15199 : 135;
15200 : 141;
15201 : 125;
15202 : 125;
15203 : 130;
15204 : 113;
15205 : 106;
15206 : 106;
15207 : 170;
15208 : 170;
15209 : 162;
15210 : 170;
15211 : 192;
15212 : 179;
15213 : 179;
15214 : 179;
15215 : 170;
15216 : 179;
15217 : 179;
15218 : 179;
15219 : 179;
15220 : 155;
15221 : 170;
15222 : 179;
15223 : 192;
15224 : 192;
15225 : 179;
15226 : 192;
15227 : 179;
15228 : 192;
15229 : 192;
15230 : 200;
15231 : 192;
15232 : 192;
15233 : 200;
15234 : 192;
15235 : 200;
15236 : 192;
15237 : 192;
15238 : 200;
15239 : 200;
15240 : 192;
15241 : 192;
15242 : 192;
15243 : 200;
15244 : 200;
15245 : 200;
15246 : 200;
15247 : 206;
15248 : 200;
15249 : 200;
15250 : 206;
15251 : 206;
15252 : 200;
15253 : 206;
15254 : 206;
15255 : 206;
15256 : 206;
15257 : 206;
15258 : 206;
15259 : 200;
15260 : 206;
15261 : 206;
15262 : 212;
15263 : 212;
15264 : 222;
15265 : 222;
15266 : 222;
15267 : 206;
15268 : 49;
15269 : 77;
15270 : 100;
15271 : 113;
15272 : 135;
15273 : 141;
15274 : 148;
15275 : 155;
15276 : 148;
15277 : 155;
15278 : 155;
15279 : 148;
15280 : 148;
15281 : 155;
15282 : 148;
15283 : 148;
15284 : 141;
15285 : 130;
15286 : 106;
15287 : 94;
15288 : 68;
15289 : 49;
15290 : 42;
15291 : 42;
15292 : 34;
15293 : 34;
15294 : 34;
15295 : 34;
15296 : 120;
15297 : 206;
15298 : 222;
15299 : 212;
15300 : 200;
15301 : 179;
15302 : 206;
15303 : 206;
15304 : 222;
15305 : 222;
15306 : 222;
15307 : 222;
15308 : 222;
15309 : 222;
15310 : 222;
15311 : 222;
15312 : 57;
15313 : 42;
15314 : 42;
15315 : 34;
15316 : 57;
15317 : 42;
15318 : 57;
15319 : 57;
15320 : 57;
15321 : 57;
15322 : 49;
15323 : 57;
15324 : 57;
15325 : 49;
15326 : 49;
15327 : 57;
15328 : 49;
15329 : 49;
15330 : 49;
15331 : 57;
15332 : 57;
15333 : 57;
15334 : 49;
15335 : 57;
15336 : 42;
15337 : 34;
15338 : 42;
15339 : 68;
15340 : 125;
15341 : 148;
15342 : 155;
15343 : 148;
15344 : 141;
15345 : 141;
15346 : 141;
15347 : 155;
15348 : 162;
15349 : 162;
15350 : 162;
15351 : 162;
15352 : 162;
15353 : 162;
15354 : 155;
15355 : 162;
15356 : 162;
15357 : 162;
15358 : 162;
15359 : 155;
15360 : 86;
15361 : 86;
15362 : 94;
15363 : 86;
15364 : 94;
15365 : 94;
15366 : 94;
15367 : 100;
15368 : 94;
15369 : 86;
15370 : 94;
15371 : 86;
15372 : 100;
15373 : 113;
15374 : 130;
15375 : 141;
15376 : 148;
15377 : 155;
15378 : 162;
15379 : 170;
15380 : 170;
15381 : 162;
15382 : 162;
15383 : 162;
15384 : 170;
15385 : 162;
15386 : 155;
15387 : 155;
15388 : 141;
15389 : 130;
15390 : 113;
15391 : 94;
15392 : 77;
15393 : 68;
15394 : 77;
15395 : 77;
15396 : 86;
15397 : 86;
15398 : 94;
15399 : 94;
15400 : 100;
15401 : 100;
15402 : 94;
15403 : 94;
15404 : 100;
15405 : 100;
15406 : 94;
15407 : 100;
15408 : 94;
15409 : 94;
15410 : 94;
15411 : 100;
15412 : 100;
15413 : 100;
15414 : 106;
15415 : 106;
15416 : 106;
15417 : 113;
15418 : 113;
15419 : 106;
15420 : 106;
15421 : 100;
15422 : 162;
15423 : 206;
15424 : 170;
15425 : 170;
15426 : 113;
15427 : 100;
15428 : 100;
15429 : 100;
15430 : 106;
15431 : 113;
15432 : 113;
15433 : 100;
15434 : 120;
15435 : 113;
15436 : 106;
15437 : 120;
15438 : 120;
15439 : 113;
15440 : 120;
15441 : 125;
15442 : 113;
15443 : 135;
15444 : 125;
15445 : 130;
15446 : 135;
15447 : 120;
15448 : 120;
15449 : 135;
15450 : 113;
15451 : 113;
15452 : 135;
15453 : 141;
15454 : 130;
15455 : 135;
15456 : 125;
15457 : 125;
15458 : 120;
15459 : 106;
15460 : 106;
15461 : 113;
15462 : 155;
15463 : 162;
15464 : 179;
15465 : 179;
15466 : 192;
15467 : 192;
15468 : 162;
15469 : 162;
15470 : 170;
15471 : 179;
15472 : 179;
15473 : 179;
15474 : 170;
15475 : 162;
15476 : 179;
15477 : 179;
15478 : 179;
15479 : 179;
15480 : 192;
15481 : 192;
15482 : 179;
15483 : 192;
15484 : 192;
15485 : 192;
15486 : 192;
15487 : 192;
15488 : 192;
15489 : 192;
15490 : 200;
15491 : 179;
15492 : 200;
15493 : 192;
15494 : 192;
15495 : 179;
15496 : 192;
15497 : 200;
15498 : 200;
15499 : 206;
15500 : 200;
15501 : 200;
15502 : 200;
15503 : 206;
15504 : 200;
15505 : 200;
15506 : 200;
15507 : 206;
15508 : 200;
15509 : 192;
15510 : 200;
15511 : 206;
15512 : 206;
15513 : 206;
15514 : 206;
15515 : 200;
15516 : 200;
15517 : 206;
15518 : 206;
15519 : 206;
15520 : 212;
15521 : 222;
15522 : 222;
15523 : 222;
15524 : 120;
15525 : 68;
15526 : 86;
15527 : 113;
15528 : 130;
15529 : 148;
15530 : 155;
15531 : 155;
15532 : 155;
15533 : 155;
15534 : 155;
15535 : 162;
15536 : 155;
15537 : 155;
15538 : 155;
15539 : 148;
15540 : 141;
15541 : 125;
15542 : 106;
15543 : 94;
15544 : 68;
15545 : 49;
15546 : 42;
15547 : 42;
15548 : 34;
15549 : 42;
15550 : 34;
15551 : 170;
15552 : 212;
15553 : 222;
15554 : 212;
15555 : 162;
15556 : 170;
15557 : 206;
15558 : 212;
15559 : 222;
15560 : 222;
15561 : 222;
15562 : 222;
15563 : 222;
15564 : 222;
15565 : 222;
15566 : 222;
15567 : 222;
15568 : 179;
15569 : 42;
15570 : 42;
15571 : 42;
15572 : 49;
15573 : 49;
15574 : 49;
15575 : 49;
15576 : 57;
15577 : 57;
15578 : 57;
15579 : 49;
15580 : 49;
15581 : 49;
15582 : 42;
15583 : 49;
15584 : 49;
15585 : 49;
15586 : 42;
15587 : 49;
15588 : 49;
15589 : 57;
15590 : 57;
15591 : 49;
15592 : 49;
15593 : 49;
15594 : 68;
15595 : 113;
15596 : 141;
15597 : 155;
15598 : 155;
15599 : 148;
15600 : 135;
15601 : 148;
15602 : 148;
15603 : 155;
15604 : 162;
15605 : 162;
15606 : 162;
15607 : 162;
15608 : 155;
15609 : 162;
15610 : 162;
15611 : 155;
15612 : 162;
15613 : 155;
15614 : 162;
15615 : 155;
15616 : 94;
15617 : 86;
15618 : 86;
15619 : 100;
15620 : 86;
15621 : 94;
15622 : 86;
15623 : 94;
15624 : 100;
15625 : 86;
15626 : 94;
15627 : 86;
15628 : 94;
15629 : 120;
15630 : 130;
15631 : 141;
15632 : 148;
15633 : 155;
15634 : 162;
15635 : 162;
15636 : 170;
15637 : 170;
15638 : 162;
15639 : 162;
15640 : 162;
15641 : 162;
15642 : 155;
15643 : 155;
15644 : 141;
15645 : 130;
15646 : 106;
15647 : 86;
15648 : 86;
15649 : 68;
15650 : 68;
15651 : 77;
15652 : 77;
15653 : 86;
15654 : 94;
15655 : 94;
15656 : 94;
15657 : 94;
15658 : 100;
15659 : 94;
15660 : 100;
15661 : 100;
15662 : 100;
15663 : 100;
15664 : 100;
15665 : 100;
15666 : 94;
15667 : 106;
15668 : 106;
15669 : 106;
15670 : 106;
15671 : 106;
15672 : 113;
15673 : 106;
15674 : 113;
15675 : 120;
15676 : 106;
15677 : 106;
15678 : 222;
15679 : 206;
15680 : 192;
15681 : 135;
15682 : 106;
15683 : 100;
15684 : 100;
15685 : 106;
15686 : 106;
15687 : 113;
15688 : 106;
15689 : 106;
15690 : 120;
15691 : 120;
15692 : 113;
15693 : 113;
15694 : 113;
15695 : 125;
15696 : 106;
15697 : 120;
15698 : 135;
15699 : 130;
15700 : 130;
15701 : 135;
15702 : 113;
15703 : 125;
15704 : 125;
15705 : 100;
15706 : 120;
15707 : 135;
15708 : 130;
15709 : 135;
15710 : 130;
15711 : 120;
15712 : 125;
15713 : 113;
15714 : 113;
15715 : 100;
15716 : 141;
15717 : 170;
15718 : 162;
15719 : 170;
15720 : 179;
15721 : 170;
15722 : 179;
15723 : 170;
15724 : 170;
15725 : 155;
15726 : 170;
15727 : 179;
15728 : 200;
15729 : 162;
15730 : 179;
15731 : 179;
15732 : 179;
15733 : 179;
15734 : 170;
15735 : 179;
15736 : 179;
15737 : 192;
15738 : 192;
15739 : 179;
15740 : 192;
15741 : 179;
15742 : 192;
15743 : 179;
15744 : 192;
15745 : 192;
15746 : 200;
15747 : 192;
15748 : 179;
15749 : 192;
15750 : 179;
15751 : 192;
15752 : 200;
15753 : 200;
15754 : 200;
15755 : 200;
15756 : 200;
15757 : 206;
15758 : 206;
15759 : 200;
15760 : 192;
15761 : 200;
15762 : 200;
15763 : 192;
15764 : 200;
15765 : 200;
15766 : 192;
15767 : 200;
15768 : 206;
15769 : 200;
15770 : 200;
15771 : 206;
15772 : 206;
15773 : 206;
15774 : 212;
15775 : 206;
15776 : 206;
15777 : 212;
15778 : 222;
15779 : 222;
15780 : 212;
15781 : 68;
15782 : 86;
15783 : 113;
15784 : 125;
15785 : 135;
15786 : 141;
15787 : 162;
15788 : 155;
15789 : 155;
15790 : 155;
15791 : 155;
15792 : 155;
15793 : 155;
15794 : 148;
15795 : 148;
15796 : 141;
15797 : 125;
15798 : 113;
15799 : 86;
15800 : 49;
15801 : 42;
15802 : 34;
15803 : 42;
15804 : 42;
15805 : 49;
15806 : 200;
15807 : 212;
15808 : 212;
15809 : 206;
15810 : 148;
15811 : 192;
15812 : 212;
15813 : 222;
15814 : 222;
15815 : 212;
15816 : 212;
15817 : 212;
15818 : 212;
15819 : 222;
15820 : 222;
15821 : 222;
15822 : 222;
15823 : 222;
15824 : 212;
15825 : 34;
15826 : 42;
15827 : 34;
15828 : 42;
15829 : 49;
15830 : 57;
15831 : 57;
15832 : 49;
15833 : 57;
15834 : 49;
15835 : 57;
15836 : 49;
15837 : 49;
15838 : 57;
15839 : 49;
15840 : 42;
15841 : 42;
15842 : 49;
15843 : 49;
15844 : 57;
15845 : 49;
15846 : 57;
15847 : 49;
15848 : 49;
15849 : 57;
15850 : 106;
15851 : 141;
15852 : 148;
15853 : 148;
15854 : 141;
15855 : 148;
15856 : 135;
15857 : 148;
15858 : 155;
15859 : 155;
15860 : 162;
15861 : 155;
15862 : 162;
15863 : 162;
15864 : 162;
15865 : 155;
15866 : 155;
15867 : 155;
15868 : 155;
15869 : 162;
15870 : 155;
15871 : 155;
15872 : 94;
15873 : 86;
15874 : 94;
15875 : 86;
15876 : 86;
15877 : 94;
15878 : 94;
15879 : 100;
15880 : 94;
15881 : 94;
15882 : 86;
15883 : 94;
15884 : 100;
15885 : 113;
15886 : 130;
15887 : 141;
15888 : 148;
15889 : 155;
15890 : 162;
15891 : 170;
15892 : 162;
15893 : 162;
15894 : 170;
15895 : 162;
15896 : 170;
15897 : 162;
15898 : 155;
15899 : 155;
15900 : 135;
15901 : 130;
15902 : 113;
15903 : 94;
15904 : 77;
15905 : 77;
15906 : 77;
15907 : 77;
15908 : 77;
15909 : 86;
15910 : 86;
15911 : 94;
15912 : 100;
15913 : 100;
15914 : 106;
15915 : 100;
15916 : 100;
15917 : 100;
15918 : 94;
15919 : 100;
15920 : 100;
15921 : 100;
15922 : 100;
15923 : 106;
15924 : 100;
15925 : 106;
15926 : 106;
15927 : 113;
15928 : 113;
15929 : 113;
15930 : 120;
15931 : 113;
15932 : 106;
15933 : 94;
15934 : 222;
15935 : 200;
15936 : 170;
15937 : 125;
15938 : 100;
15939 : 94;
15940 : 106;
15941 : 106;
15942 : 100;
15943 : 106;
15944 : 106;
15945 : 120;
15946 : 106;
15947 : 125;
15948 : 94;
15949 : 120;
15950 : 113;
15951 : 106;
15952 : 130;
15953 : 130;
15954 : 130;
15955 : 141;
15956 : 120;
15957 : 120;
15958 : 135;
15959 : 113;
15960 : 113;
15961 : 130;
15962 : 130;
15963 : 141;
15964 : 130;
15965 : 120;
15966 : 130;
15967 : 125;
15968 : 106;
15969 : 113;
15970 : 100;
15971 : 135;
15972 : 170;
15973 : 179;
15974 : 179;
15975 : 170;
15976 : 179;
15977 : 162;
15978 : 162;
15979 : 162;
15980 : 162;
15981 : 162;
15982 : 179;
15983 : 162;
15984 : 162;
15985 : 170;
15986 : 179;
15987 : 192;
15988 : 179;
15989 : 179;
15990 : 170;
15991 : 179;
15992 : 200;
15993 : 192;
15994 : 192;
15995 : 192;
15996 : 179;
15997 : 192;
15998 : 179;
15999 : 192;
16000 : 192;
16001 : 192;
16002 : 192;
16003 : 179;
16004 : 179;
16005 : 192;
16006 : 200;
16007 : 200;
16008 : 192;
16009 : 200;
16010 : 200;
16011 : 192;
16012 : 192;
16013 : 200;
16014 : 206;
16015 : 200;
16016 : 192;
16017 : 200;
16018 : 200;
16019 : 200;
16020 : 200;
16021 : 206;
16022 : 200;
16023 : 206;
16024 : 206;
16025 : 206;
16026 : 206;
16027 : 212;
16028 : 206;
16029 : 206;
16030 : 206;
16031 : 200;
16032 : 206;
16033 : 212;
16034 : 212;
16035 : 222;
16036 : 222;
16037 : 179;
16038 : 77;
16039 : 113;
16040 : 130;
16041 : 141;
16042 : 148;
16043 : 155;
16044 : 155;
16045 : 155;
16046 : 155;
16047 : 155;
16048 : 155;
16049 : 155;
16050 : 148;
16051 : 148;
16052 : 135;
16053 : 125;
16054 : 106;
16055 : 86;
16056 : 49;
16057 : 34;
16058 : 34;
16059 : 34;
16060 : 77;
16061 : 206;
16062 : 212;
16063 : 212;
16064 : 192;
16065 : 155;
16066 : 200;
16067 : 212;
16068 : 212;
16069 : 222;
16070 : 212;
16071 : 212;
16072 : 212;
16073 : 212;
16074 : 222;
16075 : 206;
16076 : 200;
16077 : 212;
16078 : 222;
16079 : 222;
16080 : 222;
16081 : 34;
16082 : 42;
16083 : 42;
16084 : 42;
16085 : 49;
16086 : 49;
16087 : 57;
16088 : 49;
16089 : 49;
16090 : 49;
16091 : 49;
16092 : 42;
16093 : 57;
16094 : 49;
16095 : 49;
16096 : 42;
16097 : 49;
16098 : 57;
16099 : 57;
16100 : 57;
16101 : 57;
16102 : 49;
16103 : 49;
16104 : 49;
16105 : 68;
16106 : 130;
16107 : 148;
16108 : 162;
16109 : 148;
16110 : 141;
16111 : 141;
16112 : 148;
16113 : 155;
16114 : 162;
16115 : 155;
16116 : 155;
16117 : 162;
16118 : 155;
16119 : 155;
16120 : 162;
16121 : 162;
16122 : 162;
16123 : 155;
16124 : 155;
16125 : 162;
16126 : 162;
16127 : 155;
16128 : 94;
16129 : 94;
16130 : 94;
16131 : 94;
16132 : 94;
16133 : 94;
16134 : 100;
16135 : 94;
16136 : 100;
16137 : 94;
16138 : 94;
16139 : 86;
16140 : 100;
16141 : 113;
16142 : 130;
16143 : 141;
16144 : 148;
16145 : 155;
16146 : 162;
16147 : 170;
16148 : 162;
16149 : 162;
16150 : 170;
16151 : 170;
16152 : 170;
16153 : 162;
16154 : 155;
16155 : 155;
16156 : 141;
16157 : 130;
16158 : 113;
16159 : 94;
16160 : 77;
16161 : 68;
16162 : 68;
16163 : 77;
16164 : 77;
16165 : 86;
16166 : 94;
16167 : 100;
16168 : 100;
16169 : 94;
16170 : 100;
16171 : 100;
16172 : 100;
16173 : 106;
16174 : 100;
16175 : 106;
16176 : 100;
16177 : 100;
16178 : 100;
16179 : 106;
16180 : 106;
16181 : 106;
16182 : 106;
16183 : 113;
16184 : 106;
16185 : 113;
16186 : 113;
16187 : 106;
16188 : 100;
16189 : 113;
16190 : 212;
16191 : 192;
16192 : 162;
16193 : 125;
16194 : 94;
16195 : 94;
16196 : 94;
16197 : 100;
16198 : 100;
16199 : 106;
16200 : 106;
16201 : 113;
16202 : 113;
16203 : 86;
16204 : 106;
16205 : 120;
16206 : 113;
16207 : 130;
16208 : 120;
16209 : 130;
16210 : 120;
16211 : 125;
16212 : 125;
16213 : 113;
16214 : 106;
16215 : 125;
16216 : 130;
16217 : 141;
16218 : 141;
16219 : 113;
16220 : 120;
16221 : 135;
16222 : 125;
16223 : 113;
16224 : 106;
16225 : 106;
16226 : 135;
16227 : 162;
16228 : 162;
16229 : 170;
16230 : 179;
16231 : 179;
16232 : 170;
16233 : 162;
16234 : 162;
16235 : 170;
16236 : 179;
16237 : 179;
16238 : 148;
16239 : 179;
16240 : 192;
16241 : 179;
16242 : 170;
16243 : 179;
16244 : 179;
16245 : 179;
16246 : 179;
16247 : 192;
16248 : 179;
16249 : 200;
16250 : 179;
16251 : 192;
16252 : 179;
16253 : 179;
16254 : 179;
16255 : 179;
16256 : 192;
16257 : 179;
16258 : 170;
16259 : 192;
16260 : 200;
16261 : 200;
16262 : 200;
16263 : 200;
16264 : 192;
16265 : 200;
16266 : 200;
16267 : 200;
16268 : 192;
16269 : 179;
16270 : 200;
16271 : 200;
16272 : 200;
16273 : 200;
16274 : 206;
16275 : 200;
16276 : 206;
16277 : 200;
16278 : 200;
16279 : 206;
16280 : 206;
16281 : 200;
16282 : 200;
16283 : 200;
16284 : 200;
16285 : 200;
16286 : 206;
16287 : 206;
16288 : 206;
16289 : 206;
16290 : 206;
16291 : 212;
16292 : 212;
16293 : 212;
16294 : 86;
16295 : 113;
16296 : 125;
16297 : 135;
16298 : 148;
16299 : 155;
16300 : 155;
16301 : 155;
16302 : 155;
16303 : 155;
16304 : 155;
16305 : 155;
16306 : 148;
16307 : 141;
16308 : 135;
16309 : 113;
16310 : 86;
16311 : 68;
16312 : 42;
16313 : 34;
16314 : 34;
16315 : 135;
16316 : 212;
16317 : 222;
16318 : 206;
16319 : 170;
16320 : 148;
16321 : 200;
16322 : 212;
16323 : 212;
16324 : 222;
16325 : 212;
16326 : 206;
16327 : 212;
16328 : 206;
16329 : 212;
16330 : 200;
16331 : 200;
16332 : 212;
16333 : 212;
16334 : 222;
16335 : 222;
16336 : 222;
16337 : 34;
16338 : 34;
16339 : 34;
16340 : 49;
16341 : 49;
16342 : 42;
16343 : 49;
16344 : 49;
16345 : 57;
16346 : 49;
16347 : 42;
16348 : 49;
16349 : 49;
16350 : 42;
16351 : 42;
16352 : 34;
16353 : 49;
16354 : 42;
16355 : 49;
16356 : 57;
16357 : 49;
16358 : 42;
16359 : 42;
16360 : 57;
16361 : 113;
16362 : 141;
16363 : 162;
16364 : 155;
16365 : 148;
16366 : 141;
16367 : 148;
16368 : 148;
16369 : 155;
16370 : 162;
16371 : 155;
16372 : 162;
16373 : 155;
16374 : 155;
16375 : 155;
16376 : 162;
16377 : 155;
16378 : 155;
16379 : 155;
16380 : 162;
16381 : 155;
16382 : 162;
16383 : 162;
16384 : 94;
16385 : 94;
16386 : 86;
16387 : 100;
16388 : 94;
16389 : 94;
16390 : 100;
16391 : 94;
16392 : 100;
16393 : 100;
16394 : 100;
16395 : 86;
16396 : 100;
16397 : 120;
16398 : 130;
16399 : 141;
16400 : 148;
16401 : 162;
16402 : 170;
16403 : 170;
16404 : 170;
16405 : 162;
16406 : 170;
16407 : 162;
16408 : 170;
16409 : 162;
16410 : 162;
16411 : 155;
16412 : 141;
16413 : 130;
16414 : 113;
16415 : 100;
16416 : 86;
16417 : 77;
16418 : 77;
16419 : 77;
16420 : 86;
16421 : 86;
16422 : 86;
16423 : 94;
16424 : 100;
16425 : 100;
16426 : 100;
16427 : 100;
16428 : 106;
16429 : 100;
16430 : 100;
16431 : 100;
16432 : 100;
16433 : 100;
16434 : 106;
16435 : 106;
16436 : 100;
16437 : 106;
16438 : 106;
16439 : 106;
16440 : 113;
16441 : 113;
16442 : 120;
16443 : 106;
16444 : 94;
16445 : 148;
16446 : 212;
16447 : 192;
16448 : 170;
16449 : 141;
16450 : 100;
16451 : 94;
16452 : 106;
16453 : 106;
16454 : 100;
16455 : 106;
16456 : 106;
16457 : 100;
16458 : 94;
16459 : 113;
16460 : 113;
16461 : 113;
16462 : 125;
16463 : 125;
16464 : 125;
16465 : 120;
16466 : 120;
16467 : 120;
16468 : 113;
16469 : 120;
16470 : 125;
16471 : 125;
16472 : 130;
16473 : 130;
16474 : 125;
16475 : 135;
16476 : 130;
16477 : 135;
16478 : 130;
16479 : 106;
16480 : 100;
16481 : 141;
16482 : 170;
16483 : 162;
16484 : 170;
16485 : 179;
16486 : 170;
16487 : 162;
16488 : 170;
16489 : 155;
16490 : 155;
16491 : 179;
16492 : 170;
16493 : 162;
16494 : 179;
16495 : 179;
16496 : 179;
16497 : 179;
16498 : 179;
16499 : 170;
16500 : 179;
16501 : 192;
16502 : 192;
16503 : 192;
16504 : 179;
16505 : 179;
16506 : 192;
16507 : 179;
16508 : 192;
16509 : 179;
16510 : 192;
16511 : 179;
16512 : 162;
16513 : 179;
16514 : 192;
16515 : 192;
16516 : 192;
16517 : 192;
16518 : 200;
16519 : 200;
16520 : 200;
16521 : 192;
16522 : 192;
16523 : 200;
16524 : 200;
16525 : 192;
16526 : 192;
16527 : 200;
16528 : 200;
16529 : 200;
16530 : 200;
16531 : 200;
16532 : 200;
16533 : 206;
16534 : 200;
16535 : 192;
16536 : 200;
16537 : 192;
16538 : 200;
16539 : 200;
16540 : 206;
16541 : 200;
16542 : 200;
16543 : 206;
16544 : 206;
16545 : 206;
16546 : 206;
16547 : 206;
16548 : 222;
16549 : 222;
16550 : 206;
16551 : 113;
16552 : 120;
16553 : 135;
16554 : 148;
16555 : 148;
16556 : 155;
16557 : 155;
16558 : 155;
16559 : 155;
16560 : 155;
16561 : 155;
16562 : 148;
16563 : 141;
16564 : 135;
16565 : 106;
16566 : 94;
16567 : 77;
16568 : 42;
16569 : 77;
16570 : 179;
16571 : 212;
16572 : 212;
16573 : 200;
16574 : 170;
16575 : 170;
16576 : 206;
16577 : 212;
16578 : 212;
16579 : 212;
16580 : 212;
16581 : 212;
16582 : 206;
16583 : 200;
16584 : 192;
16585 : 200;
16586 : 206;
16587 : 206;
16588 : 212;
16589 : 212;
16590 : 222;
16591 : 222;
16592 : 222;
16593 : 34;
16594 : 34;
16595 : 42;
16596 : 57;
16597 : 49;
16598 : 57;
16599 : 49;
16600 : 42;
16601 : 42;
16602 : 42;
16603 : 42;
16604 : 42;
16605 : 49;
16606 : 42;
16607 : 49;
16608 : 42;
16609 : 49;
16610 : 49;
16611 : 49;
16612 : 42;
16613 : 34;
16614 : 42;
16615 : 49;
16616 : 86;
16617 : 135;
16618 : 155;
16619 : 155;
16620 : 148;
16621 : 148;
16622 : 141;
16623 : 155;
16624 : 155;
16625 : 162;
16626 : 162;
16627 : 155;
16628 : 155;
16629 : 155;
16630 : 162;
16631 : 155;
16632 : 155;
16633 : 155;
16634 : 155;
16635 : 155;
16636 : 155;
16637 : 155;
16638 : 162;
16639 : 155;
16640 : 94;
16641 : 100;
16642 : 100;
16643 : 94;
16644 : 100;
16645 : 100;
16646 : 100;
16647 : 100;
16648 : 100;
16649 : 94;
16650 : 94;
16651 : 94;
16652 : 100;
16653 : 113;
16654 : 130;
16655 : 141;
16656 : 148;
16657 : 162;
16658 : 162;
16659 : 162;
16660 : 170;
16661 : 162;
16662 : 170;
16663 : 162;
16664 : 162;
16665 : 170;
16666 : 162;
16667 : 155;
16668 : 148;
16669 : 135;
16670 : 113;
16671 : 100;
16672 : 86;
16673 : 68;
16674 : 77;
16675 : 86;
16676 : 86;
16677 : 94;
16678 : 94;
16679 : 94;
16680 : 100;
16681 : 100;
16682 : 100;
16683 : 100;
16684 : 94;
16685 : 100;
16686 : 100;
16687 : 100;
16688 : 100;
16689 : 100;
16690 : 100;
16691 : 106;
16692 : 106;
16693 : 106;
16694 : 113;
16695 : 113;
16696 : 113;
16697 : 113;
16698 : 113;
16699 : 106;
16700 : 100;
16701 : 192;
16702 : 212;
16703 : 200;
16704 : 162;
16705 : 120;
16706 : 106;
16707 : 100;
16708 : 106;
16709 : 94;
16710 : 106;
16711 : 100;
16712 : 100;
16713 : 94;
16714 : 113;
16715 : 120;
16716 : 113;
16717 : 113;
16718 : 125;
16719 : 125;
16720 : 120;
16721 : 125;
16722 : 120;
16723 : 113;
16724 : 130;
16725 : 120;
16726 : 106;
16727 : 130;
16728 : 130;
16729 : 130;
16730 : 148;
16731 : 130;
16732 : 135;
16733 : 130;
16734 : 94;
16735 : 100;
16736 : 148;
16737 : 148;
16738 : 155;
16739 : 179;
16740 : 170;
16741 : 148;
16742 : 162;
16743 : 162;
16744 : 162;
16745 : 179;
16746 : 170;
16747 : 141;
16748 : 162;
16749 : 170;
16750 : 192;
16751 : 179;
16752 : 179;
16753 : 179;
16754 : 179;
16755 : 179;
16756 : 192;
16757 : 179;
16758 : 192;
16759 : 179;
16760 : 192;
16761 : 179;
16762 : 170;
16763 : 192;
16764 : 179;
16765 : 192;
16766 : 170;
16767 : 155;
16768 : 192;
16769 : 179;
16770 : 192;
16771 : 179;
16772 : 192;
16773 : 192;
16774 : 200;
16775 : 200;
16776 : 192;
16777 : 192;
16778 : 192;
16779 : 192;
16780 : 200;
16781 : 192;
16782 : 200;
16783 : 192;
16784 : 200;
16785 : 200;
16786 : 200;
16787 : 192;
16788 : 179;
16789 : 179;
16790 : 179;
16791 : 200;
16792 : 200;
16793 : 192;
16794 : 206;
16795 : 200;
16796 : 200;
16797 : 206;
16798 : 200;
16799 : 206;
16800 : 206;
16801 : 200;
16802 : 206;
16803 : 206;
16804 : 212;
16805 : 212;
16806 : 212;
16807 : 206;
16808 : 155;
16809 : 130;
16810 : 148;
16811 : 155;
16812 : 155;
16813 : 148;
16814 : 155;
16815 : 155;
16816 : 155;
16817 : 155;
16818 : 148;
16819 : 141;
16820 : 125;
16821 : 100;
16822 : 77;
16823 : 68;
16824 : 162;
16825 : 206;
16826 : 222;
16827 : 206;
16828 : 179;
16829 : 170;
16830 : 192;
16831 : 206;
16832 : 212;
16833 : 212;
16834 : 212;
16835 : 212;
16836 : 206;
16837 : 206;
16838 : 200;
16839 : 200;
16840 : 206;
16841 : 206;
16842 : 206;
16843 : 212;
16844 : 212;
16845 : 222;
16846 : 222;
16847 : 222;
16848 : 222;
16849 : 34;
16850 : 34;
16851 : 42;
16852 : 57;
16853 : 49;
16854 : 57;
16855 : 57;
16856 : 57;
16857 : 49;
16858 : 49;
16859 : 49;
16860 : 49;
16861 : 42;
16862 : 42;
16863 : 42;
16864 : 49;
16865 : 57;
16866 : 57;
16867 : 49;
16868 : 42;
16869 : 34;
16870 : 34;
16871 : 68;
16872 : 120;
16873 : 148;
16874 : 155;
16875 : 148;
16876 : 141;
16877 : 148;
16878 : 148;
16879 : 162;
16880 : 162;
16881 : 162;
16882 : 162;
16883 : 155;
16884 : 162;
16885 : 155;
16886 : 155;
16887 : 155;
16888 : 162;
16889 : 162;
16890 : 155;
16891 : 155;
16892 : 155;
16893 : 148;
16894 : 155;
16895 : 155;
16896 : 100;
16897 : 94;
16898 : 100;
16899 : 100;
16900 : 100;
16901 : 94;
16902 : 100;
16903 : 100;
16904 : 94;
16905 : 94;
16906 : 94;
16907 : 94;
16908 : 100;
16909 : 113;
16910 : 130;
16911 : 141;
16912 : 148;
16913 : 155;
16914 : 162;
16915 : 170;
16916 : 170;
16917 : 170;
16918 : 162;
16919 : 170;
16920 : 170;
16921 : 170;
16922 : 162;
16923 : 155;
16924 : 141;
16925 : 125;
16926 : 113;
16927 : 94;
16928 : 86;
16929 : 77;
16930 : 77;
16931 : 77;
16932 : 86;
16933 : 100;
16934 : 94;
16935 : 100;
16936 : 106;
16937 : 100;
16938 : 100;
16939 : 106;
16940 : 106;
16941 : 100;
16942 : 100;
16943 : 106;
16944 : 100;
16945 : 106;
16946 : 106;
16947 : 106;
16948 : 113;
16949 : 113;
16950 : 106;
16951 : 113;
16952 : 120;
16953 : 113;
16954 : 113;
16955 : 106;
16956 : 94;
16957 : 222;
16958 : 200;
16959 : 206;
16960 : 148;
16961 : 120;
16962 : 106;
16963 : 94;
16964 : 94;
16965 : 94;
16966 : 100;
16967 : 94;
16968 : 106;
16969 : 113;
16970 : 113;
16971 : 120;
16972 : 113;
16973 : 125;
16974 : 113;
16975 : 125;
16976 : 130;
16977 : 113;
16978 : 113;
16979 : 125;
16980 : 120;
16981 : 125;
16982 : 130;
16983 : 130;
16984 : 130;
16985 : 125;
16986 : 113;
16987 : 120;
16988 : 120;
16989 : 94;
16990 : 94;
16991 : 155;
16992 : 170;
16993 : 162;
16994 : 155;
16995 : 162;
16996 : 162;
16997 : 148;
16998 : 148;
16999 : 155;
17000 : 179;
17001 : 162;
17002 : 148;
17003 : 170;
17004 : 170;
17005 : 170;
17006 : 170;
17007 : 192;
17008 : 170;
17009 : 170;
17010 : 192;
17011 : 179;
17012 : 170;
17013 : 179;
17014 : 179;
17015 : 192;
17016 : 179;
17017 : 179;
17018 : 179;
17019 : 179;
17020 : 192;
17021 : 155;
17022 : 170;
17023 : 179;
17024 : 179;
17025 : 192;
17026 : 192;
17027 : 179;
17028 : 179;
17029 : 179;
17030 : 192;
17031 : 192;
17032 : 200;
17033 : 200;
17034 : 200;
17035 : 192;
17036 : 200;
17037 : 192;
17038 : 192;
17039 : 200;
17040 : 192;
17041 : 200;
17042 : 206;
17043 : 192;
17044 : 155;
17045 : 179;
17046 : 200;
17047 : 200;
17048 : 200;
17049 : 200;
17050 : 200;
17051 : 200;
17052 : 200;
17053 : 200;
17054 : 200;
17055 : 200;
17056 : 200;
17057 : 200;
17058 : 200;
17059 : 206;
17060 : 200;
17061 : 212;
17062 : 212;
17063 : 222;
17064 : 212;
17065 : 148;
17066 : 141;
17067 : 148;
17068 : 155;
17069 : 148;
17070 : 155;
17071 : 155;
17072 : 148;
17073 : 148;
17074 : 141;
17075 : 135;
17076 : 113;
17077 : 94;
17078 : 94;
17079 : 200;
17080 : 212;
17081 : 212;
17082 : 192;
17083 : 192;
17084 : 179;
17085 : 200;
17086 : 206;
17087 : 212;
17088 : 212;
17089 : 212;
17090 : 206;
17091 : 206;
17092 : 206;
17093 : 200;
17094 : 200;
17095 : 200;
17096 : 200;
17097 : 200;
17098 : 206;
17099 : 212;
17100 : 212;
17101 : 222;
17102 : 222;
17103 : 222;
17104 : 222;
17105 : 34;
17106 : 42;
17107 : 49;
17108 : 49;
17109 : 49;
17110 : 49;
17111 : 49;
17112 : 49;
17113 : 49;
17114 : 49;
17115 : 49;
17116 : 49;
17117 : 57;
17118 : 49;
17119 : 57;
17120 : 57;
17121 : 57;
17122 : 57;
17123 : 49;
17124 : 34;
17125 : 34;
17126 : 49;
17127 : 94;
17128 : 141;
17129 : 148;
17130 : 155;
17131 : 148;
17132 : 141;
17133 : 141;
17134 : 155;
17135 : 162;
17136 : 155;
17137 : 162;
17138 : 155;
17139 : 155;
17140 : 155;
17141 : 155;
17142 : 162;
17143 : 155;
17144 : 155;
17145 : 155;
17146 : 155;
17147 : 155;
17148 : 155;
17149 : 155;
17150 : 155;
17151 : 155;
17152 : 100;
17153 : 100;
17154 : 100;
17155 : 106;
17156 : 100;
17157 : 100;
17158 : 100;
17159 : 106;
17160 : 100;
17161 : 94;
17162 : 94;
17163 : 100;
17164 : 100;
17165 : 113;
17166 : 130;
17167 : 141;
17168 : 155;
17169 : 155;
17170 : 162;
17171 : 162;
17172 : 170;
17173 : 162;
17174 : 170;
17175 : 162;
17176 : 170;
17177 : 170;
17178 : 162;
17179 : 155;
17180 : 148;
17181 : 125;
17182 : 113;
17183 : 100;
17184 : 86;
17185 : 77;
17186 : 77;
17187 : 77;
17188 : 86;
17189 : 86;
17190 : 94;
17191 : 94;
17192 : 100;
17193 : 100;
17194 : 100;
17195 : 100;
17196 : 100;
17197 : 100;
17198 : 106;
17199 : 100;
17200 : 100;
17201 : 100;
17202 : 100;
17203 : 106;
17204 : 113;
17205 : 106;
17206 : 113;
17207 : 113;
17208 : 106;
17209 : 113;
17210 : 113;
17211 : 100;
17212 : 86;
17213 : 222;
17214 : 212;
17215 : 179;
17216 : 113;
17217 : 120;
17218 : 113;
17219 : 94;
17220 : 86;
17221 : 100;
17222 : 100;
17223 : 113;
17224 : 113;
17225 : 113;
17226 : 100;
17227 : 113;
17228 : 106;
17229 : 94;
17230 : 125;
17231 : 113;
17232 : 106;
17233 : 120;
17234 : 125;
17235 : 125;
17236 : 130;
17237 : 125;
17238 : 125;
17239 : 135;
17240 : 113;
17241 : 113;
17242 : 120;
17243 : 120;
17244 : 100;
17245 : 106;
17246 : 155;
17247 : 148;
17248 : 155;
17249 : 162;
17250 : 162;
17251 : 141;
17252 : 141;
17253 : 155;
17254 : 148;
17255 : 170;
17256 : 148;
17257 : 155;
17258 : 170;
17259 : 179;
17260 : 170;
17261 : 170;
17262 : 170;
17263 : 170;
17264 : 192;
17265 : 179;
17266 : 170;
17267 : 192;
17268 : 170;
17269 : 170;
17270 : 179;
17271 : 179;
17272 : 179;
17273 : 179;
17274 : 179;
17275 : 179;
17276 : 148;
17277 : 179;
17278 : 179;
17279 : 192;
17280 : 179;
17281 : 179;
17282 : 192;
17283 : 192;
17284 : 192;
17285 : 179;
17286 : 192;
17287 : 192;
17288 : 192;
17289 : 192;
17290 : 192;
17291 : 192;
17292 : 200;
17293 : 200;
17294 : 200;
17295 : 200;
17296 : 200;
17297 : 200;
17298 : 170;
17299 : 155;
17300 : 179;
17301 : 192;
17302 : 192;
17303 : 192;
17304 : 200;
17305 : 200;
17306 : 200;
17307 : 206;
17308 : 200;
17309 : 206;
17310 : 200;
17311 : 200;
17312 : 200;
17313 : 200;
17314 : 192;
17315 : 200;
17316 : 200;
17317 : 206;
17318 : 206;
17319 : 212;
17320 : 212;
17321 : 206;
17322 : 141;
17323 : 148;
17324 : 155;
17325 : 155;
17326 : 148;
17327 : 148;
17328 : 148;
17329 : 141;
17330 : 141;
17331 : 130;
17332 : 120;
17333 : 179;
17334 : 212;
17335 : 222;
17336 : 200;
17337 : 179;
17338 : 192;
17339 : 179;
17340 : 200;
17341 : 212;
17342 : 212;
17343 : 212;
17344 : 206;
17345 : 206;
17346 : 200;
17347 : 200;
17348 : 200;
17349 : 200;
17350 : 200;
17351 : 200;
17352 : 206;
17353 : 206;
17354 : 212;
17355 : 212;
17356 : 222;
17357 : 222;
17358 : 222;
17359 : 222;
17360 : 206;
17361 : 34;
17362 : 42;
17363 : 42;
17364 : 49;
17365 : 42;
17366 : 49;
17367 : 57;
17368 : 57;
17369 : 49;
17370 : 57;
17371 : 49;
17372 : 42;
17373 : 42;
17374 : 49;
17375 : 57;
17376 : 57;
17377 : 49;
17378 : 49;
17379 : 42;
17380 : 34;
17381 : 34;
17382 : 86;
17383 : 125;
17384 : 148;
17385 : 155;
17386 : 155;
17387 : 148;
17388 : 141;
17389 : 148;
17390 : 162;
17391 : 162;
17392 : 162;
17393 : 155;
17394 : 155;
17395 : 155;
17396 : 162;
17397 : 155;
17398 : 155;
17399 : 155;
17400 : 155;
17401 : 155;
17402 : 155;
17403 : 155;
17404 : 148;
17405 : 155;
17406 : 155;
17407 : 155;
17408 : 100;
17409 : 94;
17410 : 94;
17411 : 106;
17412 : 106;
17413 : 100;
17414 : 100;
17415 : 100;
17416 : 94;
17417 : 94;
17418 : 100;
17419 : 94;
17420 : 106;
17421 : 113;
17422 : 130;
17423 : 141;
17424 : 148;
17425 : 155;
17426 : 162;
17427 : 162;
17428 : 162;
17429 : 170;
17430 : 170;
17431 : 170;
17432 : 162;
17433 : 170;
17434 : 162;
17435 : 155;
17436 : 148;
17437 : 135;
17438 : 120;
17439 : 100;
17440 : 77;
17441 : 77;
17442 : 77;
17443 : 86;
17444 : 86;
17445 : 94;
17446 : 86;
17447 : 100;
17448 : 106;
17449 : 100;
17450 : 100;
17451 : 106;
17452 : 100;
17453 : 106;
17454 : 94;
17455 : 106;
17456 : 106;
17457 : 100;
17458 : 100;
17459 : 100;
17460 : 106;
17461 : 106;
17462 : 106;
17463 : 106;
17464 : 106;
17465 : 113;
17466 : 106;
17467 : 100;
17468 : 86;
17469 : 222;
17470 : 200;
17471 : 155;
17472 : 141;
17473 : 120;
17474 : 113;
17475 : 100;
17476 : 100;
17477 : 100;
17478 : 106;
17479 : 106;
17480 : 106;
17481 : 94;
17482 : 113;
17483 : 100;
17484 : 100;
17485 : 113;
17486 : 113;
17487 : 120;
17488 : 120;
17489 : 120;
17490 : 120;
17491 : 125;
17492 : 125;
17493 : 130;
17494 : 125;
17495 : 113;
17496 : 125;
17497 : 125;
17498 : 113;
17499 : 106;
17500 : 113;
17501 : 148;
17502 : 148;
17503 : 170;
17504 : 155;
17505 : 155;
17506 : 148;
17507 : 141;
17508 : 141;
17509 : 148;
17510 : 179;
17511 : 135;
17512 : 148;
17513 : 170;
17514 : 170;
17515 : 170;
17516 : 170;
17517 : 179;
17518 : 179;
17519 : 179;
17520 : 170;
17521 : 170;
17522 : 179;
17523 : 170;
17524 : 179;
17525 : 179;
17526 : 179;
17527 : 179;
17528 : 170;
17529 : 192;
17530 : 170;
17531 : 155;
17532 : 170;
17533 : 179;
17534 : 192;
17535 : 179;
17536 : 179;
17537 : 179;
17538 : 179;
17539 : 192;
17540 : 192;
17541 : 192;
17542 : 179;
17543 : 192;
17544 : 192;
17545 : 179;
17546 : 192;
17547 : 179;
17548 : 200;
17549 : 200;
17550 : 200;
17551 : 200;
17552 : 200;
17553 : 179;
17554 : 155;
17555 : 179;
17556 : 192;
17557 : 192;
17558 : 192;
17559 : 192;
17560 : 200;
17561 : 200;
17562 : 200;
17563 : 200;
17564 : 200;
17565 : 200;
17566 : 200;
17567 : 200;
17568 : 200;
17569 : 192;
17570 : 200;
17571 : 192;
17572 : 200;
17573 : 200;
17574 : 200;
17575 : 206;
17576 : 206;
17577 : 212;
17578 : 162;
17579 : 148;
17580 : 155;
17581 : 148;
17582 : 148;
17583 : 141;
17584 : 148;
17585 : 141;
17586 : 135;
17587 : 192;
17588 : 206;
17589 : 212;
17590 : 206;
17591 : 179;
17592 : 192;
17593 : 179;
17594 : 179;
17595 : 200;
17596 : 212;
17597 : 212;
17598 : 212;
17599 : 206;
17600 : 206;
17601 : 200;
17602 : 206;
17603 : 200;
17604 : 200;
17605 : 200;
17606 : 200;
17607 : 206;
17608 : 206;
17609 : 206;
17610 : 212;
17611 : 212;
17612 : 212;
17613 : 222;
17614 : 222;
17615 : 222;
17616 : 155;
17617 : 34;
17618 : 42;
17619 : 57;
17620 : 57;
17621 : 49;
17622 : 49;
17623 : 49;
17624 : 49;
17625 : 49;
17626 : 57;
17627 : 34;
17628 : 42;
17629 : 42;
17630 : 42;
17631 : 49;
17632 : 57;
17633 : 49;
17634 : 42;
17635 : 42;
17636 : 34;
17637 : 68;
17638 : 113;
17639 : 141;
17640 : 155;
17641 : 155;
17642 : 148;
17643 : 141;
17644 : 148;
17645 : 155;
17646 : 162;
17647 : 162;
17648 : 162;
17649 : 162;
17650 : 162;
17651 : 155;
17652 : 155;
17653 : 155;
17654 : 155;
17655 : 155;
17656 : 162;
17657 : 155;
17658 : 155;
17659 : 155;
17660 : 155;
17661 : 155;
17662 : 155;
17663 : 155;
17664 : 100;
17665 : 94;
17666 : 106;
17667 : 100;
17668 : 100;
17669 : 106;
17670 : 100;
17671 : 100;
17672 : 100;
17673 : 100;
17674 : 100;
17675 : 106;
17676 : 113;
17677 : 120;
17678 : 130;
17679 : 141;
17680 : 155;
17681 : 155;
17682 : 155;
17683 : 162;
17684 : 162;
17685 : 170;
17686 : 179;
17687 : 170;
17688 : 170;
17689 : 170;
17690 : 170;
17691 : 155;
17692 : 148;
17693 : 130;
17694 : 120;
17695 : 94;
17696 : 77;
17697 : 77;
17698 : 77;
17699 : 86;
17700 : 86;
17701 : 100;
17702 : 100;
17703 : 94;
17704 : 100;
17705 : 94;
17706 : 100;
17707 : 100;
17708 : 106;
17709 : 100;
17710 : 94;
17711 : 106;
17712 : 100;
17713 : 100;
17714 : 100;
17715 : 100;
17716 : 106;
17717 : 106;
17718 : 106;
17719 : 113;
17720 : 106;
17721 : 106;
17722 : 106;
17723 : 94;
17724 : 120;
17725 : 222;
17726 : 206;
17727 : 162;
17728 : 135;
17729 : 120;
17730 : 120;
17731 : 100;
17732 : 100;
17733 : 106;
17734 : 100;
17735 : 106;
17736 : 86;
17737 : 113;
17738 : 86;
17739 : 106;
17740 : 113;
17741 : 113;
17742 : 120;
17743 : 113;
17744 : 100;
17745 : 120;
17746 : 125;
17747 : 130;
17748 : 135;
17749 : 113;
17750 : 106;
17751 : 120;
17752 : 120;
17753 : 113;
17754 : 120;
17755 : 113;
17756 : 148;
17757 : 141;
17758 : 155;
17759 : 155;
17760 : 162;
17761 : 141;
17762 : 148;
17763 : 148;
17764 : 162;
17765 : 130;
17766 : 120;
17767 : 162;
17768 : 162;
17769 : 155;
17770 : 162;
17771 : 170;
17772 : 179;
17773 : 179;
17774 : 179;
17775 : 170;
17776 : 170;
17777 : 162;
17778 : 162;
17779 : 170;
17780 : 170;
17781 : 192;
17782 : 192;
17783 : 170;
17784 : 179;
17785 : 155;
17786 : 162;
17787 : 179;
17788 : 179;
17789 : 179;
17790 : 170;
17791 : 192;
17792 : 192;
17793 : 179;
17794 : 179;
17795 : 179;
17796 : 170;
17797 : 192;
17798 : 179;
17799 : 170;
17800 : 179;
17801 : 192;
17802 : 192;
17803 : 192;
17804 : 192;
17805 : 200;
17806 : 200;
17807 : 200;
17808 : 162;
17809 : 179;
17810 : 192;
17811 : 192;
17812 : 192;
17813 : 192;
17814 : 192;
17815 : 192;
17816 : 200;
17817 : 192;
17818 : 192;
17819 : 192;
17820 : 192;
17821 : 200;
17822 : 192;
17823 : 200;
17824 : 200;
17825 : 200;
17826 : 192;
17827 : 200;
17828 : 179;
17829 : 200;
17830 : 192;
17831 : 200;
17832 : 206;
17833 : 206;
17834 : 200;
17835 : 148;
17836 : 148;
17837 : 148;
17838 : 148;
17839 : 141;
17840 : 141;
17841 : 155;
17842 : 192;
17843 : 212;
17844 : 212;
17845 : 192;
17846 : 179;
17847 : 200;
17848 : 179;
17849 : 200;
17850 : 206;
17851 : 212;
17852 : 212;
17853 : 206;
17854 : 206;
17855 : 200;
17856 : 200;
17857 : 200;
17858 : 200;
17859 : 200;
17860 : 206;
17861 : 200;
17862 : 206;
17863 : 200;
17864 : 212;
17865 : 212;
17866 : 212;
17867 : 212;
17868 : 222;
17869 : 222;
17870 : 222;
17871 : 222;
17872 : 94;
17873 : 42;
17874 : 34;
17875 : 49;
17876 : 49;
17877 : 57;
17878 : 49;
17879 : 49;
17880 : 49;
17881 : 57;
17882 : 49;
17883 : 42;
17884 : 42;
17885 : 42;
17886 : 49;
17887 : 49;
17888 : 57;
17889 : 57;
17890 : 49;
17891 : 49;
17892 : 57;
17893 : 100;
17894 : 135;
17895 : 155;
17896 : 155;
17897 : 148;
17898 : 148;
17899 : 141;
17900 : 148;
17901 : 155;
17902 : 162;
17903 : 162;
17904 : 162;
17905 : 155;
17906 : 162;
17907 : 155;
17908 : 162;
17909 : 155;
17910 : 155;
17911 : 155;
17912 : 155;
17913 : 155;
17914 : 162;
17915 : 155;
17916 : 155;
17917 : 148;
17918 : 155;
17919 : 155;
17920 : 100;
17921 : 106;
17922 : 94;
17923 : 94;
17924 : 94;
17925 : 94;
17926 : 100;
17927 : 94;
17928 : 106;
17929 : 94;
17930 : 94;
17931 : 106;
17932 : 113;
17933 : 120;
17934 : 135;
17935 : 141;
17936 : 148;
17937 : 155;
17938 : 162;
17939 : 170;
17940 : 162;
17941 : 170;
17942 : 170;
17943 : 170;
17944 : 170;
17945 : 170;
17946 : 162;
17947 : 162;
17948 : 148;
17949 : 135;
17950 : 113;
17951 : 94;
17952 : 77;
17953 : 77;
17954 : 68;
17955 : 86;
17956 : 86;
17957 : 100;
17958 : 94;
17959 : 100;
17960 : 106;
17961 : 100;
17962 : 100;
17963 : 100;
17964 : 100;
17965 : 100;
17966 : 106;
17967 : 100;
17968 : 100;
17969 : 106;
17970 : 94;
17971 : 106;
17972 : 106;
17973 : 106;
17974 : 106;
17975 : 113;
17976 : 106;
17977 : 100;
17978 : 94;
17979 : 100;
17980 : 155;
17981 : 212;
17982 : 200;
17983 : 155;
17984 : 135;
17985 : 130;
17986 : 113;
17987 : 100;
17988 : 106;
17989 : 100;
17990 : 106;
17991 : 100;
17992 : 106;
17993 : 86;
17994 : 113;
17995 : 113;
17996 : 94;
17997 : 113;
17998 : 100;
17999 : 106;
18000 : 120;
18001 : 120;
18002 : 120;
18003 : 113;
18004 : 113;
18005 : 113;
18006 : 120;
18007 : 125;
18008 : 113;
18009 : 113;
18010 : 125;
18011 : 148;
18012 : 148;
18013 : 148;
18014 : 148;
18015 : 148;
18016 : 141;
18017 : 141;
18018 : 141;
18019 : 162;
18020 : 130;
18021 : 125;
18022 : 162;
18023 : 162;
18024 : 162;
18025 : 162;
18026 : 155;
18027 : 179;
18028 : 179;
18029 : 162;
18030 : 170;
18031 : 170;
18032 : 162;
18033 : 170;
18034 : 170;
18035 : 170;
18036 : 192;
18037 : 179;
18038 : 192;
18039 : 179;
18040 : 148;
18041 : 162;
18042 : 179;
18043 : 179;
18044 : 170;
18045 : 170;
18046 : 179;
18047 : 170;
18048 : 179;
18049 : 179;
18050 : 170;
18051 : 179;
18052 : 179;
18053 : 162;
18054 : 179;
18055 : 179;
18056 : 179;
18057 : 179;
18058 : 192;
18059 : 192;
18060 : 192;
18061 : 179;
18062 : 179;
18063 : 170;
18064 : 179;
18065 : 192;
18066 : 179;
18067 : 192;
18068 : 179;
18069 : 179;
18070 : 179;
18071 : 179;
18072 : 192;
18073 : 192;
18074 : 200;
18075 : 192;
18076 : 200;
18077 : 179;
18078 : 192;
18079 : 192;
18080 : 192;
18081 : 192;
18082 : 200;
18083 : 192;
18084 : 192;
18085 : 192;
18086 : 192;
18087 : 192;
18088 : 192;
18089 : 200;
18090 : 206;
18091 : 148;
18092 : 155;
18093 : 148;
18094 : 148;
18095 : 148;
18096 : 200;
18097 : 200;
18098 : 212;
18099 : 200;
18100 : 179;
18101 : 200;
18102 : 179;
18103 : 179;
18104 : 200;
18105 : 212;
18106 : 206;
18107 : 206;
18108 : 200;
18109 : 200;
18110 : 200;
18111 : 200;
18112 : 200;
18113 : 200;
18114 : 200;
18115 : 206;
18116 : 200;
18117 : 206;
18118 : 200;
18119 : 206;
18120 : 206;
18121 : 212;
18122 : 212;
18123 : 212;
18124 : 222;
18125 : 222;
18126 : 222;
18127 : 222;
18128 : 49;
18129 : 42;
18130 : 49;
18131 : 49;
18132 : 57;
18133 : 57;
18134 : 49;
18135 : 57;
18136 : 49;
18137 : 42;
18138 : 42;
18139 : 42;
18140 : 42;
18141 : 57;
18142 : 49;
18143 : 57;
18144 : 49;
18145 : 57;
18146 : 57;
18147 : 68;
18148 : 77;
18149 : 120;
18150 : 141;
18151 : 148;
18152 : 148;
18153 : 148;
18154 : 148;
18155 : 148;
18156 : 162;
18157 : 162;
18158 : 162;
18159 : 162;
18160 : 155;
18161 : 155;
18162 : 162;
18163 : 155;
18164 : 155;
18165 : 162;
18166 : 162;
18167 : 162;
18168 : 155;
18169 : 148;
18170 : 155;
18171 : 162;
18172 : 155;
18173 : 155;
18174 : 155;
18175 : 148;
18176 : 100;
18177 : 100;
18178 : 94;
18179 : 100;
18180 : 100;
18181 : 94;
18182 : 100;
18183 : 100;
18184 : 106;
18185 : 100;
18186 : 94;
18187 : 100;
18188 : 113;
18189 : 113;
18190 : 130;
18191 : 141;
18192 : 155;
18193 : 162;
18194 : 162;
18195 : 162;
18196 : 170;
18197 : 179;
18198 : 170;
18199 : 170;
18200 : 179;
18201 : 170;
18202 : 170;
18203 : 162;
18204 : 148;
18205 : 135;
18206 : 113;
18207 : 94;
18208 : 77;
18209 : 77;
18210 : 77;
18211 : 86;
18212 : 94;
18213 : 86;
18214 : 94;
18215 : 94;
18216 : 100;
18217 : 100;
18218 : 100;
18219 : 100;
18220 : 100;
18221 : 100;
18222 : 100;
18223 : 100;
18224 : 100;
18225 : 94;
18226 : 100;
18227 : 106;
18228 : 106;
18229 : 113;
18230 : 106;
18231 : 106;
18232 : 106;
18233 : 100;
18234 : 94;
18235 : 86;
18236 : 222;
18237 : 212;
18238 : 179;
18239 : 155;
18240 : 141;
18241 : 120;
18242 : 120;
18243 : 94;
18244 : 100;
18245 : 100;
18246 : 106;
18247 : 113;
18248 : 106;
18249 : 113;
18250 : 100;
18251 : 106;
18252 : 113;
18253 : 113;
18254 : 120;
18255 : 113;
18256 : 113;
18257 : 135;
18258 : 113;
18259 : 113;
18260 : 120;
18261 : 125;
18262 : 130;
18263 : 120;
18264 : 113;
18265 : 120;
18266 : 148;
18267 : 148;
18268 : 148;
18269 : 155;
18270 : 141;
18271 : 135;
18272 : 141;
18273 : 148;
18274 : 170;
18275 : 113;
18276 : 130;
18277 : 155;
18278 : 155;
18279 : 155;
18280 : 162;
18281 : 162;
18282 : 179;
18283 : 155;
18284 : 170;
18285 : 170;
18286 : 170;
18287 : 170;
18288 : 162;
18289 : 162;
18290 : 179;
18291 : 179;
18292 : 155;
18293 : 192;
18294 : 162;
18295 : 155;
18296 : 155;
18297 : 170;
18298 : 179;
18299 : 179;
18300 : 170;
18301 : 179;
18302 : 170;
18303 : 179;
18304 : 179;
18305 : 170;
18306 : 179;
18307 : 170;
18308 : 192;
18309 : 179;
18310 : 170;
18311 : 179;
18312 : 192;
18313 : 192;
18314 : 192;
18315 : 162;
18316 : 155;
18317 : 170;
18318 : 179;
18319 : 179;
18320 : 192;
18321 : 192;
18322 : 162;
18323 : 179;
18324 : 179;
18325 : 192;
18326 : 192;
18327 : 192;
18328 : 200;
18329 : 192;
18330 : 192;
18331 : 200;
18332 : 192;
18333 : 192;
18334 : 179;
18335 : 192;
18336 : 192;
18337 : 192;
18338 : 192;
18339 : 192;
18340 : 192;
18341 : 179;
18342 : 192;
18343 : 179;
18344 : 192;
18345 : 192;
18346 : 200;
18347 : 192;
18348 : 141;
18349 : 148;
18350 : 170;
18351 : 200;
18352 : 200;
18353 : 206;
18354 : 192;
18355 : 200;
18356 : 200;
18357 : 179;
18358 : 200;
18359 : 206;
18360 : 212;
18361 : 206;
18362 : 200;
18363 : 206;
18364 : 200;
18365 : 200;
18366 : 200;
18367 : 200;
18368 : 200;
18369 : 206;
18370 : 200;
18371 : 206;
18372 : 206;
18373 : 206;
18374 : 200;
18375 : 200;
18376 : 200;
18377 : 212;
18378 : 212;
18379 : 212;
18380 : 222;
18381 : 222;
18382 : 222;
18383 : 222;
18384 : 34;
18385 : 49;
18386 : 42;
18387 : 49;
18388 : 49;
18389 : 49;
18390 : 49;
18391 : 49;
18392 : 49;
18393 : 49;
18394 : 42;
18395 : 42;
18396 : 49;
18397 : 49;
18398 : 49;
18399 : 49;
18400 : 57;
18401 : 57;
18402 : 57;
18403 : 68;
18404 : 100;
18405 : 135;
18406 : 148;
18407 : 148;
18408 : 148;
18409 : 141;
18410 : 148;
18411 : 155;
18412 : 162;
18413 : 162;
18414 : 155;
18415 : 162;
18416 : 155;
18417 : 162;
18418 : 162;
18419 : 155;
18420 : 155;
18421 : 155;
18422 : 162;
18423 : 155;
18424 : 155;
18425 : 155;
18426 : 155;
18427 : 155;
18428 : 155;
18429 : 148;
18430 : 155;
18431 : 155;
18432 : 100;
18433 : 100;
18434 : 100;
18435 : 100;
18436 : 100;
18437 : 100;
18438 : 100;
18439 : 100;
18440 : 100;
18441 : 100;
18442 : 106;
18443 : 100;
18444 : 106;
18445 : 113;
18446 : 135;
18447 : 141;
18448 : 148;
18449 : 162;
18450 : 170;
18451 : 162;
18452 : 170;
18453 : 170;
18454 : 170;
18455 : 170;
18456 : 170;
18457 : 179;
18458 : 170;
18459 : 162;
18460 : 148;
18461 : 141;
18462 : 113;
18463 : 100;
18464 : 86;
18465 : 77;
18466 : 77;
18467 : 86;
18468 : 86;
18469 : 86;
18470 : 86;
18471 : 94;
18472 : 100;
18473 : 100;
18474 : 100;
18475 : 100;
18476 : 100;
18477 : 100;
18478 : 100;
18479 : 100;
18480 : 100;
18481 : 100;
18482 : 100;
18483 : 100;
18484 : 100;
18485 : 100;
18486 : 106;
18487 : 100;
18488 : 106;
18489 : 100;
18490 : 86;
18491 : 77;
18492 : 222;
18493 : 212;
18494 : 179;
18495 : 179;
18496 : 135;
18497 : 135;
18498 : 130;
18499 : 120;
18500 : 100;
18501 : 100;
18502 : 106;
18503 : 100;
18504 : 106;
18505 : 100;
18506 : 113;
18507 : 120;
18508 : 100;
18509 : 120;
18510 : 106;
18511 : 106;
18512 : 130;
18513 : 113;
18514 : 106;
18515 : 125;
18516 : 120;
18517 : 130;
18518 : 125;
18519 : 106;
18520 : 113;
18521 : 141;
18522 : 141;
18523 : 148;
18524 : 155;
18525 : 155;
18526 : 135;
18527 : 130;
18528 : 148;
18529 : 162;
18530 : 113;
18531 : 135;
18532 : 148;
18533 : 148;
18534 : 162;
18535 : 155;
18536 : 155;
18537 : 170;
18538 : 162;
18539 : 148;
18540 : 155;
18541 : 155;
18542 : 170;
18543 : 179;
18544 : 179;
18545 : 170;
18546 : 162;
18547 : 179;
18548 : 179;
18549 : 148;
18550 : 148;
18551 : 170;
18552 : 179;
18553 : 179;
18554 : 170;
18555 : 179;
18556 : 179;
18557 : 179;
18558 : 179;
18559 : 170;
18560 : 179;
18561 : 179;
18562 : 170;
18563 : 179;
18564 : 170;
18565 : 179;
18566 : 179;
18567 : 192;
18568 : 192;
18569 : 192;
18570 : 179;
18571 : 170;
18572 : 179;
18573 : 192;
18574 : 192;
18575 : 179;
18576 : 192;
18577 : 192;
18578 : 170;
18579 : 179;
18580 : 192;
18581 : 192;
18582 : 192;
18583 : 192;
18584 : 200;
18585 : 192;
18586 : 192;
18587 : 192;
18588 : 192;
18589 : 179;
18590 : 192;
18591 : 179;
18592 : 192;
18593 : 192;
18594 : 179;
18595 : 192;
18596 : 179;
18597 : 179;
18598 : 192;
18599 : 192;
18600 : 179;
18601 : 192;
18602 : 192;
18603 : 200;
18604 : 162;
18605 : 200;
18606 : 212;
18607 : 212;
18608 : 192;
18609 : 170;
18610 : 192;
18611 : 179;
18612 : 200;
18613 : 206;
18614 : 206;
18615 : 206;
18616 : 206;
18617 : 206;
18618 : 200;
18619 : 200;
18620 : 200;
18621 : 200;
18622 : 200;
18623 : 200;
18624 : 206;
18625 : 206;
18626 : 200;
18627 : 206;
18628 : 206;
18629 : 206;
18630 : 200;
18631 : 200;
18632 : 200;
18633 : 212;
18634 : 212;
18635 : 212;
18636 : 222;
18637 : 222;
18638 : 222;
18639 : 222;
18640 : 34;
18641 : 42;
18642 : 49;
18643 : 49;
18644 : 42;
18645 : 49;
18646 : 49;
18647 : 49;
18648 : 57;
18649 : 42;
18650 : 49;
18651 : 42;
18652 : 42;
18653 : 49;
18654 : 49;
18655 : 57;
18656 : 68;
18657 : 57;
18658 : 68;
18659 : 94;
18660 : 130;
18661 : 148;
18662 : 155;
18663 : 148;
18664 : 148;
18665 : 148;
18666 : 148;
18667 : 155;
18668 : 162;
18669 : 162;
18670 : 162;
18671 : 155;
18672 : 162;
18673 : 162;
18674 : 155;
18675 : 155;
18676 : 155;
18677 : 155;
18678 : 155;
18679 : 155;
18680 : 148;
18681 : 155;
18682 : 155;
18683 : 155;
18684 : 148;
18685 : 148;
18686 : 155;
18687 : 148;
18688 : 100;
18689 : 100;
18690 : 100;
18691 : 106;
18692 : 94;
18693 : 94;
18694 : 94;
18695 : 94;
18696 : 100;
18697 : 100;
18698 : 94;
18699 : 100;
18700 : 113;
18701 : 120;
18702 : 130;
18703 : 141;
18704 : 162;
18705 : 155;
18706 : 170;
18707 : 170;
18708 : 170;
18709 : 170;
18710 : 179;
18711 : 170;
18712 : 179;
18713 : 170;
18714 : 170;
18715 : 162;
18716 : 148;
18717 : 135;
18718 : 113;
18719 : 94;
18720 : 86;
18721 : 77;
18722 : 77;
18723 : 77;
18724 : 86;
18725 : 94;
18726 : 94;
18727 : 94;
18728 : 94;
18729 : 100;
18730 : 100;
18731 : 106;
18732 : 94;
18733 : 94;
18734 : 100;
18735 : 94;
18736 : 100;
18737 : 100;
18738 : 94;
18739 : 100;
18740 : 94;
18741 : 106;
18742 : 106;
18743 : 100;
18744 : 106;
18745 : 94;
18746 : 94;
18747 : 94;
18748 : 222;
18749 : 206;
18750 : 179;
18751 : 155;
18752 : 148;
18753 : 135;
18754 : 120;
18755 : 106;
18756 : 100;
18757 : 106;
18758 : 113;
18759 : 106;
18760 : 100;
18761 : 106;
18762 : 106;
18763 : 106;
18764 : 113;
18765 : 113;
18766 : 120;
18767 : 113;
18768 : 120;
18769 : 113;
18770 : 120;
18771 : 125;
18772 : 120;
18773 : 113;
18774 : 106;
18775 : 113;
18776 : 148;
18777 : 148;
18778 : 141;
18779 : 155;
18780 : 148;
18781 : 141;
18782 : 141;
18783 : 148;
18784 : 130;
18785 : 113;
18786 : 141;
18787 : 141;
18788 : 148;
18789 : 155;
18790 : 141;
18791 : 170;
18792 : 170;
18793 : 155;
18794 : 162;
18795 : 162;
18796 : 155;
18797 : 170;
18798 : 162;
18799 : 179;
18800 : 179;
18801 : 192;
18802 : 162;
18803 : 162;
18804 : 155;
18805 : 155;
18806 : 179;
18807 : 179;
18808 : 170;
18809 : 179;
18810 : 170;
18811 : 170;
18812 : 162;
18813 : 179;
18814 : 170;
18815 : 170;
18816 : 179;
18817 : 170;
18818 : 170;
18819 : 179;
18820 : 179;
18821 : 179;
18822 : 192;
18823 : 200;
18824 : 179;
18825 : 170;
18826 : 179;
18827 : 179;
18828 : 179;
18829 : 179;
18830 : 179;
18831 : 179;
18832 : 192;
18833 : 179;
18834 : 192;
18835 : 179;
18836 : 192;
18837 : 192;
18838 : 192;
18839 : 192;
18840 : 179;
18841 : 192;
18842 : 179;
18843 : 179;
18844 : 179;
18845 : 179;
18846 : 179;
18847 : 192;
18848 : 179;
18849 : 192;
18850 : 179;
18851 : 192;
18852 : 179;
18853 : 179;
18854 : 170;
18855 : 179;
18856 : 179;
18857 : 192;
18858 : 179;
18859 : 192;
18860 : 200;
18861 : 206;
18862 : 200;
18863 : 179;
18864 : 200;
18865 : 192;
18866 : 200;
18867 : 200;
18868 : 206;
18869 : 206;
18870 : 200;
18871 : 206;
18872 : 200;
18873 : 200;
18874 : 200;
18875 : 200;
18876 : 200;
18877 : 192;
18878 : 200;
18879 : 200;
18880 : 200;
18881 : 206;
18882 : 200;
18883 : 200;
18884 : 206;
18885 : 200;
18886 : 192;
18887 : 200;
18888 : 206;
18889 : 206;
18890 : 206;
18891 : 212;
18892 : 222;
18893 : 222;
18894 : 222;
18895 : 192;
18896 : 42;
18897 : 34;
18898 : 49;
18899 : 42;
18900 : 57;
18901 : 42;
18902 : 49;
18903 : 49;
18904 : 57;
18905 : 49;
18906 : 34;
18907 : 42;
18908 : 57;
18909 : 57;
18910 : 49;
18911 : 57;
18912 : 68;
18913 : 68;
18914 : 86;
18915 : 113;
18916 : 141;
18917 : 155;
18918 : 148;
18919 : 148;
18920 : 148;
18921 : 148;
18922 : 155;
18923 : 162;
18924 : 162;
18925 : 155;
18926 : 162;
18927 : 162;
18928 : 155;
18929 : 162;
18930 : 155;
18931 : 155;
18932 : 155;
18933 : 155;
18934 : 155;
18935 : 162;
18936 : 155;
18937 : 155;
18938 : 155;
18939 : 155;
18940 : 155;
18941 : 155;
18942 : 162;
18943 : 155;
18944 : 106;
18945 : 94;
18946 : 100;
18947 : 100;
18948 : 94;
18949 : 94;
18950 : 100;
18951 : 94;
18952 : 94;
18953 : 100;
18954 : 100;
18955 : 100;
18956 : 106;
18957 : 120;
18958 : 130;
18959 : 141;
18960 : 155;
18961 : 162;
18962 : 162;
18963 : 170;
18964 : 170;
18965 : 170;
18966 : 179;
18967 : 170;
18968 : 170;
18969 : 170;
18970 : 170;
18971 : 155;
18972 : 148;
18973 : 135;
18974 : 113;
18975 : 94;
18976 : 86;
18977 : 77;
18978 : 77;
18979 : 77;
18980 : 86;
18981 : 86;
18982 : 100;
18983 : 94;
18984 : 100;
18985 : 94;
18986 : 100;
18987 : 100;
18988 : 100;
18989 : 100;
18990 : 94;
18991 : 100;
18992 : 100;
18993 : 100;
18994 : 106;
18995 : 106;
18996 : 100;
18997 : 106;
18998 : 106;
18999 : 106;
19000 : 100;
19001 : 94;
19002 : 86;
19003 : 100;
19004 : 222;
19005 : 200;
19006 : 170;
19007 : 192;
19008 : 141;
19009 : 155;
19010 : 125;
19011 : 125;
19012 : 125;
19013 : 113;
19014 : 113;
19015 : 100;
19016 : 113;
19017 : 100;
19018 : 113;
19019 : 113;
19020 : 113;
19021 : 120;
19022 : 113;
19023 : 113;
19024 : 120;
19025 : 120;
19026 : 120;
19027 : 125;
19028 : 120;
19029 : 106;
19030 : 113;
19031 : 148;
19032 : 141;
19033 : 148;
19034 : 141;
19035 : 141;
19036 : 135;
19037 : 141;
19038 : 155;
19039 : 141;
19040 : 120;
19041 : 135;
19042 : 141;
19043 : 148;
19044 : 141;
19045 : 148;
19046 : 155;
19047 : 148;
19048 : 162;
19049 : 148;
19050 : 148;
19051 : 162;
19052 : 170;
19053 : 170;
19054 : 179;
19055 : 155;
19056 : 170;
19057 : 179;
19058 : 170;
19059 : 141;
19060 : 170;
19061 : 170;
19062 : 179;
19063 : 179;
19064 : 170;
19065 : 162;
19066 : 179;
19067 : 179;
19068 : 170;
19069 : 162;
19070 : 179;
19071 : 170;
19072 : 179;
19073 : 170;
19074 : 170;
19075 : 170;
19076 : 170;
19077 : 179;
19078 : 179;
19079 : 170;
19080 : 179;
19081 : 179;
19082 : 179;
19083 : 192;
19084 : 179;
19085 : 192;
19086 : 179;
19087 : 179;
19088 : 179;
19089 : 192;
19090 : 192;
19091 : 192;
19092 : 179;
19093 : 192;
19094 : 192;
19095 : 192;
19096 : 179;
19097 : 179;
19098 : 179;
19099 : 179;
19100 : 170;
19101 : 179;
19102 : 179;
19103 : 192;
19104 : 179;
19105 : 170;
19106 : 179;
19107 : 179;
19108 : 179;
19109 : 170;
19110 : 162;
19111 : 170;
19112 : 179;
19113 : 179;
19114 : 192;
19115 : 206;
19116 : 200;
19117 : 170;
19118 : 192;
19119 : 200;
19120 : 192;
19121 : 192;
19122 : 206;
19123 : 212;
19124 : 206;
19125 : 206;
19126 : 200;
19127 : 192;
19128 : 200;
19129 : 200;
19130 : 200;
19131 : 200;
19132 : 200;
19133 : 200;
19134 : 200;
19135 : 200;
19136 : 200;
19137 : 206;
19138 : 206;
19139 : 206;
19140 : 206;
19141 : 192;
19142 : 192;
19143 : 192;
19144 : 200;
19145 : 212;
19146 : 212;
19147 : 212;
19148 : 222;
19149 : 222;
19150 : 212;
19151 : 100;
19152 : 42;
19153 : 34;
19154 : 42;
19155 : 49;
19156 : 49;
19157 : 42;
19158 : 49;
19159 : 49;
19160 : 42;
19161 : 42;
19162 : 34;
19163 : 49;
19164 : 49;
19165 : 57;
19166 : 57;
19167 : 57;
19168 : 57;
19169 : 77;
19170 : 106;
19171 : 135;
19172 : 148;
19173 : 148;
19174 : 141;
19175 : 141;
19176 : 148;
19177 : 155;
19178 : 162;
19179 : 155;
19180 : 162;
19181 : 162;
19182 : 155;
19183 : 162;
19184 : 155;
19185 : 162;
19186 : 155;
19187 : 155;
19188 : 155;
19189 : 155;
19190 : 162;
19191 : 155;
19192 : 155;
19193 : 155;
19194 : 155;
19195 : 155;
19196 : 155;
19197 : 155;
19198 : 155;
19199 : 155;
19200 : 100;
19201 : 94;
19202 : 94;
19203 : 106;
19204 : 100;
19205 : 100;
19206 : 94;
19207 : 94;
19208 : 94;
19209 : 100;
19210 : 100;
19211 : 100;
19212 : 106;
19213 : 113;
19214 : 130;
19215 : 148;
19216 : 148;
19217 : 155;
19218 : 170;
19219 : 170;
19220 : 179;
19221 : 170;
19222 : 179;
19223 : 170;
19224 : 179;
19225 : 170;
19226 : 170;
19227 : 162;
19228 : 148;
19229 : 135;
19230 : 113;
19231 : 100;
19232 : 77;
19233 : 68;
19234 : 77;
19235 : 86;
19236 : 86;
19237 : 86;
19238 : 86;
19239 : 94;
19240 : 100;
19241 : 94;
19242 : 100;
19243 : 94;
19244 : 100;
19245 : 100;
19246 : 100;
19247 : 94;
19248 : 100;
19249 : 94;
19250 : 100;
19251 : 100;
19252 : 100;
19253 : 106;
19254 : 113;
19255 : 100;
19256 : 106;
19257 : 100;
19258 : 86;
19259 : 113;
19260 : 212;
19261 : 200;
19262 : 192;
19263 : 155;
19264 : 155;
19265 : 141;
19266 : 135;
19267 : 130;
19268 : 125;
19269 : 113;
19270 : 113;
19271 : 120;
19272 : 106;
19273 : 113;
19274 : 94;
19275 : 113;
19276 : 113;
19277 : 94;
19278 : 100;
19279 : 120;
19280 : 113;
19281 : 125;
19282 : 130;
19283 : 113;
19284 : 113;
19285 : 120;
19286 : 135;
19287 : 141;
19288 : 148;
19289 : 148;
19290 : 148;
19291 : 135;
19292 : 141;
19293 : 155;
19294 : 162;
19295 : 120;
19296 : 135;
19297 : 148;
19298 : 148;
19299 : 155;
19300 : 148;
19301 : 155;
19302 : 162;
19303 : 130;
19304 : 135;
19305 : 162;
19306 : 148;
19307 : 170;
19308 : 179;
19309 : 179;
19310 : 170;
19311 : 179;
19312 : 155;
19313 : 148;
19314 : 148;
19315 : 170;
19316 : 179;
19317 : 179;
19318 : 162;
19319 : 162;
19320 : 179;
19321 : 162;
19322 : 179;
19323 : 170;
19324 : 179;
19325 : 170;
19326 : 162;
19327 : 179;
19328 : 170;
19329 : 170;
19330 : 170;
19331 : 170;
19332 : 179;
19333 : 162;
19334 : 170;
19335 : 179;
19336 : 179;
19337 : 192;
19338 : 192;
19339 : 179;
19340 : 179;
19341 : 179;
19342 : 179;
19343 : 170;
19344 : 179;
19345 : 192;
19346 : 179;
19347 : 192;
19348 : 192;
19349 : 179;
19350 : 192;
19351 : 179;
19352 : 179;
19353 : 179;
19354 : 179;
19355 : 170;
19356 : 179;
19357 : 170;
19358 : 179;
19359 : 179;
19360 : 192;
19361 : 179;
19362 : 179;
19363 : 162;
19364 : 179;
19365 : 162;
19366 : 162;
19367 : 179;
19368 : 200;
19369 : 206;
19370 : 192;
19371 : 170;
19372 : 179;
19373 : 192;
19374 : 200;
19375 : 192;
19376 : 200;
19377 : 206;
19378 : 206;
19379 : 206;
19380 : 206;
19381 : 200;
19382 : 192;
19383 : 200;
19384 : 200;
19385 : 200;
19386 : 200;
19387 : 200;
19388 : 192;
19389 : 200;
19390 : 200;
19391 : 206;
19392 : 200;
19393 : 206;
19394 : 200;
19395 : 206;
19396 : 192;
19397 : 179;
19398 : 170;
19399 : 192;
19400 : 192;
19401 : 206;
19402 : 206;
19403 : 212;
19404 : 212;
19405 : 222;
19406 : 222;
19407 : 34;
19408 : 34;
19409 : 42;
19410 : 42;
19411 : 49;
19412 : 49;
19413 : 49;
19414 : 57;
19415 : 57;
19416 : 49;
19417 : 42;
19418 : 49;
19419 : 49;
19420 : 57;
19421 : 57;
19422 : 49;
19423 : 42;
19424 : 49;
19425 : 68;
19426 : 120;
19427 : 148;
19428 : 148;
19429 : 155;
19430 : 148;
19431 : 141;
19432 : 148;
19433 : 155;
19434 : 162;
19435 : 162;
19436 : 162;
19437 : 162;
19438 : 162;
19439 : 162;
19440 : 155;
19441 : 162;
19442 : 155;
19443 : 155;
19444 : 155;
19445 : 162;
19446 : 155;
19447 : 162;
19448 : 155;
19449 : 155;
19450 : 155;
19451 : 155;
19452 : 155;
19453 : 155;
19454 : 162;
19455 : 155;
19456 : 100;
19457 : 94;
19458 : 100;
19459 : 106;
19460 : 106;
19461 : 100;
19462 : 94;
19463 : 100;
19464 : 94;
19465 : 94;
19466 : 94;
19467 : 94;
19468 : 100;
19469 : 113;
19470 : 130;
19471 : 141;
19472 : 148;
19473 : 162;
19474 : 162;
19475 : 162;
19476 : 170;
19477 : 170;
19478 : 170;
19479 : 170;
19480 : 170;
19481 : 170;
19482 : 170;
19483 : 162;
19484 : 148;
19485 : 135;
19486 : 120;
19487 : 100;
19488 : 77;
19489 : 77;
19490 : 77;
19491 : 77;
19492 : 86;
19493 : 94;
19494 : 94;
19495 : 100;
19496 : 94;
19497 : 100;
19498 : 94;
19499 : 100;
19500 : 100;
19501 : 94;
19502 : 100;
19503 : 100;
19504 : 100;
19505 : 100;
19506 : 100;
19507 : 100;
19508 : 100;
19509 : 100;
19510 : 106;
19511 : 106;
19512 : 100;
19513 : 100;
19514 : 86;
19515 : 141;
19516 : 212;
19517 : 200;
19518 : 179;
19519 : 179;
19520 : 141;
19521 : 141;
19522 : 141;
19523 : 135;
19524 : 120;
19525 : 135;
19526 : 113;
19527 : 106;
19528 : 100;
19529 : 106;
19530 : 106;
19531 : 113;
19532 : 106;
19533 : 113;
19534 : 106;
19535 : 120;
19536 : 113;
19537 : 113;
19538 : 106;
19539 : 113;
19540 : 120;
19541 : 135;
19542 : 148;
19543 : 141;
19544 : 148;
19545 : 148;
19546 : 130;
19547 : 141;
19548 : 148;
19549 : 141;
19550 : 106;
19551 : 135;
19552 : 148;
19553 : 155;
19554 : 148;
19555 : 148;
19556 : 155;
19557 : 155;
19558 : 135;
19559 : 130;
19560 : 148;
19561 : 141;
19562 : 162;
19563 : 162;
19564 : 162;
19565 : 179;
19566 : 170;
19567 : 170;
19568 : 155;
19569 : 141;
19570 : 170;
19571 : 179;
19572 : 179;
19573 : 179;
19574 : 170;
19575 : 162;
19576 : 162;
19577 : 179;
19578 : 170;
19579 : 170;
19580 : 179;
19581 : 179;
19582 : 170;
19583 : 179;
19584 : 179;
19585 : 170;
19586 : 170;
19587 : 170;
19588 : 155;
19589 : 179;
19590 : 170;
19591 : 170;
19592 : 179;
19593 : 179;
19594 : 170;
19595 : 170;
19596 : 179;
19597 : 179;
19598 : 192;
19599 : 179;
19600 : 170;
19601 : 179;
19602 : 192;
19603 : 192;
19604 : 192;
19605 : 192;
19606 : 179;
19607 : 179;
19608 : 179;
19609 : 179;
19610 : 192;
19611 : 179;
19612 : 170;
19613 : 179;
19614 : 162;
19615 : 179;
19616 : 179;
19617 : 179;
19618 : 162;
19619 : 170;
19620 : 155;
19621 : 155;
19622 : 192;
19623 : 206;
19624 : 192;
19625 : 179;
19626 : 170;
19627 : 179;
19628 : 200;
19629 : 200;
19630 : 200;
19631 : 206;
19632 : 206;
19633 : 206;
19634 : 206;
19635 : 206;
19636 : 200;
19637 : 192;
19638 : 200;
19639 : 200;
19640 : 200;
19641 : 200;
19642 : 200;
19643 : 200;
19644 : 200;
19645 : 200;
19646 : 206;
19647 : 200;
19648 : 206;
19649 : 200;
19650 : 206;
19651 : 200;
19652 : 162;
19653 : 162;
19654 : 170;
19655 : 179;
19656 : 192;
19657 : 206;
19658 : 200;
19659 : 206;
19660 : 222;
19661 : 212;
19662 : 212;
19663 : 42;
19664 : 42;
19665 : 42;
19666 : 49;
19667 : 42;
19668 : 42;
19669 : 49;
19670 : 49;
19671 : 68;
19672 : 49;
19673 : 42;
19674 : 57;
19675 : 49;
19676 : 49;
19677 : 57;
19678 : 49;
19679 : 42;
19680 : 49;
19681 : 94;
19682 : 135;
19683 : 162;
19684 : 148;
19685 : 148;
19686 : 141;
19687 : 148;
19688 : 155;
19689 : 162;
19690 : 155;
19691 : 162;
19692 : 155;
19693 : 162;
19694 : 162;
19695 : 155;
19696 : 170;
19697 : 155;
19698 : 162;
19699 : 162;
19700 : 162;
19701 : 155;
19702 : 162;
19703 : 155;
19704 : 155;
19705 : 162;
19706 : 155;
19707 : 162;
19708 : 155;
19709 : 155;
19710 : 162;
19711 : 155;
19712 : 94;
19713 : 100;
19714 : 106;
19715 : 100;
19716 : 94;
19717 : 100;
19718 : 100;
19719 : 100;
19720 : 94;
19721 : 100;
19722 : 100;
19723 : 94;
19724 : 106;
19725 : 113;
19726 : 125;
19727 : 141;
19728 : 148;
19729 : 162;
19730 : 170;
19731 : 170;
19732 : 170;
19733 : 170;
19734 : 179;
19735 : 170;
19736 : 170;
19737 : 170;
19738 : 170;
19739 : 155;
19740 : 148;
19741 : 135;
19742 : 120;
19743 : 100;
19744 : 86;
19745 : 86;
19746 : 77;
19747 : 86;
19748 : 94;
19749 : 94;
19750 : 94;
19751 : 86;
19752 : 94;
19753 : 100;
19754 : 100;
19755 : 100;
19756 : 100;
19757 : 94;
19758 : 100;
19759 : 100;
19760 : 94;
19761 : 100;
19762 : 100;
19763 : 100;
19764 : 106;
19765 : 100;
19766 : 106;
19767 : 106;
19768 : 100;
19769 : 100;
19770 : 86;
19771 : 148;
19772 : 222;
19773 : 192;
19774 : 192;
19775 : 155;
19776 : 179;
19777 : 148;
19778 : 141;
19779 : 148;
19780 : 125;
19781 : 125;
19782 : 120;
19783 : 113;
19784 : 106;
19785 : 113;
19786 : 100;
19787 : 100;
19788 : 113;
19789 : 113;
19790 : 113;
19791 : 130;
19792 : 113;
19793 : 100;
19794 : 100;
19795 : 113;
19796 : 148;
19797 : 148;
19798 : 135;
19799 : 148;
19800 : 148;
19801 : 135;
19802 : 148;
19803 : 141;
19804 : 148;
19805 : 113;
19806 : 130;
19807 : 148;
19808 : 148;
19809 : 141;
19810 : 148;
19811 : 148;
19812 : 155;
19813 : 148;
19814 : 135;
19815 : 141;
19816 : 148;
19817 : 155;
19818 : 135;
19819 : 170;
19820 : 155;
19821 : 148;
19822 : 170;
19823 : 141;
19824 : 155;
19825 : 170;
19826 : 179;
19827 : 170;
19828 : 170;
19829 : 162;
19830 : 170;
19831 : 162;
19832 : 170;
19833 : 162;
19834 : 179;
19835 : 179;
19836 : 170;
19837 : 170;
19838 : 179;
19839 : 170;
19840 : 162;
19841 : 155;
19842 : 162;
19843 : 179;
19844 : 162;
19845 : 162;
19846 : 170;
19847 : 179;
19848 : 162;
19849 : 170;
19850 : 162;
19851 : 170;
19852 : 179;
19853 : 179;
19854 : 192;
19855 : 192;
19856 : 192;
19857 : 179;
19858 : 179;
19859 : 192;
19860 : 179;
19861 : 179;
19862 : 179;
19863 : 179;
19864 : 179;
19865 : 179;
19866 : 179;
19867 : 192;
19868 : 179;
19869 : 162;
19870 : 170;
19871 : 170;
19872 : 179;
19873 : 170;
19874 : 155;
19875 : 162;
19876 : 192;
19877 : 206;
19878 : 200;
19879 : 179;
19880 : 179;
19881 : 192;
19882 : 192;
19883 : 192;
19884 : 200;
19885 : 206;
19886 : 206;
19887 : 200;
19888 : 200;
19889 : 200;
19890 : 200;
19891 : 200;
19892 : 200;
19893 : 200;
19894 : 200;
19895 : 200;
19896 : 200;
19897 : 200;
19898 : 200;
19899 : 200;
19900 : 200;
19901 : 200;
19902 : 206;
19903 : 206;
19904 : 206;
19905 : 200;
19906 : 206;
19907 : 170;
19908 : 162;
19909 : 162;
19910 : 155;
19911 : 179;
19912 : 200;
19913 : 170;
19914 : 192;
19915 : 200;
19916 : 206;
19917 : 212;
19918 : 77;
19919 : 34;
19920 : 42;
19921 : 42;
19922 : 42;
19923 : 49;
19924 : 49;
19925 : 49;
19926 : 49;
19927 : 49;
19928 : 42;
19929 : 42;
19930 : 42;
19931 : 49;
19932 : 42;
19933 : 49;
19934 : 57;
19935 : 49;
19936 : 68;
19937 : 120;
19938 : 148;
19939 : 155;
19940 : 148;
19941 : 148;
19942 : 148;
19943 : 155;
19944 : 162;
19945 : 162;
19946 : 162;
19947 : 162;
19948 : 162;
19949 : 162;
19950 : 162;
19951 : 155;
19952 : 162;
19953 : 162;
19954 : 162;
19955 : 155;
19956 : 155;
19957 : 155;
19958 : 162;
19959 : 155;
19960 : 162;
19961 : 155;
19962 : 155;
19963 : 155;
19964 : 155;
19965 : 155;
19966 : 155;
19967 : 155;
19968 : 94;
19969 : 94;
19970 : 94;
19971 : 100;
19972 : 94;
19973 : 94;
19974 : 94;
19975 : 100;
19976 : 100;
19977 : 94;
19978 : 100;
19979 : 94;
19980 : 106;
19981 : 120;
19982 : 135;
19983 : 148;
19984 : 155;
19985 : 162;
19986 : 170;
19987 : 170;
19988 : 179;
19989 : 170;
19990 : 170;
19991 : 170;
19992 : 170;
19993 : 170;
19994 : 170;
19995 : 155;
19996 : 148;
19997 : 135;
19998 : 120;
19999 : 94;
20000 : 77;
20001 : 77;
20002 : 77;
20003 : 86;
20004 : 86;
20005 : 94;
20006 : 94;
20007 : 94;
20008 : 100;
20009 : 100;
20010 : 106;
20011 : 100;
20012 : 94;
20013 : 100;
20014 : 100;
20015 : 100;
20016 : 100;
20017 : 100;
20018 : 100;
20019 : 100;
20020 : 100;
20021 : 106;
20022 : 100;
20023 : 100;
20024 : 100;
20025 : 100;
20026 : 86;
20027 : 155;
20028 : 212;
20029 : 200;
20030 : 170;
20031 : 179;
20032 : 148;
20033 : 170;
20034 : 130;
20035 : 148;
20036 : 130;
20037 : 135;
20038 : 125;
20039 : 120;
20040 : 113;
20041 : 100;
20042 : 86;
20043 : 113;
20044 : 106;
20045 : 106;
20046 : 120;
20047 : 120;
20048 : 120;
20049 : 100;
20050 : 113;
20051 : 141;
20052 : 141;
20053 : 141;
20054 : 141;
20055 : 135;
20056 : 135;
20057 : 141;
20058 : 162;
20059 : 106;
20060 : 113;
20061 : 120;
20062 : 148;
20063 : 148;
20064 : 148;
20065 : 148;
20066 : 148;
20067 : 155;
20068 : 130;
20069 : 155;
20070 : 148;
20071 : 155;
20072 : 162;
20073 : 148;
20074 : 141;
20075 : 141;
20076 : 170;
20077 : 148;
20078 : 135;
20079 : 162;
20080 : 170;
20081 : 179;
20082 : 170;
20083 : 162;
20084 : 162;
20085 : 170;
20086 : 179;
20087 : 170;
20088 : 170;
20089 : 170;
20090 : 162;
20091 : 170;
20092 : 179;
20093 : 170;
20094 : 155;
20095 : 162;
20096 : 170;
20097 : 162;
20098 : 162;
20099 : 155;
20100 : 170;
20101 : 179;
20102 : 162;
20103 : 155;
20104 : 162;
20105 : 170;
20106 : 179;
20107 : 170;
20108 : 170;
20109 : 179;
20110 : 170;
20111 : 179;
20112 : 192;
20113 : 179;
20114 : 170;
20115 : 179;
20116 : 179;
20117 : 179;
20118 : 179;
20119 : 170;
20120 : 170;
20121 : 179;
20122 : 179;
20123 : 179;
20124 : 179;
20125 : 162;
20126 : 170;
20127 : 148;
20128 : 162;
20129 : 155;
20130 : 170;
20131 : 200;
20132 : 200;
20133 : 192;
20134 : 170;
20135 : 192;
20136 : 192;
20137 : 192;
20138 : 192;
20139 : 206;
20140 : 200;
20141 : 200;
20142 : 200;
20143 : 200;
20144 : 192;
20145 : 192;
20146 : 192;
20147 : 192;
20148 : 200;
20149 : 192;
20150 : 200;
20151 : 192;
20152 : 200;
20153 : 200;
20154 : 200;
20155 : 200;
20156 : 200;
20157 : 206;
20158 : 200;
20159 : 206;
20160 : 206;
20161 : 200;
20162 : 192;
20163 : 162;
20164 : 155;
20165 : 155;
20166 : 162;
20167 : 192;
20168 : 135;
20169 : 148;
20170 : 179;
20171 : 192;
20172 : 206;
20173 : 222;
20174 : 34;
20175 : 34;
20176 : 42;
20177 : 68;
20178 : 49;
20179 : 57;
20180 : 49;
20181 : 57;
20182 : 49;
20183 : 42;
20184 : 42;
20185 : 49;
20186 : 49;
20187 : 42;
20188 : 42;
20189 : 49;
20190 : 77;
20191 : 77;
20192 : 106;
20193 : 135;
20194 : 148;
20195 : 148;
20196 : 148;
20197 : 141;
20198 : 148;
20199 : 155;
20200 : 155;
20201 : 155;
20202 : 162;
20203 : 162;
20204 : 162;
20205 : 155;
20206 : 162;
20207 : 162;
20208 : 155;
20209 : 162;
20210 : 155;
20211 : 155;
20212 : 162;
20213 : 155;
20214 : 162;
20215 : 155;
20216 : 162;
20217 : 155;
20218 : 162;
20219 : 162;
20220 : 155;
20221 : 155;
20222 : 162;
20223 : 155;
20224 : 100;
20225 : 100;
20226 : 94;
20227 : 106;
20228 : 94;
20229 : 94;
20230 : 94;
20231 : 94;
20232 : 94;
20233 : 94;
20234 : 100;
20235 : 94;
20236 : 100;
20237 : 120;
20238 : 135;
20239 : 148;
20240 : 155;
20241 : 162;
20242 : 170;
20243 : 170;
20244 : 170;
20245 : 170;
20246 : 170;
20247 : 179;
20248 : 162;
20249 : 170;
20250 : 162;
20251 : 162;
20252 : 148;
20253 : 135;
20254 : 113;
20255 : 94;
20256 : 86;
20257 : 77;
20258 : 77;
20259 : 77;
20260 : 86;
20261 : 94;
20262 : 94;
20263 : 94;
20264 : 106;
20265 : 100;
20266 : 94;
20267 : 100;
20268 : 100;
20269 : 100;
20270 : 100;
20271 : 100;
20272 : 94;
20273 : 100;
20274 : 100;
20275 : 100;
20276 : 100;
20277 : 100;
20278 : 106;
20279 : 94;
20280 : 100;
20281 : 94;
20282 : 86;
20283 : 141;
20284 : 212;
20285 : 179;
20286 : 192;
20287 : 155;
20288 : 170;
20289 : 148;
20290 : 162;
20291 : 135;
20292 : 141;
20293 : 130;
20294 : 141;
20295 : 120;
20296 : 106;
20297 : 100;
20298 : 106;
20299 : 86;
20300 : 100;
20301 : 113;
20302 : 113;
20303 : 113;
20304 : 106;
20305 : 113;
20306 : 141;
20307 : 135;
20308 : 141;
20309 : 135;
20310 : 141;
20311 : 135;
20312 : 141;
20313 : 155;
20314 : 130;
20315 : 113;
20316 : 125;
20317 : 141;
20318 : 141;
20319 : 148;
20320 : 148;
20321 : 155;
20322 : 141;
20323 : 141;
20324 : 148;
20325 : 141;
20326 : 162;
20327 : 148;
20328 : 135;
20329 : 148;
20330 : 155;
20331 : 141;
20332 : 148;
20333 : 148;
20334 : 155;
20335 : 170;
20336 : 170;
20337 : 170;
20338 : 170;
20339 : 170;
20340 : 162;
20341 : 162;
20342 : 162;
20343 : 170;
20344 : 170;
20345 : 170;
20346 : 170;
20347 : 155;
20348 : 162;
20349 : 179;
20350 : 162;
20351 : 162;
20352 : 162;
20353 : 170;
20354 : 170;
20355 : 170;
20356 : 162;
20357 : 148;
20358 : 155;
20359 : 162;
20360 : 162;
20361 : 170;
20362 : 179;
20363 : 179;
20364 : 170;
20365 : 162;
20366 : 170;
20367 : 170;
20368 : 192;
20369 : 179;
20370 : 179;
20371 : 170;
20372 : 179;
20373 : 179;
20374 : 170;
20375 : 170;
20376 : 162;
20377 : 162;
20378 : 179;
20379 : 179;
20380 : 170;
20381 : 170;
20382 : 148;
20383 : 148;
20384 : 170;
20385 : 192;
20386 : 200;
20387 : 192;
20388 : 170;
20389 : 192;
20390 : 192;
20391 : 192;
20392 : 192;
20393 : 206;
20394 : 206;
20395 : 200;
20396 : 200;
20397 : 200;
20398 : 200;
20399 : 192;
20400 : 192;
20401 : 192;
20402 : 192;
20403 : 192;
20404 : 192;
20405 : 200;
20406 : 200;
20407 : 200;
20408 : 206;
20409 : 200;
20410 : 200;
20411 : 200;
20412 : 200;
20413 : 206;
20414 : 200;
20415 : 206;
20416 : 200;
20417 : 212;
20418 : 162;
20419 : 155;
20420 : 155;
20421 : 170;
20422 : 192;
20423 : 135;
20424 : 130;
20425 : 155;
20426 : 179;
20427 : 192;
20428 : 206;
20429 : 162;
20430 : 34;
20431 : 49;
20432 : 34;
20433 : 49;
20434 : 49;
20435 : 77;
20436 : 49;
20437 : 49;
20438 : 49;
20439 : 42;
20440 : 42;
20441 : 49;
20442 : 57;
20443 : 42;
20444 : 49;
20445 : 57;
20446 : 86;
20447 : 94;
20448 : 125;
20449 : 148;
20450 : 148;
20451 : 148;
20452 : 141;
20453 : 148;
20454 : 155;
20455 : 162;
20456 : 162;
20457 : 162;
20458 : 162;
20459 : 155;
20460 : 155;
20461 : 162;
20462 : 155;
20463 : 162;
20464 : 162;
20465 : 155;
20466 : 155;
20467 : 155;
20468 : 155;
20469 : 162;
20470 : 148;
20471 : 155;
20472 : 162;
20473 : 155;
20474 : 155;
20475 : 162;
20476 : 155;
20477 : 155;
20478 : 155;
20479 : 162;
20480 : 100;
20481 : 94;
20482 : 86;
20483 : 94;
20484 : 94;
20485 : 94;
20486 : 94;
20487 : 86;
20488 : 94;
20489 : 94;
20490 : 94;
20491 : 100;
20492 : 100;
20493 : 120;
20494 : 135;
20495 : 148;
20496 : 148;
20497 : 162;
20498 : 170;
20499 : 170;
20500 : 170;
20501 : 170;
20502 : 179;
20503 : 162;
20504 : 170;
20505 : 170;
20506 : 162;
20507 : 162;
20508 : 148;
20509 : 135;
20510 : 120;
20511 : 106;
20512 : 86;
20513 : 77;
20514 : 86;
20515 : 77;
20516 : 86;
20517 : 86;
20518 : 94;
20519 : 94;
20520 : 94;
20521 : 94;
20522 : 100;
20523 : 100;
20524 : 100;
20525 : 106;
20526 : 94;
20527 : 100;
20528 : 100;
20529 : 94;
20530 : 94;
20531 : 100;
20532 : 100;
20533 : 100;
20534 : 106;
20535 : 94;
20536 : 94;
20537 : 94;
20538 : 86;
20539 : 179;
20540 : 200;
20541 : 192;
20542 : 170;
20543 : 179;
20544 : 148;
20545 : 170;
20546 : 141;
20547 : 148;
20548 : 120;
20549 : 155;
20550 : 135;
20551 : 120;
20552 : 100;
20553 : 100;
20554 : 94;
20555 : 94;
20556 : 106;
20557 : 106;
20558 : 106;
20559 : 94;
20560 : 113;
20561 : 148;
20562 : 141;
20563 : 135;
20564 : 135;
20565 : 141;
20566 : 130;
20567 : 141;
20568 : 141;
20569 : 120;
20570 : 120;
20571 : 120;
20572 : 148;
20573 : 141;
20574 : 135;
20575 : 148;
20576 : 155;
20577 : 135;
20578 : 148;
20579 : 135;
20580 : 141;
20581 : 155;
20582 : 120;
20583 : 148;
20584 : 148;
20585 : 162;
20586 : 155;
20587 : 148;
20588 : 135;
20589 : 162;
20590 : 170;
20591 : 155;
20592 : 155;
20593 : 170;
20594 : 155;
20595 : 162;
20596 : 170;
20597 : 179;
20598 : 162;
20599 : 170;
20600 : 162;
20601 : 162;
20602 : 162;
20603 : 162;
20604 : 155;
20605 : 155;
20606 : 170;
20607 : 170;
20608 : 162;
20609 : 162;
20610 : 170;
20611 : 155;
20612 : 141;
20613 : 170;
20614 : 170;
20615 : 170;
20616 : 179;
20617 : 170;
20618 : 170;
20619 : 179;
20620 : 179;
20621 : 162;
20622 : 179;
20623 : 162;
20624 : 170;
20625 : 179;
20626 : 179;
20627 : 170;
20628 : 170;
20629 : 162;
20630 : 179;
20631 : 170;
20632 : 162;
20633 : 170;
20634 : 170;
20635 : 170;
20636 : 170;
20637 : 148;
20638 : 141;
20639 : 179;
20640 : 200;
20641 : 200;
20642 : 162;
20643 : 179;
20644 : 192;
20645 : 179;
20646 : 192;
20647 : 206;
20648 : 206;
20649 : 200;
20650 : 200;
20651 : 200;
20652 : 200;
20653 : 179;
20654 : 192;
20655 : 192;
20656 : 192;
20657 : 192;
20658 : 192;
20659 : 200;
20660 : 200;
20661 : 200;
20662 : 200;
20663 : 200;
20664 : 200;
20665 : 200;
20666 : 200;
20667 : 200;
20668 : 206;
20669 : 206;
20670 : 206;
20671 : 206;
20672 : 206;
20673 : 179;
20674 : 148;
20675 : 162;
20676 : 162;
20677 : 179;
20678 : 141;
20679 : 130;
20680 : 141;
20681 : 170;
20682 : 179;
20683 : 200;
20684 : 222;
20685 : 34;
20686 : 42;
20687 : 42;
20688 : 42;
20689 : 42;
20690 : 49;
20691 : 68;
20692 : 49;
20693 : 42;
20694 : 34;
20695 : 42;
20696 : 49;
20697 : 49;
20698 : 49;
20699 : 42;
20700 : 49;
20701 : 68;
20702 : 86;
20703 : 113;
20704 : 148;
20705 : 155;
20706 : 148;
20707 : 148;
20708 : 141;
20709 : 148;
20710 : 155;
20711 : 155;
20712 : 162;
20713 : 162;
20714 : 162;
20715 : 162;
20716 : 162;
20717 : 155;
20718 : 155;
20719 : 155;
20720 : 155;
20721 : 162;
20722 : 155;
20723 : 162;
20724 : 162;
20725 : 155;
20726 : 155;
20727 : 155;
20728 : 155;
20729 : 155;
20730 : 162;
20731 : 155;
20732 : 162;
20733 : 155;
20734 : 162;
20735 : 162;
20736 : 94;
20737 : 106;
20738 : 94;
20739 : 94;
20740 : 94;
20741 : 100;
20742 : 100;
20743 : 86;
20744 : 94;
20745 : 94;
20746 : 86;
20747 : 100;
20748 : 106;
20749 : 120;
20750 : 130;
20751 : 141;
20752 : 155;
20753 : 162;
20754 : 170;
20755 : 170;
20756 : 170;
20757 : 170;
20758 : 170;
20759 : 170;
20760 : 170;
20761 : 170;
20762 : 170;
20763 : 162;
20764 : 148;
20765 : 141;
20766 : 120;
20767 : 100;
20768 : 86;
20769 : 77;
20770 : 77;
20771 : 86;
20772 : 94;
20773 : 94;
20774 : 100;
20775 : 94;
20776 : 100;
20777 : 100;
20778 : 94;
20779 : 100;
20780 : 94;
20781 : 94;
20782 : 94;
20783 : 100;
20784 : 100;
20785 : 100;
20786 : 100;
20787 : 100;
20788 : 106;
20789 : 94;
20790 : 94;
20791 : 94;
20792 : 94;
20793 : 86;
20794 : 77;
20795 : 222;
20796 : 200;
20797 : 170;
20798 : 179;
20799 : 162;
20800 : 170;
20801 : 141;
20802 : 148;
20803 : 148;
20804 : 148;
20805 : 120;
20806 : 155;
20807 : 113;
20808 : 113;
20809 : 100;
20810 : 106;
20811 : 106;
20812 : 113;
20813 : 106;
20814 : 106;
20815 : 113;
20816 : 135;
20817 : 141;
20818 : 135;
20819 : 135;
20820 : 135;
20821 : 120;
20822 : 141;
20823 : 141;
20824 : 106;
20825 : 130;
20826 : 120;
20827 : 135;
20828 : 141;
20829 : 141;
20830 : 141;
20831 : 135;
20832 : 148;
20833 : 135;
20834 : 141;
20835 : 148;
20836 : 135;
20837 : 141;
20838 : 130;
20839 : 148;
20840 : 155;
20841 : 155;
20842 : 148;
20843 : 141;
20844 : 162;
20845 : 155;
20846 : 155;
20847 : 162;
20848 : 155;
20849 : 141;
20850 : 155;
20851 : 162;
20852 : 155;
20853 : 179;
20854 : 162;
20855 : 155;
20856 : 155;
20857 : 155;
20858 : 162;
20859 : 170;
20860 : 162;
20861 : 170;
20862 : 155;
20863 : 179;
20864 : 170;
20865 : 135;
20866 : 155;
20867 : 162;
20868 : 170;
20869 : 162;
20870 : 162;
20871 : 170;
20872 : 155;
20873 : 170;
20874 : 170;
20875 : 170;
20876 : 170;
20877 : 170;
20878 : 162;
20879 : 179;
20880 : 162;
20881 : 170;
20882 : 170;
20883 : 170;
20884 : 170;
20885 : 162;
20886 : 170;
20887 : 170;
20888 : 162;
20889 : 170;
20890 : 155;
20891 : 148;
20892 : 162;
20893 : 179;
20894 : 192;
20895 : 200;
20896 : 170;
20897 : 170;
20898 : 192;
20899 : 192;
20900 : 192;
20901 : 200;
20902 : 200;
20903 : 206;
20904 : 200;
20905 : 200;
20906 : 200;
20907 : 192;
20908 : 192;
20909 : 192;
20910 : 192;
20911 : 192;
20912 : 192;
20913 : 192;
20914 : 200;
20915 : 192;
20916 : 200;
20917 : 200;
20918 : 200;
20919 : 200;
20920 : 200;
20921 : 200;
20922 : 206;
20923 : 200;
20924 : 206;
20925 : 206;
20926 : 206;
20927 : 212;
20928 : 212;
20929 : 155;
20930 : 155;
20931 : 170;
20932 : 179;
20933 : 141;
20934 : 135;
20935 : 155;
20936 : 170;
20937 : 170;
20938 : 170;
20939 : 206;
20940 : 222;
20941 : 34;
20942 : 34;
20943 : 42;
20944 : 42;
20945 : 49;
20946 : 49;
20947 : 49;
20948 : 49;
20949 : 42;
20950 : 34;
20951 : 49;
20952 : 49;
20953 : 49;
20954 : 49;
20955 : 49;
20956 : 57;
20957 : 77;
20958 : 94;
20959 : 130;
20960 : 155;
20961 : 148;
20962 : 148;
20963 : 141;
20964 : 148;
20965 : 148;
20966 : 162;
20967 : 162;
20968 : 155;
20969 : 162;
20970 : 155;
20971 : 162;
20972 : 162;
20973 : 155;
20974 : 162;
20975 : 162;
20976 : 155;
20977 : 162;
20978 : 162;
20979 : 162;
20980 : 162;
20981 : 155;
20982 : 162;
20983 : 155;
20984 : 155;
20985 : 155;
20986 : 162;
20987 : 155;
20988 : 155;
20989 : 162;
20990 : 155;
20991 : 162;
20992 : 94;
20993 : 100;
20994 : 94;
20995 : 94;
20996 : 94;
20997 : 94;
20998 : 100;
20999 : 94;
21000 : 86;
21001 : 94;
21002 : 94;
21003 : 100;
21004 : 106;
21005 : 113;
21006 : 135;
21007 : 141;
21008 : 155;
21009 : 162;
21010 : 162;
21011 : 170;
21012 : 170;
21013 : 170;
21014 : 170;
21015 : 170;
21016 : 170;
21017 : 170;
21018 : 170;
21019 : 155;
21020 : 148;
21021 : 141;
21022 : 120;
21023 : 100;
21024 : 86;
21025 : 77;
21026 : 86;
21027 : 86;
21028 : 94;
21029 : 94;
21030 : 94;
21031 : 106;
21032 : 100;
21033 : 100;
21034 : 100;
21035 : 100;
21036 : 100;
21037 : 100;
21038 : 94;
21039 : 100;
21040 : 94;
21041 : 100;
21042 : 100;
21043 : 94;
21044 : 100;
21045 : 100;
21046 : 100;
21047 : 94;
21048 : 94;
21049 : 86;
21050 : 77;
21051 : 222;
21052 : 192;
21053 : 192;
21054 : 179;
21055 : 179;
21056 : 162;
21057 : 148;
21058 : 155;
21059 : 162;
21060 : 125;
21061 : 148;
21062 : 141;
21063 : 130;
21064 : 113;
21065 : 113;
21066 : 113;
21067 : 106;
21068 : 106;
21069 : 94;
21070 : 130;
21071 : 135;
21072 : 148;
21073 : 141;
21074 : 141;
21075 : 135;
21076 : 130;
21077 : 135;
21078 : 141;
21079 : 106;
21080 : 125;
21081 : 120;
21082 : 141;
21083 : 148;
21084 : 135;
21085 : 148;
21086 : 155;
21087 : 135;
21088 : 135;
21089 : 141;
21090 : 148;
21091 : 120;
21092 : 135;
21093 : 148;
21094 : 155;
21095 : 148;
21096 : 148;
21097 : 125;
21098 : 135;
21099 : 162;
21100 : 162;
21101 : 162;
21102 : 155;
21103 : 155;
21104 : 155;
21105 : 162;
21106 : 148;
21107 : 155;
21108 : 155;
21109 : 155;
21110 : 162;
21111 : 148;
21112 : 162;
21113 : 162;
21114 : 162;
21115 : 162;
21116 : 170;
21117 : 170;
21118 : 155;
21119 : 148;
21120 : 148;
21121 : 148;
21122 : 170;
21123 : 179;
21124 : 162;
21125 : 162;
21126 : 170;
21127 : 170;
21128 : 162;
21129 : 155;
21130 : 170;
21131 : 162;
21132 : 179;
21133 : 162;
21134 : 170;
21135 : 155;
21136 : 170;
21137 : 162;
21138 : 155;
21139 : 162;
21140 : 170;
21141 : 170;
21142 : 155;
21143 : 170;
21144 : 162;
21145 : 148;
21146 : 155;
21147 : 155;
21148 : 179;
21149 : 200;
21150 : 179;
21151 : 170;
21152 : 192;
21153 : 170;
21154 : 192;
21155 : 192;
21156 : 206;
21157 : 200;
21158 : 200;
21159 : 200;
21160 : 200;
21161 : 192;
21162 : 192;
21163 : 179;
21164 : 192;
21165 : 200;
21166 : 192;
21167 : 200;
21168 : 200;
21169 : 200;
21170 : 192;
21171 : 200;
21172 : 200;
21173 : 200;
21174 : 206;
21175 : 200;
21176 : 200;
21177 : 200;
21178 : 206;
21179 : 206;
21180 : 206;
21181 : 206;
21182 : 212;
21183 : 206;
21184 : 155;
21185 : 148;
21186 : 155;
21187 : 179;
21188 : 155;
21189 : 141;
21190 : 162;
21191 : 170;
21192 : 170;
21193 : 148;
21194 : 192;
21195 : 212;
21196 : 162;
21197 : 42;
21198 : 49;
21199 : 42;
21200 : 42;
21201 : 49;
21202 : 49;
21203 : 49;
21204 : 42;
21205 : 68;
21206 : 42;
21207 : 49;
21208 : 57;
21209 : 49;
21210 : 49;
21211 : 49;
21212 : 68;
21213 : 77;
21214 : 120;
21215 : 148;
21216 : 155;
21217 : 155;
21218 : 148;
21219 : 148;
21220 : 148;
21221 : 155;
21222 : 155;
21223 : 155;
21224 : 162;
21225 : 162;
21226 : 162;
21227 : 155;
21228 : 155;
21229 : 162;
21230 : 155;
21231 : 155;
21232 : 155;
21233 : 155;
21234 : 155;
21235 : 155;
21236 : 155;
21237 : 155;
21238 : 155;
21239 : 155;
21240 : 162;
21241 : 155;
21242 : 162;
21243 : 155;
21244 : 155;
21245 : 155;
21246 : 155;
21247 : 162;
21248 : 100;
21249 : 94;
21250 : 100;
21251 : 100;
21252 : 86;
21253 : 94;
21254 : 94;
21255 : 94;
21256 : 94;
21257 : 94;
21258 : 94;
21259 : 100;
21260 : 113;
21261 : 125;
21262 : 141;
21263 : 148;
21264 : 155;
21265 : 162;
21266 : 162;
21267 : 170;
21268 : 179;
21269 : 170;
21270 : 170;
21271 : 170;
21272 : 179;
21273 : 170;
21274 : 170;
21275 : 162;
21276 : 148;
21277 : 135;
21278 : 120;
21279 : 100;
21280 : 77;
21281 : 68;
21282 : 77;
21283 : 86;
21284 : 86;
21285 : 86;
21286 : 94;
21287 : 94;
21288 : 100;
21289 : 100;
21290 : 94;
21291 : 94;
21292 : 100;
21293 : 100;
21294 : 100;
21295 : 94;
21296 : 94;
21297 : 100;
21298 : 94;
21299 : 100;
21300 : 100;
21301 : 94;
21302 : 100;
21303 : 94;
21304 : 86;
21305 : 86;
21306 : 68;
21307 : 222;
21308 : 200;
21309 : 179;
21310 : 192;
21311 : 170;
21312 : 170;
21313 : 170;
21314 : 155;
21315 : 155;
21316 : 162;
21317 : 135;
21318 : 148;
21319 : 120;
21320 : 120;
21321 : 113;
21322 : 106;
21323 : 106;
21324 : 86;
21325 : 113;
21326 : 135;
21327 : 120;
21328 : 135;
21329 : 135;
21330 : 130;
21331 : 135;
21332 : 141;
21333 : 148;
21334 : 106;
21335 : 125;
21336 : 120;
21337 : 135;
21338 : 148;
21339 : 141;
21340 : 148;
21341 : 148;
21342 : 148;
21343 : 135;
21344 : 148;
21345 : 135;
21346 : 113;
21347 : 130;
21348 : 141;
21349 : 148;
21350 : 155;
21351 : 155;
21352 : 135;
21353 : 148;
21354 : 162;
21355 : 155;
21356 : 162;
21357 : 155;
21358 : 162;
21359 : 148;
21360 : 148;
21361 : 170;
21362 : 170;
21363 : 148;
21364 : 148;
21365 : 155;
21366 : 148;
21367 : 135;
21368 : 148;
21369 : 155;
21370 : 162;
21371 : 170;
21372 : 155;
21373 : 141;
21374 : 155;
21375 : 155;
21376 : 170;
21377 : 162;
21378 : 155;
21379 : 162;
21380 : 162;
21381 : 162;
21382 : 162;
21383 : 170;
21384 : 162;
21385 : 170;
21386 : 155;
21387 : 170;
21388 : 155;
21389 : 170;
21390 : 162;
21391 : 170;
21392 : 148;
21393 : 162;
21394 : 162;
21395 : 155;
21396 : 162;
21397 : 162;
21398 : 155;
21399 : 162;
21400 : 155;
21401 : 148;
21402 : 179;
21403 : 192;
21404 : 192;
21405 : 170;
21406 : 179;
21407 : 170;
21408 : 192;
21409 : 200;
21410 : 200;
21411 : 200;
21412 : 192;
21413 : 192;
21414 : 192;
21415 : 179;
21416 : 179;
21417 : 179;
21418 : 192;
21419 : 192;
21420 : 192;
21421 : 200;
21422 : 200;
21423 : 200;
21424 : 192;
21425 : 200;
21426 : 200;
21427 : 206;
21428 : 200;
21429 : 206;
21430 : 200;
21431 : 200;
21432 : 200;
21433 : 200;
21434 : 206;
21435 : 206;
21436 : 212;
21437 : 206;
21438 : 212;
21439 : 200;
21440 : 148;
21441 : 155;
21442 : 179;
21443 : 141;
21444 : 148;
21445 : 170;
21446 : 170;
21447 : 135;
21448 : 135;
21449 : 162;
21450 : 206;
21451 : 222;
21452 : 34;
21453 : 42;
21454 : 42;
21455 : 42;
21456 : 49;
21457 : 49;
21458 : 49;
21459 : 49;
21460 : 49;
21461 : 42;
21462 : 68;
21463 : 57;
21464 : 49;
21465 : 49;
21466 : 49;
21467 : 68;
21468 : 68;
21469 : 100;
21470 : 141;
21471 : 155;
21472 : 148;
21473 : 148;
21474 : 141;
21475 : 141;
21476 : 148;
21477 : 162;
21478 : 162;
21479 : 162;
21480 : 162;
21481 : 155;
21482 : 155;
21483 : 155;
21484 : 162;
21485 : 155;
21486 : 155;
21487 : 162;
21488 : 155;
21489 : 162;
21490 : 155;
21491 : 162;
21492 : 155;
21493 : 155;
21494 : 155;
21495 : 155;
21496 : 155;
21497 : 155;
21498 : 148;
21499 : 155;
21500 : 155;
21501 : 155;
21502 : 155;
21503 : 155;
21504 : 94;
21505 : 94;
21506 : 94;
21507 : 100;
21508 : 100;
21509 : 94;
21510 : 94;
21511 : 94;
21512 : 100;
21513 : 94;
21514 : 100;
21515 : 100;
21516 : 106;
21517 : 120;
21518 : 135;
21519 : 148;
21520 : 155;
21521 : 162;
21522 : 170;
21523 : 162;
21524 : 170;
21525 : 170;
21526 : 170;
21527 : 179;
21528 : 170;
21529 : 170;
21530 : 162;
21531 : 162;
21532 : 155;
21533 : 141;
21534 : 125;
21535 : 100;
21536 : 86;
21537 : 77;
21538 : 77;
21539 : 86;
21540 : 86;
21541 : 94;
21542 : 94;
21543 : 94;
21544 : 94;
21545 : 94;
21546 : 94;
21547 : 100;
21548 : 94;
21549 : 94;
21550 : 94;
21551 : 100;
21552 : 100;
21553 : 100;
21554 : 100;
21555 : 94;
21556 : 100;
21557 : 100;
21558 : 100;
21559 : 94;
21560 : 94;
21561 : 86;
21562 : 68;
21563 : 222;
21564 : 200;
21565 : 206;
21566 : 179;
21567 : 192;
21568 : 179;
21569 : 179;
21570 : 170;
21571 : 170;
21572 : 148;
21573 : 130;
21574 : 155;
21575 : 141;
21576 : 130;
21577 : 106;
21578 : 106;
21579 : 86;
21580 : 106;
21581 : 135;
21582 : 141;
21583 : 135;
21584 : 120;
21585 : 135;
21586 : 125;
21587 : 135;
21588 : 141;
21589 : 113;
21590 : 130;
21591 : 120;
21592 : 141;
21593 : 148;
21594 : 135;
21595 : 135;
21596 : 148;
21597 : 141;
21598 : 135;
21599 : 148;
21600 : 120;
21601 : 120;
21602 : 135;
21603 : 135;
21604 : 155;
21605 : 148;
21606 : 135;
21607 : 141;
21608 : 135;
21609 : 148;
21610 : 162;
21611 : 162;
21612 : 155;
21613 : 155;
21614 : 162;
21615 : 148;
21616 : 155;
21617 : 148;
21618 : 155;
21619 : 162;
21620 : 162;
21621 : 141;
21622 : 141;
21623 : 135;
21624 : 125;
21625 : 125;
21626 : 100;
21627 : 77;
21628 : 113;
21629 : 170;
21630 : 162;
21631 : 162;
21632 : 162;
21633 : 170;
21634 : 155;
21635 : 162;
21636 : 155;
21637 : 162;
21638 : 162;
21639 : 155;
21640 : 162;
21641 : 170;
21642 : 162;
21643 : 155;
21644 : 170;
21645 : 155;
21646 : 162;
21647 : 162;
21648 : 162;
21649 : 155;
21650 : 162;
21651 : 162;
21652 : 141;
21653 : 162;
21654 : 155;
21655 : 148;
21656 : 162;
21657 : 192;
21658 : 200;
21659 : 179;
21660 : 162;
21661 : 179;
21662 : 192;
21663 : 192;
21664 : 200;
21665 : 206;
21666 : 200;
21667 : 192;
21668 : 192;
21669 : 179;
21670 : 179;
21671 : 192;
21672 : 192;
21673 : 192;
21674 : 192;
21675 : 192;
21676 : 192;
21677 : 192;
21678 : 192;
21679 : 200;
21680 : 200;
21681 : 200;
21682 : 200;
21683 : 206;
21684 : 200;
21685 : 206;
21686 : 206;
21687 : 200;
21688 : 206;
21689 : 206;
21690 : 206;
21691 : 206;
21692 : 212;
21693 : 212;
21694 : 212;
21695 : 141;
21696 : 155;
21697 : 179;
21698 : 135;
21699 : 155;
21700 : 170;
21701 : 135;
21702 : 100;
21703 : 113;
21704 : 155;
21705 : 192;
21706 : 222;
21707 : 222;
21708 : 34;
21709 : 34;
21710 : 42;
21711 : 49;
21712 : 49;
21713 : 57;
21714 : 49;
21715 : 57;
21716 : 57;
21717 : 49;
21718 : 49;
21719 : 68;
21720 : 57;
21721 : 49;
21722 : 49;
21723 : 49;
21724 : 68;
21725 : 113;
21726 : 148;
21727 : 155;
21728 : 148;
21729 : 148;
21730 : 141;
21731 : 148;
21732 : 155;
21733 : 155;
21734 : 155;
21735 : 162;
21736 : 155;
21737 : 155;
21738 : 155;
21739 : 155;
21740 : 155;
21741 : 155;
21742 : 155;
21743 : 155;
21744 : 155;
21745 : 162;
21746 : 155;
21747 : 155;
21748 : 155;
21749 : 155;
21750 : 155;
21751 : 162;
21752 : 155;
21753 : 162;
21754 : 155;
21755 : 155;
21756 : 162;
21757 : 155;
21758 : 155;
21759 : 155;
21760 : 100;
21761 : 100;
21762 : 94;
21763 : 100;
21764 : 94;
21765 : 94;
21766 : 94;
21767 : 94;
21768 : 100;
21769 : 100;
21770 : 100;
21771 : 106;
21772 : 113;
21773 : 120;
21774 : 135;
21775 : 141;
21776 : 148;
21777 : 162;
21778 : 162;
21779 : 170;
21780 : 170;
21781 : 170;
21782 : 179;
21783 : 170;
21784 : 170;
21785 : 170;
21786 : 170;
21787 : 162;
21788 : 148;
21789 : 141;
21790 : 120;
21791 : 94;
21792 : 86;
21793 : 77;
21794 : 68;
21795 : 86;
21796 : 86;
21797 : 86;
21798 : 94;
21799 : 100;
21800 : 94;
21801 : 100;
21802 : 100;
21803 : 94;
21804 : 86;
21805 : 94;
21806 : 94;
21807 : 94;
21808 : 94;
21809 : 94;
21810 : 100;
21811 : 100;
21812 : 100;
21813 : 100;
21814 : 100;
21815 : 94;
21816 : 86;
21817 : 77;
21818 : 77;
21819 : 222;
21820 : 212;
21821 : 179;
21822 : 200;
21823 : 200;
21824 : 179;
21825 : 170;
21826 : 170;
21827 : 162;
21828 : 135;
21829 : 148;
21830 : 135;
21831 : 148;
21832 : 130;
21833 : 135;
21834 : 100;
21835 : 94;
21836 : 130;
21837 : 125;
21838 : 135;
21839 : 135;
21840 : 130;
21841 : 125;
21842 : 141;
21843 : 141;
21844 : 100;
21845 : 130;
21846 : 125;
21847 : 130;
21848 : 148;
21849 : 141;
21850 : 135;
21851 : 141;
21852 : 141;
21853 : 135;
21854 : 141;
21855 : 113;
21856 : 130;
21857 : 141;
21858 : 130;
21859 : 141;
21860 : 162;
21861 : 141;
21862 : 135;
21863 : 130;
21864 : 135;
21865 : 148;
21866 : 155;
21867 : 155;
21868 : 162;
21869 : 148;
21870 : 106;
21871 : 100;
21872 : 100;
21873 : 113;
21874 : 120;
21875 : 130;
21876 : 148;
21877 : 155;
21878 : 148;
21879 : 120;
21880 : 155;
21881 : 141;
21882 : 141;
21883 : 106;
21884 : 49;
21885 : 170;
21886 : 162;
21887 : 162;
21888 : 162;
21889 : 162;
21890 : 162;
21891 : 148;
21892 : 155;
21893 : 162;
21894 : 162;
21895 : 170;
21896 : 162;
21897 : 162;
21898 : 170;
21899 : 148;
21900 : 155;
21901 : 162;
21902 : 148;
21903 : 170;
21904 : 162;
21905 : 170;
21906 : 148;
21907 : 162;
21908 : 148;
21909 : 141;
21910 : 148;
21911 : 179;
21912 : 192;
21913 : 200;
21914 : 155;
21915 : 170;
21916 : 179;
21917 : 192;
21918 : 200;
21919 : 192;
21920 : 192;
21921 : 200;
21922 : 192;
21923 : 192;
21924 : 192;
21925 : 192;
21926 : 192;
21927 : 192;
21928 : 192;
21929 : 192;
21930 : 192;
21931 : 200;
21932 : 192;
21933 : 192;
21934 : 200;
21935 : 200;
21936 : 200;
21937 : 200;
21938 : 200;
21939 : 206;
21940 : 200;
21941 : 200;
21942 : 206;
21943 : 200;
21944 : 206;
21945 : 206;
21946 : 206;
21947 : 212;
21948 : 206;
21949 : 212;
21950 : 200;
21951 : 155;
21952 : 170;
21953 : 148;
21954 : 162;
21955 : 120;
21956 : 86;
21957 : 100;
21958 : 94;
21959 : 130;
21960 : 170;
21961 : 212;
21962 : 222;
21963 : 120;
21964 : 42;
21965 : 34;
21966 : 34;
21967 : 49;
21968 : 49;
21969 : 42;
21970 : 49;
21971 : 49;
21972 : 49;
21973 : 49;
21974 : 57;
21975 : 57;
21976 : 49;
21977 : 68;
21978 : 57;
21979 : 68;
21980 : 94;
21981 : 135;
21982 : 155;
21983 : 148;
21984 : 141;
21985 : 141;
21986 : 148;
21987 : 155;
21988 : 162;
21989 : 162;
21990 : 162;
21991 : 155;
21992 : 162;
21993 : 155;
21994 : 155;
21995 : 162;
21996 : 155;
21997 : 155;
21998 : 155;
21999 : 155;
22000 : 155;
22001 : 162;
22002 : 155;
22003 : 155;
22004 : 155;
22005 : 155;
22006 : 155;
22007 : 155;
22008 : 155;
22009 : 155;
22010 : 155;
22011 : 155;
22012 : 155;
22013 : 155;
22014 : 155;
22015 : 155;
22016 : 100;
22017 : 94;
22018 : 100;
22019 : 100;
22020 : 94;
22021 : 100;
22022 : 100;
22023 : 100;
22024 : 100;
22025 : 100;
22026 : 106;
22027 : 106;
22028 : 106;
22029 : 125;
22030 : 135;
22031 : 148;
22032 : 155;
22033 : 162;
22034 : 170;
22035 : 170;
22036 : 170;
22037 : 170;
22038 : 179;
22039 : 170;
22040 : 170;
22041 : 170;
22042 : 170;
22043 : 162;
22044 : 148;
22045 : 141;
22046 : 120;
22047 : 94;
22048 : 86;
22049 : 68;
22050 : 77;
22051 : 86;
22052 : 86;
22053 : 86;
22054 : 94;
22055 : 94;
22056 : 100;
22057 : 94;
22058 : 94;
22059 : 94;
22060 : 94;
22061 : 100;
22062 : 94;
22063 : 100;
22064 : 100;
22065 : 100;
22066 : 100;
22067 : 94;
22068 : 100;
22069 : 94;
22070 : 94;
22071 : 94;
22072 : 86;
22073 : 77;
22074 : 57;
22075 : 222;
22076 : 200;
22077 : 206;
22078 : 200;
22079 : 192;
22080 : 192;
22081 : 162;
22082 : 179;
22083 : 141;
22084 : 170;
22085 : 135;
22086 : 162;
22087 : 135;
22088 : 155;
22089 : 113;
22090 : 120;
22091 : 113;
22092 : 130;
22093 : 125;
22094 : 125;
22095 : 135;
22096 : 130;
22097 : 130;
22098 : 148;
22099 : 86;
22100 : 120;
22101 : 120;
22102 : 130;
22103 : 148;
22104 : 148;
22105 : 141;
22106 : 135;
22107 : 141;
22108 : 141;
22109 : 148;
22110 : 113;
22111 : 125;
22112 : 135;
22113 : 135;
22114 : 148;
22115 : 141;
22116 : 135;
22117 : 141;
22118 : 125;
22119 : 155;
22120 : 148;
22121 : 148;
22122 : 148;
22123 : 141;
22124 : 106;
22125 : 100;
22126 : 120;
22127 : 135;
22128 : 113;
22129 : 106;
22130 : 94;
22131 : 94;
22132 : 100;
22133 : 135;
22134 : 135;
22135 : 113;
22136 : 148;
22137 : 162;
22138 : 162;
22139 : 141;
22140 : 100;
22141 : 100;
22142 : 125;
22143 : 148;
22144 : 170;
22145 : 155;
22146 : 170;
22147 : 162;
22148 : 135;
22149 : 141;
22150 : 141;
22151 : 135;
22152 : 148;
22153 : 162;
22154 : 155;
22155 : 162;
22156 : 148;
22157 : 106;
22158 : 68;
22159 : 42;
22160 : 162;
22161 : 155;
22162 : 155;
22163 : 135;
22164 : 148;
22165 : 141;
22166 : 179;
22167 : 200;
22168 : 170;
22169 : 170;
22170 : 170;
22171 : 192;
22172 : 200;
22173 : 200;
22174 : 200;
22175 : 200;
22176 : 200;
22177 : 192;
22178 : 192;
22179 : 192;
22180 : 179;
22181 : 192;
22182 : 192;
22183 : 192;
22184 : 192;
22185 : 192;
22186 : 200;
22187 : 200;
22188 : 200;
22189 : 200;
22190 : 200;
22191 : 192;
22192 : 206;
22193 : 200;
22194 : 206;
22195 : 206;
22196 : 200;
22197 : 206;
22198 : 206;
22199 : 200;
22200 : 206;
22201 : 206;
22202 : 206;
22203 : 212;
22204 : 212;
22205 : 212;
22206 : 162;
22207 : 162;
22208 : 148;
22209 : 148;
22210 : 77;
22211 : 86;
22212 : 86;
22213 : 100;
22214 : 106;
22215 : 162;
22216 : 200;
22217 : 222;
22218 : 222;
22219 : 34;
22220 : 34;
22221 : 34;
22222 : 34;
22223 : 42;
22224 : 49;
22225 : 57;
22226 : 42;
22227 : 42;
22228 : 49;
22229 : 57;
22230 : 57;
22231 : 49;
22232 : 49;
22233 : 57;
22234 : 57;
22235 : 68;
22236 : 120;
22237 : 148;
22238 : 148;
22239 : 148;
22240 : 148;
22241 : 148;
22242 : 155;
22243 : 155;
22244 : 162;
22245 : 162;
22246 : 155;
22247 : 162;
22248 : 162;
22249 : 162;
22250 : 155;
22251 : 155;
22252 : 155;
22253 : 155;
22254 : 155;
22255 : 155;
22256 : 155;
22257 : 162;
22258 : 155;
22259 : 155;
22260 : 155;
22261 : 155;
22262 : 155;
22263 : 155;
22264 : 155;
22265 : 155;
22266 : 162;
22267 : 155;
22268 : 155;
22269 : 155;
22270 : 155;
22271 : 155;
22272 : 100;
22273 : 94;
22274 : 100;
22275 : 100;
22276 : 94;
22277 : 100;
22278 : 100;
22279 : 94;
22280 : 100;
22281 : 100;
22282 : 106;
22283 : 106;
22284 : 113;
22285 : 120;
22286 : 141;
22287 : 148;
22288 : 155;
22289 : 155;
22290 : 170;
22291 : 179;
22292 : 170;
22293 : 179;
22294 : 170;
22295 : 170;
22296 : 170;
22297 : 170;
22298 : 170;
22299 : 162;
22300 : 162;
22301 : 141;
22302 : 120;
22303 : 100;
22304 : 77;
22305 : 68;
22306 : 68;
22307 : 77;
22308 : 86;
22309 : 86;
22310 : 94;
22311 : 94;
22312 : 94;
22313 : 100;
22314 : 100;
22315 : 100;
22316 : 106;
22317 : 100;
22318 : 100;
22319 : 100;
22320 : 100;
22321 : 100;
22322 : 100;
22323 : 106;
22324 : 100;
22325 : 94;
22326 : 94;
22327 : 94;
22328 : 94;
22329 : 77;
22330 : 68;
22331 : 222;
22332 : 212;
22333 : 192;
22334 : 192;
22335 : 200;
22336 : 170;
22337 : 179;
22338 : 148;
22339 : 170;
22340 : 135;
22341 : 155;
22342 : 141;
22343 : 170;
22344 : 141;
22345 : 130;
22346 : 113;
22347 : 125;
22348 : 113;
22349 : 120;
22350 : 130;
22351 : 125;
22352 : 130;
22353 : 141;
22354 : 94;
22355 : 106;
22356 : 125;
22357 : 130;
22358 : 141;
22359 : 135;
22360 : 135;
22361 : 135;
22362 : 135;
22363 : 135;
22364 : 148;
22365 : 106;
22366 : 125;
22367 : 130;
22368 : 130;
22369 : 141;
22370 : 141;
22371 : 148;
22372 : 125;
22373 : 135;
22374 : 148;
22375 : 148;
22376 : 155;
22377 : 155;
22378 : 135;
22379 : 86;
22380 : 113;
22381 : 130;
22382 : 148;
22383 : 135;
22384 : 135;
22385 : 120;
22386 : 120;
22387 : 113;
22388 : 113;
22389 : 77;
22390 : 77;
22391 : 135;
22392 : 162;
22393 : 170;
22394 : 162;
22395 : 162;
22396 : 148;
22397 : 130;
22398 : 113;
22399 : 113;
22400 : 106;
22401 : 86;
22402 : 106;
22403 : 192;
22404 : 162;
22405 : 162;
22406 : 170;
22407 : 130;
22408 : 106;
22409 : 135;
22410 : 120;
22411 : 170;
22412 : 179;
22413 : 113;
22414 : 135;
22415 : 68;
22416 : 42;
22417 : 162;
22418 : 155;
22419 : 135;
22420 : 155;
22421 : 200;
22422 : 179;
22423 : 170;
22424 : 162;
22425 : 170;
22426 : 192;
22427 : 192;
22428 : 206;
22429 : 200;
22430 : 200;
22431 : 192;
22432 : 192;
22433 : 200;
22434 : 192;
22435 : 192;
22436 : 192;
22437 : 192;
22438 : 192;
22439 : 192;
22440 : 192;
22441 : 192;
22442 : 200;
22443 : 200;
22444 : 200;
22445 : 200;
22446 : 200;
22447 : 206;
22448 : 206;
22449 : 200;
22450 : 206;
22451 : 200;
22452 : 206;
22453 : 200;
22454 : 200;
22455 : 206;
22456 : 200;
22457 : 206;
22458 : 212;
22459 : 212;
22460 : 212;
22461 : 162;
22462 : 162;
22463 : 162;
22464 : 86;
22465 : 77;
22466 : 86;
22467 : 100;
22468 : 94;
22469 : 113;
22470 : 141;
22471 : 192;
22472 : 212;
22473 : 222;
22474 : 155;
22475 : 34;
22476 : 34;
22477 : 42;
22478 : 34;
22479 : 42;
22480 : 42;
22481 : 57;
22482 : 42;
22483 : 49;
22484 : 42;
22485 : 49;
22486 : 57;
22487 : 57;
22488 : 49;
22489 : 57;
22490 : 68;
22491 : 94;
22492 : 141;
22493 : 155;
22494 : 148;
22495 : 155;
22496 : 141;
22497 : 148;
22498 : 155;
22499 : 162;
22500 : 162;
22501 : 155;
22502 : 155;
22503 : 155;
22504 : 155;
22505 : 162;
22506 : 162;
22507 : 155;
22508 : 155;
22509 : 155;
22510 : 155;
22511 : 155;
22512 : 155;
22513 : 155;
22514 : 155;
22515 : 155;
22516 : 155;
22517 : 155;
22518 : 155;
22519 : 155;
22520 : 162;
22521 : 155;
22522 : 155;
22523 : 155;
22524 : 155;
22525 : 148;
22526 : 155;
22527 : 148;
22528 : 100;
22529 : 94;
22530 : 94;
22531 : 100;
22532 : 100;
22533 : 94;
22534 : 100;
22535 : 100;
22536 : 100;
22537 : 100;
22538 : 106;
22539 : 106;
22540 : 113;
22541 : 125;
22542 : 135;
22543 : 148;
22544 : 155;
22545 : 162;
22546 : 170;
22547 : 170;
22548 : 170;
22549 : 170;
22550 : 179;
22551 : 170;
22552 : 170;
22553 : 179;
22554 : 170;
22555 : 162;
22556 : 155;
22557 : 141;
22558 : 120;
22559 : 100;
22560 : 77;
22561 : 68;
22562 : 77;
22563 : 86;
22564 : 86;
22565 : 94;
22566 : 94;
22567 : 94;
22568 : 106;
22569 : 94;
22570 : 100;
22571 : 100;
22572 : 100;
22573 : 94;
22574 : 100;
22575 : 100;
22576 : 94;
22577 : 100;
22578 : 94;
22579 : 100;
22580 : 100;
22581 : 94;
22582 : 94;
22583 : 86;
22584 : 86;
22585 : 77;
22586 : 68;
22587 : 222;
22588 : 200;
22589 : 206;
22590 : 200;
22591 : 179;
22592 : 200;
22593 : 162;
22594 : 179;
22595 : 135;
22596 : 155;
22597 : 125;
22598 : 170;
22599 : 148;
22600 : 162;
22601 : 135;
22602 : 120;
22603 : 113;
22604 : 120;
22605 : 113;
22606 : 113;
22607 : 120;
22608 : 135;
22609 : 100;
22610 : 106;
22611 : 120;
22612 : 125;
22613 : 141;
22614 : 141;
22615 : 141;
22616 : 135;
22617 : 130;
22618 : 141;
22619 : 120;
22620 : 113;
22621 : 120;
22622 : 125;
22623 : 130;
22624 : 135;
22625 : 135;
22626 : 135;
22627 : 130;
22628 : 125;
22629 : 148;
22630 : 141;
22631 : 148;
22632 : 148;
22633 : 148;
22634 : 120;
22635 : 125;
22636 : 148;
22637 : 141;
22638 : 135;
22639 : 113;
22640 : 113;
22641 : 106;
22642 : 94;
22643 : 86;
22644 : 94;
22645 : 100;
22646 : 57;
22647 : 135;
22648 : 155;
22649 : 170;
22650 : 162;
22651 : 162;
22652 : 113;
22653 : 130;
22654 : 135;
22655 : 141;
22656 : 130;
22657 : 113;
22658 : 86;
22659 : 68;
22660 : 77;
22661 : 113;
22662 : 86;
22663 : 94;
22664 : 94;
22665 : 94;
22666 : 94;
22667 : 42;
22668 : 68;
22669 : 49;
22670 : 86;
22671 : 68;
22672 : 34;
22673 : 86;
22674 : 148;
22675 : 179;
22676 : 200;
22677 : 170;
22678 : 155;
22679 : 155;
22680 : 179;
22681 : 192;
22682 : 192;
22683 : 192;
22684 : 192;
22685 : 200;
22686 : 192;
22687 : 192;
22688 : 192;
22689 : 200;
22690 : 200;
22691 : 192;
22692 : 200;
22693 : 192;
22694 : 192;
22695 : 192;
22696 : 200;
22697 : 200;
22698 : 200;
22699 : 200;
22700 : 200;
22701 : 200;
22702 : 200;
22703 : 200;
22704 : 200;
22705 : 200;
22706 : 206;
22707 : 200;
22708 : 200;
22709 : 200;
22710 : 206;
22711 : 206;
22712 : 206;
22713 : 206;
22714 : 212;
22715 : 192;
22716 : 162;
22717 : 155;
22718 : 100;
22719 : 86;
22720 : 77;
22721 : 86;
22722 : 86;
22723 : 94;
22724 : 100;
22725 : 130;
22726 : 179;
22727 : 200;
22728 : 212;
22729 : 222;
22730 : 34;
22731 : 42;
22732 : 34;
22733 : 49;
22734 : 49;
22735 : 49;
22736 : 42;
22737 : 57;
22738 : 42;
22739 : 42;
22740 : 42;
22741 : 49;
22742 : 49;
22743 : 57;
22744 : 49;
22745 : 49;
22746 : 68;
22747 : 120;
22748 : 148;
22749 : 155;
22750 : 148;
22751 : 141;
22752 : 148;
22753 : 148;
22754 : 155;
22755 : 162;
22756 : 162;
22757 : 162;
22758 : 162;
22759 : 155;
22760 : 162;
22761 : 155;
22762 : 162;
22763 : 162;
22764 : 155;
22765 : 155;
22766 : 155;
22767 : 155;
22768 : 155;
22769 : 155;
22770 : 155;
22771 : 155;
22772 : 155;
22773 : 148;
22774 : 148;
22775 : 148;
22776 : 155;
22777 : 155;
22778 : 148;
22779 : 155;
22780 : 155;
22781 : 155;
22782 : 155;
22783 : 155;
22784 : 100;
22785 : 100;
22786 : 100;
22787 : 94;
22788 : 94;
22789 : 100;
22790 : 100;
22791 : 94;
22792 : 100;
22793 : 100;
22794 : 106;
22795 : 113;
22796 : 120;
22797 : 125;
22798 : 141;
22799 : 148;
22800 : 155;
22801 : 162;
22802 : 170;
22803 : 170;
22804 : 170;
22805 : 170;
22806 : 179;
22807 : 170;
22808 : 170;
22809 : 179;
22810 : 170;
22811 : 162;
22812 : 148;
22813 : 141;
22814 : 125;
22815 : 100;
22816 : 86;
22817 : 77;
22818 : 68;
22819 : 77;
22820 : 86;
22821 : 86;
22822 : 86;
22823 : 94;
22824 : 94;
22825 : 100;
22826 : 94;
22827 : 100;
22828 : 100;
22829 : 94;
22830 : 100;
22831 : 100;
22832 : 100;
22833 : 100;
22834 : 100;
22835 : 100;
22836 : 100;
22837 : 100;
22838 : 100;
22839 : 94;
22840 : 94;
22841 : 77;
22842 : 68;
22843 : 222;
22844 : 206;
22845 : 206;
22846 : 192;
22847 : 206;
22848 : 179;
22849 : 200;
22850 : 162;
22851 : 170;
22852 : 120;
22853 : 135;
22854 : 141;
22855 : 155;
22856 : 179;
22857 : 113;
22858 : 100;
22859 : 113;
22860 : 120;
22861 : 125;
22862 : 120;
22863 : 130;
22864 : 113;
22865 : 106;
22866 : 120;
22867 : 120;
22868 : 141;
22869 : 141;
22870 : 135;
22871 : 141;
22872 : 135;
22873 : 141;
22874 : 120;
22875 : 113;
22876 : 125;
22877 : 135;
22878 : 125;
22879 : 135;
22880 : 135;
22881 : 125;
22882 : 130;
22883 : 130;
22884 : 148;
22885 : 148;
22886 : 130;
22887 : 148;
22888 : 148;
22889 : 106;
22890 : 120;
22891 : 148;
22892 : 141;
22893 : 130;
22894 : 106;
22895 : 86;
22896 : 106;
22897 : 106;
22898 : 77;
22899 : 86;
22900 : 68;
22901 : 57;
22902 : 68;
22903 : 125;
22904 : 141;
22905 : 155;
22906 : 148;
22907 : 135;
22908 : 135;
22909 : 125;
22910 : 100;
22911 : 68;
22912 : 106;
22913 : 57;
22914 : 86;
22915 : 94;
22916 : 113;
22917 : 57;
22918 : 77;
22919 : 57;
22920 : 57;
22921 : 57;
22922 : 68;
22923 : 42;
22924 : 49;
22925 : 49;
22926 : 42;
22927 : 34;
22928 : 42;
22929 : 49;
22930 : 192;
22931 : 200;
22932 : 141;
22933 : 148;
22934 : 162;
22935 : 192;
22936 : 192;
22937 : 200;
22938 : 200;
22939 : 192;
22940 : 200;
22941 : 192;
22942 : 192;
22943 : 192;
22944 : 200;
22945 : 192;
22946 : 200;
22947 : 192;
22948 : 192;
22949 : 192;
22950 : 192;
22951 : 200;
22952 : 192;
22953 : 200;
22954 : 200;
22955 : 200;
22956 : 200;
22957 : 200;
22958 : 200;
22959 : 200;
22960 : 200;
22961 : 206;
22962 : 200;
22963 : 200;
22964 : 206;
22965 : 206;
22966 : 206;
22967 : 200;
22968 : 206;
22969 : 206;
22970 : 155;
22971 : 148;
22972 : 100;
22973 : 86;
22974 : 86;
22975 : 86;
22976 : 86;
22977 : 94;
22978 : 86;
22979 : 113;
22980 : 125;
22981 : 179;
22982 : 192;
22983 : 212;
22984 : 222;
22985 : 57;
22986 : 42;
22987 : 34;
22988 : 42;
22989 : 49;
22990 : 57;
22991 : 49;
22992 : 42;
22993 : 57;
22994 : 42;
22995 : 49;
22996 : 49;
22997 : 49;
22998 : 49;
22999 : 42;
23000 : 42;
23001 : 49;
23002 : 100;
23003 : 135;
23004 : 148;
23005 : 148;
23006 : 148;
23007 : 141;
23008 : 148;
23009 : 162;
23010 : 162;
23011 : 162;
23012 : 162;
23013 : 155;
23014 : 162;
23015 : 162;
23016 : 155;
23017 : 155;
23018 : 162;
23019 : 155;
23020 : 155;
23021 : 155;
23022 : 155;
23023 : 155;
23024 : 155;
23025 : 155;
23026 : 155;
23027 : 155;
23028 : 155;
23029 : 155;
23030 : 155;
23031 : 155;
23032 : 148;
23033 : 155;
23034 : 155;
23035 : 155;
23036 : 148;
23037 : 155;
23038 : 148;
23039 : 155;
23040 : 100;
23041 : 100;
23042 : 106;
23043 : 100;
23044 : 100;
23045 : 94;
23046 : 100;
23047 : 100;
23048 : 100;
23049 : 106;
23050 : 106;
23051 : 113;
23052 : 113;
23053 : 125;
23054 : 141;
23055 : 148;
23056 : 155;
23057 : 162;
23058 : 170;
23059 : 170;
23060 : 170;
23061 : 170;
23062 : 170;
23063 : 179;
23064 : 179;
23065 : 170;
23066 : 170;
23067 : 162;
23068 : 148;
23069 : 141;
23070 : 120;
23071 : 100;
23072 : 86;
23073 : 77;
23074 : 77;
23075 : 86;
23076 : 77;
23077 : 94;
23078 : 94;
23079 : 100;
23080 : 94;
23081 : 94;
23082 : 100;
23083 : 106;
23084 : 94;
23085 : 94;
23086 : 106;
23087 : 106;
23088 : 94;
23089 : 100;
23090 : 100;
23091 : 100;
23092 : 100;
23093 : 100;
23094 : 94;
23095 : 100;
23096 : 94;
23097 : 86;
23098 : 77;
23099 : 179;
23100 : 212;
23101 : 192;
23102 : 206;
23103 : 179;
23104 : 212;
23105 : 179;
23106 : 170;
23107 : 141;
23108 : 141;
23109 : 120;
23110 : 130;
23111 : 148;
23112 : 120;
23113 : 106;
23114 : 113;
23115 : 106;
23116 : 113;
23117 : 120;
23118 : 125;
23119 : 106;
23120 : 94;
23121 : 120;
23122 : 120;
23123 : 148;
23124 : 141;
23125 : 130;
23126 : 135;
23127 : 135;
23128 : 135;
23129 : 120;
23130 : 130;
23131 : 135;
23132 : 130;
23133 : 130;
23134 : 135;
23135 : 141;
23136 : 135;
23137 : 125;
23138 : 113;
23139 : 148;
23140 : 141;
23141 : 141;
23142 : 141;
23143 : 135;
23144 : 106;
23145 : 125;
23146 : 141;
23147 : 135;
23148 : 141;
23149 : 113;
23150 : 94;
23151 : 120;
23152 : 120;
23153 : 86;
23154 : 113;
23155 : 120;
23156 : 106;
23157 : 94;
23158 : 94;
23159 : 141;
23160 : 100;
23161 : 113;
23162 : 130;
23163 : 141;
23164 : 100;
23165 : 86;
23166 : 77;
23167 : 57;
23168 : 57;
23169 : 68;
23170 : 106;
23171 : 135;
23172 : 49;
23173 : 57;
23174 : 94;
23175 : 68;
23176 : 42;
23177 : 42;
23178 : 49;
23179 : 34;
23180 : 42;
23181 : 42;
23182 : 34;
23183 : 42;
23184 : 94;
23185 : 179;
23186 : 179;
23187 : 155;
23188 : 148;
23189 : 179;
23190 : 200;
23191 : 200;
23192 : 200;
23193 : 200;
23194 : 192;
23195 : 192;
23196 : 200;
23197 : 192;
23198 : 192;
23199 : 192;
23200 : 200;
23201 : 192;
23202 : 192;
23203 : 192;
23204 : 192;
23205 : 192;
23206 : 192;
23207 : 192;
23208 : 200;
23209 : 200;
23210 : 200;
23211 : 200;
23212 : 200;
23213 : 200;
23214 : 200;
23215 : 192;
23216 : 200;
23217 : 206;
23218 : 200;
23219 : 206;
23220 : 206;
23221 : 206;
23222 : 206;
23223 : 206;
23224 : 148;
23225 : 113;
23226 : 86;
23227 : 94;
23228 : 94;
23229 : 86;
23230 : 86;
23231 : 86;
23232 : 94;
23233 : 94;
23234 : 94;
23235 : 135;
23236 : 170;
23237 : 192;
23238 : 200;
23239 : 212;
23240 : 192;
23241 : 34;
23242 : 34;
23243 : 34;
23244 : 42;
23245 : 57;
23246 : 49;
23247 : 57;
23248 : 49;
23249 : 49;
23250 : 42;
23251 : 49;
23252 : 57;
23253 : 57;
23254 : 49;
23255 : 49;
23256 : 34;
23257 : 57;
23258 : 120;
23259 : 148;
23260 : 148;
23261 : 148;
23262 : 141;
23263 : 141;
23264 : 148;
23265 : 155;
23266 : 162;
23267 : 162;
23268 : 162;
23269 : 162;
23270 : 162;
23271 : 155;
23272 : 155;
23273 : 162;
23274 : 162;
23275 : 162;
23276 : 162;
23277 : 155;
23278 : 155;
23279 : 162;
23280 : 155;
23281 : 155;
23282 : 148;
23283 : 148;
23284 : 155;
23285 : 155;
23286 : 155;
23287 : 155;
23288 : 155;
23289 : 148;
23290 : 148;
23291 : 155;
23292 : 155;
23293 : 155;
23294 : 162;
23295 : 155;
23296 : 94;
23297 : 100;
23298 : 100;
23299 : 106;
23300 : 100;
23301 : 100;
23302 : 100;
23303 : 94;
23304 : 106;
23305 : 100;
23306 : 106;
23307 : 113;
23308 : 113;
23309 : 125;
23310 : 135;
23311 : 148;
23312 : 155;
23313 : 162;
23314 : 170;
23315 : 170;
23316 : 170;
23317 : 170;
23318 : 170;
23319 : 179;
23320 : 170;
23321 : 179;
23322 : 170;
23323 : 162;
23324 : 155;
23325 : 141;
23326 : 125;
23327 : 100;
23328 : 77;
23329 : 68;
23330 : 77;
23331 : 77;
23332 : 86;
23333 : 94;
23334 : 94;
23335 : 100;
23336 : 94;
23337 : 100;
23338 : 94;
23339 : 94;
23340 : 100;
23341 : 100;
23342 : 100;
23343 : 106;
23344 : 100;
23345 : 94;
23346 : 100;
23347 : 94;
23348 : 106;
23349 : 100;
23350 : 100;
23351 : 94;
23352 : 100;
23353 : 86;
23354 : 77;
23355 : 130;
23356 : 212;
23357 : 206;
23358 : 192;
23359 : 212;
23360 : 179;
23361 : 206;
23362 : 155;
23363 : 162;
23364 : 113;
23365 : 113;
23366 : 125;
23367 : 120;
23368 : 125;
23369 : 120;
23370 : 113;
23371 : 120;
23372 : 113;
23373 : 120;
23374 : 130;
23375 : 94;
23376 : 120;
23377 : 113;
23378 : 135;
23379 : 141;
23380 : 135;
23381 : 135;
23382 : 135;
23383 : 135;
23384 : 113;
23385 : 113;
23386 : 130;
23387 : 130;
23388 : 135;
23389 : 141;
23390 : 130;
23391 : 130;
23392 : 135;
23393 : 125;
23394 : 141;
23395 : 141;
23396 : 141;
23397 : 141;
23398 : 141;
23399 : 113;
23400 : 120;
23401 : 125;
23402 : 141;
23403 : 135;
23404 : 120;
23405 : 106;
23406 : 135;
23407 : 130;
23408 : 100;
23409 : 106;
23410 : 141;
23411 : 120;
23412 : 120;
23413 : 68;
23414 : 86;
23415 : 106;
23416 : 77;
23417 : 94;
23418 : 125;
23419 : 86;
23420 : 86;
23421 : 86;
23422 : 42;
23423 : 68;
23424 : 57;
23425 : 135;
23426 : 42;
23427 : 57;
23428 : 77;
23429 : 77;
23430 : 68;
23431 : 57;
23432 : 49;
23433 : 42;
23434 : 34;
23435 : 34;
23436 : 42;
23437 : 34;
23438 : 68;
23439 : 130;
23440 : 192;
23441 : 170;
23442 : 135;
23443 : 155;
23444 : 179;
23445 : 200;
23446 : 206;
23447 : 206;
23448 : 200;
23449 : 200;
23450 : 192;
23451 : 192;
23452 : 192;
23453 : 192;
23454 : 192;
23455 : 192;
23456 : 192;
23457 : 200;
23458 : 192;
23459 : 192;
23460 : 192;
23461 : 192;
23462 : 200;
23463 : 192;
23464 : 192;
23465 : 200;
23466 : 200;
23467 : 200;
23468 : 200;
23469 : 200;
23470 : 200;
23471 : 200;
23472 : 206;
23473 : 206;
23474 : 206;
23475 : 212;
23476 : 212;
23477 : 192;
23478 : 106;
23479 : 86;
23480 : 86;
23481 : 86;
23482 : 86;
23483 : 86;
23484 : 100;
23485 : 94;
23486 : 94;
23487 : 94;
23488 : 100;
23489 : 125;
23490 : 141;
23491 : 170;
23492 : 192;
23493 : 200;
23494 : 212;
23495 : 179;
23496 : 34;
23497 : 42;
23498 : 42;
23499 : 42;
23500 : 49;
23501 : 49;
23502 : 49;
23503 : 49;
23504 : 49;
23505 : 57;
23506 : 49;
23507 : 49;
23508 : 57;
23509 : 57;
23510 : 49;
23511 : 34;
23512 : 42;
23513 : 86;
23514 : 141;
23515 : 148;
23516 : 148;
23517 : 141;
23518 : 148;
23519 : 148;
23520 : 162;
23521 : 162;
23522 : 162;
23523 : 155;
23524 : 162;
23525 : 155;
23526 : 162;
23527 : 162;
23528 : 162;
23529 : 155;
23530 : 162;
23531 : 155;
23532 : 162;
23533 : 155;
23534 : 155;
23535 : 155;
23536 : 155;
23537 : 155;
23538 : 155;
23539 : 155;
23540 : 155;
23541 : 155;
23542 : 155;
23543 : 155;
23544 : 155;
23545 : 155;
23546 : 155;
23547 : 155;
23548 : 155;
23549 : 148;
23550 : 155;
23551 : 155;
23552 : 100;
23553 : 100;
23554 : 100;
23555 : 100;
23556 : 94;
23557 : 100;
23558 : 94;
23559 : 94;
23560 : 100;
23561 : 106;
23562 : 106;
23563 : 106;
23564 : 120;
23565 : 130;
23566 : 135;
23567 : 148;
23568 : 155;
23569 : 162;
23570 : 170;
23571 : 179;
23572 : 170;
23573 : 170;
23574 : 170;
23575 : 170;
23576 : 170;
23577 : 170;
23578 : 170;
23579 : 162;
23580 : 155;
23581 : 141;
23582 : 120;
23583 : 94;
23584 : 77;
23585 : 68;
23586 : 77;
23587 : 77;
23588 : 86;
23589 : 94;
23590 : 94;
23591 : 100;
23592 : 94;
23593 : 100;
23594 : 100;
23595 : 94;
23596 : 106;
23597 : 94;
23598 : 100;
23599 : 100;
23600 : 94;
23601 : 100;
23602 : 100;
23603 : 100;
23604 : 100;
23605 : 94;
23606 : 100;
23607 : 94;
23608 : 86;
23609 : 86;
23610 : 77;
23611 : 86;
23612 : 222;
23613 : 200;
23614 : 212;
23615 : 192;
23616 : 206;
23617 : 179;
23618 : 192;
23619 : 148;
23620 : 130;
23621 : 113;
23622 : 113;
23623 : 148;
23624 : 141;
23625 : 120;
23626 : 120;
23627 : 135;
23628 : 113;
23629 : 113;
23630 : 94;
23631 : 113;
23632 : 113;
23633 : 130;
23634 : 141;
23635 : 135;
23636 : 141;
23637 : 135;
23638 : 141;
23639 : 113;
23640 : 125;
23641 : 125;
23642 : 125;
23643 : 135;
23644 : 141;
23645 : 135;
23646 : 135;
23647 : 130;
23648 : 113;
23649 : 135;
23650 : 141;
23651 : 141;
23652 : 141;
23653 : 135;
23654 : 141;
23655 : 100;
23656 : 130;
23657 : 135;
23658 : 125;
23659 : 113;
23660 : 94;
23661 : 130;
23662 : 120;
23663 : 125;
23664 : 120;
23665 : 100;
23666 : 68;
23667 : 57;
23668 : 57;
23669 : 49;
23670 : 49;
23671 : 68;
23672 : 68;
23673 : 94;
23674 : 100;
23675 : 120;
23676 : 86;
23677 : 94;
23678 : 94;
23679 : 100;
23680 : 120;
23681 : 57;
23682 : 94;
23683 : 86;
23684 : 49;
23685 : 42;
23686 : 94;
23687 : 34;
23688 : 49;
23689 : 49;
23690 : 42;
23691 : 34;
23692 : 34;
23693 : 34;
23694 : 130;
23695 : 192;
23696 : 148;
23697 : 135;
23698 : 148;
23699 : 192;
23700 : 179;
23701 : 192;
23702 : 200;
23703 : 192;
23704 : 192;
23705 : 200;
23706 : 192;
23707 : 192;
23708 : 192;
23709 : 192;
23710 : 192;
23711 : 192;
23712 : 200;
23713 : 192;
23714 : 192;
23715 : 200;
23716 : 192;
23717 : 192;
23718 : 192;
23719 : 192;
23720 : 192;
23721 : 200;
23722 : 192;
23723 : 200;
23724 : 200;
23725 : 206;
23726 : 200;
23727 : 200;
23728 : 206;
23729 : 212;
23730 : 206;
23731 : 206;
23732 : 77;
23733 : 86;
23734 : 94;
23735 : 86;
23736 : 86;
23737 : 86;
23738 : 86;
23739 : 86;
23740 : 100;
23741 : 94;
23742 : 106;
23743 : 113;
23744 : 135;
23745 : 162;
23746 : 179;
23747 : 192;
23748 : 200;
23749 : 222;
23750 : 34;
23751 : 49;
23752 : 42;
23753 : 34;
23754 : 34;
23755 : 49;
23756 : 49;
23757 : 49;
23758 : 49;
23759 : 42;
23760 : 42;
23761 : 42;
23762 : 49;
23763 : 49;
23764 : 57;
23765 : 49;
23766 : 42;
23767 : 42;
23768 : 42;
23769 : 120;
23770 : 135;
23771 : 148;
23772 : 148;
23773 : 141;
23774 : 141;
23775 : 155;
23776 : 155;
23777 : 162;
23778 : 162;
23779 : 162;
23780 : 162;
23781 : 162;
23782 : 162;
23783 : 162;
23784 : 155;
23785 : 162;
23786 : 155;
23787 : 155;
23788 : 155;
23789 : 162;
23790 : 155;
23791 : 155;
23792 : 155;
23793 : 155;
23794 : 155;
23795 : 155;
23796 : 155;
23797 : 148;
23798 : 148;
23799 : 155;
23800 : 155;
23801 : 155;
23802 : 148;
23803 : 148;
23804 : 148;
23805 : 155;
23806 : 155;
23807 : 155;
23808 : 100;
23809 : 106;
23810 : 100;
23811 : 106;
23812 : 100;
23813 : 100;
23814 : 94;
23815 : 94;
23816 : 100;
23817 : 106;
23818 : 106;
23819 : 106;
23820 : 113;
23821 : 130;
23822 : 135;
23823 : 148;
23824 : 155;
23825 : 162;
23826 : 170;
23827 : 170;
23828 : 170;
23829 : 170;
23830 : 179;
23831 : 179;
23832 : 170;
23833 : 170;
23834 : 170;
23835 : 162;
23836 : 155;
23837 : 141;
23838 : 125;
23839 : 94;
23840 : 77;
23841 : 77;
23842 : 77;
23843 : 77;
23844 : 86;
23845 : 94;
23846 : 100;
23847 : 94;
23848 : 94;
23849 : 100;
23850 : 100;
23851 : 100;
23852 : 100;
23853 : 94;
23854 : 100;
23855 : 106;
23856 : 100;
23857 : 94;
23858 : 100;
23859 : 100;
23860 : 100;
23861 : 94;
23862 : 94;
23863 : 94;
23864 : 94;
23865 : 86;
23866 : 77;
23867 : 68;
23868 : 222;
23869 : 212;
23870 : 192;
23871 : 212;
23872 : 179;
23873 : 222;
23874 : 162;
23875 : 155;
23876 : 130;
23877 : 106;
23878 : 141;
23879 : 162;
23880 : 135;
23881 : 162;
23882 : 113;
23883 : 125;
23884 : 113;
23885 : 106;
23886 : 113;
23887 : 113;
23888 : 125;
23889 : 141;
23890 : 125;
23891 : 141;
23892 : 135;
23893 : 135;
23894 : 120;
23895 : 120;
23896 : 130;
23897 : 130;
23898 : 135;
23899 : 135;
23900 : 130;
23901 : 130;
23902 : 125;
23903 : 120;
23904 : 135;
23905 : 141;
23906 : 148;
23907 : 135;
23908 : 135;
23909 : 113;
23910 : 94;
23911 : 130;
23912 : 135;
23913 : 135;
23914 : 130;
23915 : 106;
23916 : 120;
23917 : 120;
23918 : 113;
23919 : 106;
23920 : 86;
23921 : 57;
23922 : 68;
23923 : 49;
23924 : 57;
23925 : 57;
23926 : 57;
23927 : 57;
23928 : 94;
23929 : 100;
23930 : 125;
23931 : 100;
23932 : 106;
23933 : 86;
23934 : 100;
23935 : 100;
23936 : 86;
23937 : 130;
23938 : 34;
23939 : 57;
23940 : 68;
23941 : 68;
23942 : 100;
23943 : 34;
23944 : 34;
23945 : 34;
23946 : 42;
23947 : 42;
23948 : 42;
23949 : 170;
23950 : 179;
23951 : 135;
23952 : 106;
23953 : 155;
23954 : 200;
23955 : 192;
23956 : 192;
23957 : 179;
23958 : 179;
23959 : 192;
23960 : 200;
23961 : 192;
23962 : 192;
23963 : 192;
23964 : 192;
23965 : 192;
23966 : 192;
23967 : 179;
23968 : 192;
23969 : 200;
23970 : 192;
23971 : 179;
23972 : 192;
23973 : 192;
23974 : 192;
23975 : 192;
23976 : 192;
23977 : 200;
23978 : 192;
23979 : 200;
23980 : 200;
23981 : 200;
23982 : 200;
23983 : 200;
23984 : 206;
23985 : 206;
23986 : 162;
23987 : 86;
23988 : 94;
23989 : 94;
23990 : 100;
23991 : 94;
23992 : 94;
23993 : 86;
23994 : 94;
23995 : 94;
23996 : 106;
23997 : 120;
23998 : 135;
23999 : 148;
24000 : 170;
24001 : 179;
24002 : 200;
24003 : 200;
24004 : 222;
24005 : 34;
24006 : 42;
24007 : 42;
24008 : 49;
24009 : 42;
24010 : 49;
24011 : 49;
24012 : 57;
24013 : 49;
24014 : 42;
24015 : 49;
24016 : 49;
24017 : 42;
24018 : 42;
24019 : 49;
24020 : 57;
24021 : 57;
24022 : 49;
24023 : 49;
24024 : 77;
24025 : 130;
24026 : 148;
24027 : 148;
24028 : 148;
24029 : 141;
24030 : 155;
24031 : 162;
24032 : 162;
24033 : 162;
24034 : 170;
24035 : 162;
24036 : 162;
24037 : 162;
24038 : 155;
24039 : 155;
24040 : 162;
24041 : 155;
24042 : 155;
24043 : 162;
24044 : 155;
24045 : 162;
24046 : 155;
24047 : 162;
24048 : 155;
24049 : 155;
24050 : 155;
24051 : 155;
24052 : 155;
24053 : 155;
24054 : 148;
24055 : 155;
24056 : 155;
24057 : 155;
24058 : 155;
24059 : 155;
24060 : 148;
24061 : 155;
24062 : 155;
24063 : 155;
24064 : 106;
24065 : 100;
24066 : 106;
24067 : 100;
24068 : 100;
24069 : 100;
24070 : 94;
24071 : 100;
24072 : 94;
24073 : 106;
24074 : 113;
24075 : 106;
24076 : 113;
24077 : 125;
24078 : 135;
24079 : 148;
24080 : 148;
24081 : 162;
24082 : 170;
24083 : 170;
24084 : 170;
24085 : 170;
24086 : 170;
24087 : 170;
24088 : 170;
24089 : 179;
24090 : 162;
24091 : 162;
24092 : 155;
24093 : 141;
24094 : 125;
24095 : 94;
24096 : 86;
24097 : 86;
24098 : 68;
24099 : 77;
24100 : 86;
24101 : 86;
24102 : 94;
24103 : 94;
24104 : 106;
24105 : 94;
24106 : 94;
24107 : 100;
24108 : 94;
24109 : 94;
24110 : 100;
24111 : 100;
24112 : 100;
24113 : 94;
24114 : 94;
24115 : 106;
24116 : 106;
24117 : 100;
24118 : 94;
24119 : 94;
24120 : 94;
24121 : 94;
24122 : 77;
24123 : 77;
24124 : 222;
24125 : 192;
24126 : 206;
24127 : 192;
24128 : 206;
24129 : 192;
24130 : 192;
24131 : 141;
24132 : 130;
24133 : 135;
24134 : 141;
24135 : 135;
24136 : 155;
24137 : 135;
24138 : 148;
24139 : 120;
24140 : 94;
24141 : 113;
24142 : 113;
24143 : 120;
24144 : 135;
24145 : 130;
24146 : 141;
24147 : 135;
24148 : 130;
24149 : 125;
24150 : 113;
24151 : 130;
24152 : 130;
24153 : 125;
24154 : 135;
24155 : 135;
24156 : 135;
24157 : 130;
24158 : 120;
24159 : 130;
24160 : 148;
24161 : 135;
24162 : 135;
24163 : 141;
24164 : 125;
24165 : 86;
24166 : 130;
24167 : 125;
24168 : 135;
24169 : 135;
24170 : 135;
24171 : 100;
24172 : 94;
24173 : 68;
24174 : 57;
24175 : 68;
24176 : 77;
24177 : 77;
24178 : 68;
24179 : 57;
24180 : 57;
24181 : 57;
24182 : 57;
24183 : 86;
24184 : 130;
24185 : 86;
24186 : 113;
24187 : 86;
24188 : 57;
24189 : 49;
24190 : 94;
24191 : 77;
24192 : 135;
24193 : 86;
24194 : 77;
24195 : 100;
24196 : 86;
24197 : 34;
24198 : 141;
24199 : 34;
24200 : 34;
24201 : 34;
24202 : 34;
24203 : 77;
24204 : 179;
24205 : 179;
24206 : 113;
24207 : 113;
24208 : 155;
24209 : 192;
24210 : 200;
24211 : 192;
24212 : 179;
24213 : 179;
24214 : 179;
24215 : 192;
24216 : 192;
24217 : 192;
24218 : 192;
24219 : 192;
24220 : 192;
24221 : 192;
24222 : 179;
24223 : 192;
24224 : 192;
24225 : 192;
24226 : 192;
24227 : 179;
24228 : 192;
24229 : 192;
24230 : 192;
24231 : 200;
24232 : 192;
24233 : 200;
24234 : 200;
24235 : 192;
24236 : 200;
24237 : 192;
24238 : 200;
24239 : 200;
24240 : 135;
24241 : 120;
24242 : 130;
24243 : 130;
24244 : 94;
24245 : 94;
24246 : 94;
24247 : 86;
24248 : 86;
24249 : 94;
24250 : 100;
24251 : 125;
24252 : 148;
24253 : 155;
24254 : 162;
24255 : 170;
24256 : 179;
24257 : 192;
24258 : 192;
24259 : 222;
24260 : 86;
24261 : 42;
24262 : 49;
24263 : 49;
24264 : 42;
24265 : 49;
24266 : 49;
24267 : 49;
24268 : 49;
24269 : 57;
24270 : 49;
24271 : 42;
24272 : 42;
24273 : 49;
24274 : 57;
24275 : 57;
24276 : 68;
24277 : 49;
24278 : 49;
24279 : 49;
24280 : 106;
24281 : 135;
24282 : 148;
24283 : 148;
24284 : 148;
24285 : 141;
24286 : 155;
24287 : 155;
24288 : 170;
24289 : 162;
24290 : 170;
24291 : 162;
24292 : 162;
24293 : 162;
24294 : 162;
24295 : 162;
24296 : 162;
24297 : 162;
24298 : 155;
24299 : 162;
24300 : 162;
24301 : 155;
24302 : 155;
24303 : 155;
24304 : 155;
24305 : 155;
24306 : 155;
24307 : 155;
24308 : 155;
24309 : 155;
24310 : 155;
24311 : 155;
24312 : 155;
24313 : 155;
24314 : 155;
24315 : 155;
24316 : 155;
24317 : 155;
24318 : 155;
24319 : 148;
24320 : 100;
24321 : 106;
24322 : 113;
24323 : 106;
24324 : 106;
24325 : 94;
24326 : 100;
24327 : 100;
24328 : 100;
24329 : 100;
24330 : 100;
24331 : 106;
24332 : 113;
24333 : 125;
24334 : 135;
24335 : 148;
24336 : 148;
24337 : 162;
24338 : 162;
24339 : 170;
24340 : 170;
24341 : 170;
24342 : 170;
24343 : 170;
24344 : 170;
24345 : 170;
24346 : 170;
24347 : 162;
24348 : 155;
24349 : 141;
24350 : 125;
24351 : 100;
24352 : 86;
24353 : 68;
24354 : 77;
24355 : 77;
24356 : 86;
24357 : 94;
24358 : 94;
24359 : 94;
24360 : 86;
24361 : 100;
24362 : 94;
24363 : 100;
24364 : 100;
24365 : 100;
24366 : 100;
24367 : 100;
24368 : 94;
24369 : 100;
24370 : 94;
24371 : 100;
24372 : 100;
24373 : 94;
24374 : 100;
24375 : 100;
24376 : 100;
24377 : 86;
24378 : 86;
24379 : 77;
24380 : 113;
24381 : 222;
24382 : 192;
24383 : 206;
24384 : 179;
24385 : 206;
24386 : 162;
24387 : 162;
24388 : 141;
24389 : 120;
24390 : 130;
24391 : 155;
24392 : 162;
24393 : 162;
24394 : 120;
24395 : 113;
24396 : 106;
24397 : 113;
24398 : 106;
24399 : 135;
24400 : 135;
24401 : 135;
24402 : 130;
24403 : 141;
24404 : 125;
24405 : 113;
24406 : 125;
24407 : 130;
24408 : 125;
24409 : 120;
24410 : 135;
24411 : 135;
24412 : 125;
24413 : 120;
24414 : 120;
24415 : 148;
24416 : 141;
24417 : 135;
24418 : 141;
24419 : 130;
24420 : 130;
24421 : 68;
24422 : 135;
24423 : 135;
24424 : 135;
24425 : 100;
24426 : 94;
24427 : 77;
24428 : 49;
24429 : 68;
24430 : 100;
24431 : 106;
24432 : 68;
24433 : 49;
24434 : 49;
24435 : 49;
24436 : 49;
24437 : 42;
24438 : 68;
24439 : 135;
24440 : 86;
24441 : 130;
24442 : 100;
24443 : 42;
24444 : 42;
24445 : 49;
24446 : 94;
24447 : 130;
24448 : 57;
24449 : 86;
24450 : 100;
24451 : 57;
24452 : 57;
24453 : 42;
24454 : 135;
24455 : 34;
24456 : 34;
24457 : 34;
24458 : 86;
24459 : 192;
24460 : 155;
24461 : 120;
24462 : 113;
24463 : 179;
24464 : 192;
24465 : 192;
24466 : 192;
24467 : 179;
24468 : 179;
24469 : 179;
24470 : 192;
24471 : 179;
24472 : 192;
24473 : 192;
24474 : 192;
24475 : 192;
24476 : 192;
24477 : 179;
24478 : 192;
24479 : 179;
24480 : 192;
24481 : 192;
24482 : 192;
24483 : 200;
24484 : 192;
24485 : 192;
24486 : 192;
24487 : 192;
24488 : 192;
24489 : 200;
24490 : 192;
24491 : 200;
24492 : 200;
24493 : 200;
24494 : 170;
24495 : 94;
24496 : 100;
24497 : 113;
24498 : 141;
24499 : 125;
24500 : 106;
24501 : 94;
24502 : 100;
24503 : 100;
24504 : 113;
24505 : 148;
24506 : 148;
24507 : 170;
24508 : 162;
24509 : 170;
24510 : 170;
24511 : 179;
24512 : 179;
24513 : 200;
24514 : 222;
24515 : 57;
24516 : 49;
24517 : 34;
24518 : 49;
24519 : 49;
24520 : 57;
24521 : 49;
24522 : 57;
24523 : 49;
24524 : 57;
24525 : 49;
24526 : 42;
24527 : 49;
24528 : 42;
24529 : 49;
24530 : 57;
24531 : 68;
24532 : 49;
24533 : 57;
24534 : 57;
24535 : 86;
24536 : 135;
24537 : 148;
24538 : 148;
24539 : 148;
24540 : 141;
24541 : 148;
24542 : 162;
24543 : 162;
24544 : 170;
24545 : 162;
24546 : 162;
24547 : 162;
24548 : 162;
24549 : 162;
24550 : 162;
24551 : 162;
24552 : 162;
24553 : 162;
24554 : 155;
24555 : 162;
24556 : 155;
24557 : 162;
24558 : 155;
24559 : 162;
24560 : 155;
24561 : 155;
24562 : 155;
24563 : 155;
24564 : 155;
24565 : 155;
24566 : 155;
24567 : 155;
24568 : 155;
24569 : 155;
24570 : 155;
24571 : 155;
24572 : 155;
24573 : 155;
24574 : 155;
24575 : 155;
24576 : 113;
24577 : 100;
24578 : 106;
24579 : 106;
24580 : 106;
24581 : 106;
24582 : 106;
24583 : 94;
24584 : 100;
24585 : 94;
24586 : 106;
24587 : 106;
24588 : 113;
24589 : 125;
24590 : 135;
24591 : 148;
24592 : 155;
24593 : 162;
24594 : 170;
24595 : 170;
24596 : 170;
24597 : 170;
24598 : 170;
24599 : 170;
24600 : 170;
24601 : 170;
24602 : 170;
24603 : 162;
24604 : 155;
24605 : 141;
24606 : 125;
24607 : 106;
24608 : 86;
24609 : 68;
24610 : 77;
24611 : 77;
24612 : 86;
24613 : 86;
24614 : 94;
24615 : 94;
24616 : 94;
24617 : 100;
24618 : 100;
24619 : 94;
24620 : 100;
24621 : 100;
24622 : 106;
24623 : 94;
24624 : 100;
24625 : 94;
24626 : 100;
24627 : 100;
24628 : 100;
24629 : 100;
24630 : 100;
24631 : 100;
24632 : 100;
24633 : 94;
24634 : 86;
24635 : 77;
24636 : 86;
24637 : 222;
24638 : 212;
24639 : 192;
24640 : 200;
24641 : 179;
24642 : 200;
24643 : 155;
24644 : 170;
24645 : 130;
24646 : 130;
24647 : 155;
24648 : 120;
24649 : 141;
24650 : 113;
24651 : 106;
24652 : 106;
24653 : 120;
24654 : 135;
24655 : 141;
24656 : 135;
24657 : 135;
24658 : 141;
24659 : 130;
24660 : 113;
24661 : 125;
24662 : 120;
24663 : 135;
24664 : 130;
24665 : 125;
24666 : 130;
24667 : 135;
24668 : 120;
24669 : 120;
24670 : 141;
24671 : 135;
24672 : 130;
24673 : 141;
24674 : 135;
24675 : 141;
24676 : 135;
24677 : 77;
24678 : 141;
24679 : 125;
24680 : 100;
24681 : 77;
24682 : 49;
24683 : 49;
24684 : 68;
24685 : 113;
24686 : 77;
24687 : 49;
24688 : 49;
24689 : 49;
24690 : 57;
24691 : 49;
24692 : 57;
24693 : 42;
24694 : 125;
24695 : 125;
24696 : 120;
24697 : 94;
24698 : 34;
24699 : 57;
24700 : 34;
24701 : 49;
24702 : 141;
24703 : 57;
24704 : 94;
24705 : 100;
24706 : 86;
24707 : 42;
24708 : 34;
24709 : 34;
24710 : 120;
24711 : 113;
24712 : 34;
24713 : 120;
24714 : 179;
24715 : 148;
24716 : 125;
24717 : 135;
24718 : 179;
24719 : 200;
24720 : 192;
24721 : 192;
24722 : 179;
24723 : 179;
24724 : 179;
24725 : 179;
24726 : 192;
24727 : 192;
24728 : 179;
24729 : 192;
24730 : 179;
24731 : 192;
24732 : 192;
24733 : 179;
24734 : 179;
24735 : 192;
24736 : 179;
24737 : 192;
24738 : 192;
24739 : 192;
24740 : 192;
24741 : 192;
24742 : 192;
24743 : 200;
24744 : 192;
24745 : 200;
24746 : 200;
24747 : 192;
24748 : 212;
24749 : 86;
24750 : 68;
24751 : 106;
24752 : 106;
24753 : 113;
24754 : 141;
24755 : 141;
24756 : 141;
24757 : 125;
24758 : 148;
24759 : 155;
24760 : 162;
24761 : 170;
24762 : 170;
24763 : 162;
24764 : 179;
24765 : 162;
24766 : 170;
24767 : 179;
24768 : 192;
24769 : 212;
24770 : 68;
24771 : 42;
24772 : 42;
24773 : 42;
24774 : 49;
24775 : 49;
24776 : 49;
24777 : 57;
24778 : 57;
24779 : 49;
24780 : 57;
24781 : 49;
24782 : 57;
24783 : 49;
24784 : 42;
24785 : 42;
24786 : 68;
24787 : 49;
24788 : 49;
24789 : 57;
24790 : 49;
24791 : 106;
24792 : 135;
24793 : 148;
24794 : 148;
24795 : 148;
24796 : 141;
24797 : 155;
24798 : 162;
24799 : 162;
24800 : 162;
24801 : 162;
24802 : 162;
24803 : 162;
24804 : 162;
24805 : 162;
24806 : 162;
24807 : 170;
24808 : 162;
24809 : 162;
24810 : 162;
24811 : 162;
24812 : 155;
24813 : 155;
24814 : 155;
24815 : 155;
24816 : 162;
24817 : 155;
24818 : 155;
24819 : 155;
24820 : 162;
24821 : 148;
24822 : 155;
24823 : 155;
24824 : 155;
24825 : 155;
24826 : 155;
24827 : 155;
24828 : 155;
24829 : 148;
24830 : 148;
24831 : 148;
24832 : 106;
24833 : 100;
24834 : 113;
24835 : 100;
24836 : 100;
24837 : 106;
24838 : 100;
24839 : 94;
24840 : 100;
24841 : 100;
24842 : 100;
24843 : 106;
24844 : 113;
24845 : 120;
24846 : 130;
24847 : 148;
24848 : 155;
24849 : 162;
24850 : 170;
24851 : 170;
24852 : 170;
24853 : 170;
24854 : 179;
24855 : 170;
24856 : 170;
24857 : 170;
24858 : 170;
24859 : 162;
24860 : 155;
24861 : 141;
24862 : 130;
24863 : 106;
24864 : 86;
24865 : 68;
24866 : 77;
24867 : 86;
24868 : 86;
24869 : 94;
24870 : 94;
24871 : 100;
24872 : 94;
24873 : 94;
24874 : 94;
24875 : 100;
24876 : 94;
24877 : 100;
24878 : 100;
24879 : 100;
24880 : 100;
24881 : 100;
24882 : 100;
24883 : 100;
24884 : 94;
24885 : 94;
24886 : 100;
24887 : 100;
24888 : 100;
24889 : 100;
24890 : 86;
24891 : 77;
24892 : 86;
24893 : 222;
24894 : 200;
24895 : 206;
24896 : 179;
24897 : 206;
24898 : 192;
24899 : 192;
24900 : 162;
24901 : 162;
24902 : 130;
24903 : 148;
24904 : 155;
24905 : 125;
24906 : 106;
24907 : 113;
24908 : 113;
24909 : 125;
24910 : 135;
24911 : 135;
24912 : 141;
24913 : 130;
24914 : 113;
24915 : 94;
24916 : 113;
24917 : 120;
24918 : 125;
24919 : 130;
24920 : 130;
24921 : 130;
24922 : 120;
24923 : 120;
24924 : 120;
24925 : 106;
24926 : 135;
24927 : 135;
24928 : 135;
24929 : 135;
24930 : 141;
24931 : 148;
24932 : 135;
24933 : 94;
24934 : 148;
24935 : 77;
24936 : 57;
24937 : 57;
24938 : 57;
24939 : 106;
24940 : 77;
24941 : 57;
24942 : 49;
24943 : 49;
24944 : 42;
24945 : 57;
24946 : 42;
24947 : 49;
24948 : 49;
24949 : 49;
24950 : 125;
24951 : 77;
24952 : 100;
24953 : 42;
24954 : 49;
24955 : 57;
24956 : 57;
24957 : 155;
24958 : 86;
24959 : 57;
24960 : 94;
24961 : 68;
24962 : 34;
24963 : 42;
24964 : 42;
24965 : 34;
24966 : 77;
24967 : 68;
24968 : 130;
24969 : 179;
24970 : 130;
24971 : 125;
24972 : 120;
24973 : 192;
24974 : 200;
24975 : 200;
24976 : 192;
24977 : 179;
24978 : 192;
24979 : 179;
24980 : 179;
24981 : 179;
24982 : 192;
24983 : 179;
24984 : 192;
24985 : 179;
24986 : 179;
24987 : 179;
24988 : 179;
24989 : 179;
24990 : 192;
24991 : 192;
24992 : 192;
24993 : 192;
24994 : 192;
24995 : 192;
24996 : 192;
24997 : 192;
24998 : 192;
24999 : 200;
25000 : 200;
25001 : 200;
25002 : 212;
25003 : 77;
25004 : 42;
25005 : 86;
25006 : 100;
25007 : 86;
25008 : 113;
25009 : 94;
25010 : 135;
25011 : 148;
25012 : 162;
25013 : 162;
25014 : 162;
25015 : 162;
25016 : 170;
25017 : 162;
25018 : 162;
25019 : 162;
25020 : 170;
25021 : 170;
25022 : 179;
25023 : 200;
25024 : 212;
25025 : 113;
25026 : 34;
25027 : 42;
25028 : 42;
25029 : 49;
25030 : 42;
25031 : 57;
25032 : 57;
25033 : 57;
25034 : 49;
25035 : 42;
25036 : 57;
25037 : 42;
25038 : 57;
25039 : 49;
25040 : 49;
25041 : 49;
25042 : 57;
25043 : 49;
25044 : 42;
25045 : 49;
25046 : 68;
25047 : 120;
25048 : 148;
25049 : 148;
25050 : 148;
25051 : 141;
25052 : 148;
25053 : 162;
25054 : 162;
25055 : 170;
25056 : 162;
25057 : 162;
25058 : 162;
25059 : 170;
25060 : 162;
25061 : 162;
25062 : 162;
25063 : 162;
25064 : 162;
25065 : 162;
25066 : 162;
25067 : 155;
25068 : 155;
25069 : 155;
25070 : 162;
25071 : 155;
25072 : 155;
25073 : 155;
25074 : 155;
25075 : 148;
25076 : 155;
25077 : 155;
25078 : 155;
25079 : 155;
25080 : 148;
25081 : 155;
25082 : 155;
25083 : 155;
25084 : 155;
25085 : 148;
25086 : 155;
25087 : 148;
25088 : 106;
25089 : 113;
25090 : 106;
25091 : 106;
25092 : 100;
25093 : 100;
25094 : 106;
25095 : 100;
25096 : 94;
25097 : 100;
25098 : 100;
25099 : 106;
25100 : 113;
25101 : 125;
25102 : 135;
25103 : 148;
25104 : 155;
25105 : 162;
25106 : 170;
25107 : 179;
25108 : 170;
25109 : 170;
25110 : 170;
25111 : 170;
25112 : 179;
25113 : 170;
25114 : 170;
25115 : 162;
25116 : 155;
25117 : 141;
25118 : 125;
25119 : 113;
25120 : 86;
25121 : 68;
25122 : 77;
25123 : 86;
25124 : 86;
25125 : 86;
25126 : 86;
25127 : 94;
25128 : 94;
25129 : 94;
25130 : 94;
25131 : 100;
25132 : 100;
25133 : 100;
25134 : 106;
25135 : 100;
25136 : 100;
25137 : 100;
25138 : 100;
25139 : 106;
25140 : 94;
25141 : 94;
25142 : 100;
25143 : 94;
25144 : 100;
25145 : 100;
25146 : 94;
25147 : 86;
25148 : 86;
25149 : 192;
25150 : 222;
25151 : 192;
25152 : 206;
25153 : 192;
25154 : 206;
25155 : 200;
25156 : 162;
25157 : 162;
25158 : 179;
25159 : 135;
25160 : 170;
25161 : 94;
25162 : 100;
25163 : 120;
25164 : 135;
25165 : 135;
25166 : 135;
25167 : 135;
25168 : 135;
25169 : 130;
25170 : 94;
25171 : 113;
25172 : 125;
25173 : 125;
25174 : 135;
25175 : 120;
25176 : 120;
25177 : 130;
25178 : 125;
25179 : 120;
25180 : 130;
25181 : 141;
25182 : 125;
25183 : 113;
25184 : 86;
25185 : 68;
25186 : 135;
25187 : 141;
25188 : 130;
25189 : 86;
25190 : 86;
25191 : 49;
25192 : 86;
25193 : 57;
25194 : 100;
25195 : 68;
25196 : 57;
25197 : 68;
25198 : 42;
25199 : 42;
25200 : 68;
25201 : 49;
25202 : 34;
25203 : 49;
25204 : 42;
25205 : 125;
25206 : 135;
25207 : 49;
25208 : 77;
25209 : 49;
25210 : 49;
25211 : 68;
25212 : 141;
25213 : 106;
25214 : 94;
25215 : 100;
25216 : 94;
25217 : 34;
25218 : 34;
25219 : 94;
25220 : 34;
25221 : 57;
25222 : 49;
25223 : 148;
25224 : 179;
25225 : 148;
25226 : 120;
25227 : 135;
25228 : 192;
25229 : 192;
25230 : 200;
25231 : 192;
25232 : 179;
25233 : 179;
25234 : 170;
25235 : 179;
25236 : 179;
25237 : 179;
25238 : 179;
25239 : 179;
25240 : 179;
25241 : 179;
25242 : 179;
25243 : 179;
25244 : 179;
25245 : 179;
25246 : 179;
25247 : 192;
25248 : 179;
25249 : 192;
25250 : 192;
25251 : 192;
25252 : 192;
25253 : 192;
25254 : 200;
25255 : 192;
25256 : 200;
25257 : 120;
25258 : 42;
25259 : 106;
25260 : 49;
25261 : 94;
25262 : 125;
25263 : 100;
25264 : 113;
25265 : 106;
25266 : 135;
25267 : 141;
25268 : 162;
25269 : 170;
25270 : 162;
25271 : 162;
25272 : 162;
25273 : 162;
25274 : 170;
25275 : 170;
25276 : 179;
25277 : 192;
25278 : 200;
25279 : 212;
25280 : 113;
25281 : 34;
25282 : 34;
25283 : 34;
25284 : 42;
25285 : 49;
25286 : 57;
25287 : 49;
25288 : 49;
25289 : 57;
25290 : 57;
25291 : 57;
25292 : 57;
25293 : 42;
25294 : 42;
25295 : 42;
25296 : 49;
25297 : 57;
25298 : 57;
25299 : 57;
25300 : 42;
25301 : 49;
25302 : 86;
25303 : 130;
25304 : 155;
25305 : 148;
25306 : 141;
25307 : 141;
25308 : 148;
25309 : 155;
25310 : 162;
25311 : 170;
25312 : 162;
25313 : 162;
25314 : 162;
25315 : 170;
25316 : 162;
25317 : 162;
25318 : 162;
25319 : 162;
25320 : 162;
25321 : 162;
25322 : 162;
25323 : 155;
25324 : 155;
25325 : 162;
25326 : 155;
25327 : 162;
25328 : 162;
25329 : 155;
25330 : 155;
25331 : 155;
25332 : 155;
25333 : 155;
25334 : 155;
25335 : 155;
25336 : 155;
25337 : 155;
25338 : 155;
25339 : 148;
25340 : 148;
25341 : 155;
25342 : 155;
25343 : 148;
25344 : 106;
25345 : 106;
25346 : 100;
25347 : 106;
25348 : 100;
25349 : 100;
25350 : 100;
25351 : 106;
25352 : 106;
25353 : 106;
25354 : 100;
25355 : 100;
25356 : 106;
25357 : 120;
25358 : 135;
25359 : 148;
25360 : 148;
25361 : 162;
25362 : 162;
25363 : 170;
25364 : 170;
25365 : 170;
25366 : 179;
25367 : 170;
25368 : 170;
25369 : 170;
25370 : 170;
25371 : 162;
25372 : 155;
25373 : 141;
25374 : 135;
25375 : 106;
25376 : 86;
25377 : 68;
25378 : 77;
25379 : 77;
25380 : 86;
25381 : 94;
25382 : 94;
25383 : 94;
25384 : 100;
25385 : 100;
25386 : 94;
25387 : 100;
25388 : 94;
25389 : 94;
25390 : 100;
25391 : 94;
25392 : 94;
25393 : 94;
25394 : 100;
25395 : 100;
25396 : 100;
25397 : 100;
25398 : 106;
25399 : 106;
25400 : 106;
25401 : 100;
25402 : 100;
25403 : 86;
25404 : 77;
25405 : 86;
25406 : 222;
25407 : 212;
25408 : 200;
25409 : 200;
25410 : 200;
25411 : 170;
25412 : 162;
25413 : 179;
25414 : 155;
25415 : 162;
25416 : 130;
25417 : 100;
25418 : 100;
25419 : 135;
25420 : 120;
25421 : 125;
25422 : 141;
25423 : 135;
25424 : 130;
25425 : 106;
25426 : 120;
25427 : 130;
25428 : 125;
25429 : 125;
25430 : 130;
25431 : 120;
25432 : 120;
25433 : 130;
25434 : 120;
25435 : 120;
25436 : 141;
25437 : 135;
25438 : 141;
25439 : 130;
25440 : 130;
25441 : 106;
25442 : 86;
25443 : 68;
25444 : 113;
25445 : 77;
25446 : 57;
25447 : 68;
25448 : 68;
25449 : 86;
25450 : 68;
25451 : 57;
25452 : 57;
25453 : 57;
25454 : 57;
25455 : 86;
25456 : 49;
25457 : 42;
25458 : 34;
25459 : 49;
25460 : 100;
25461 : 68;
25462 : 68;
25463 : 49;
25464 : 57;
25465 : 57;
25466 : 57;
25467 : 120;
25468 : 68;
25469 : 94;
25470 : 125;
25471 : 113;
25472 : 42;
25473 : 34;
25474 : 141;
25475 : 34;
25476 : 34;
25477 : 130;
25478 : 135;
25479 : 179;
25480 : 120;
25481 : 113;
25482 : 141;
25483 : 192;
25484 : 200;
25485 : 192;
25486 : 200;
25487 : 192;
25488 : 179;
25489 : 179;
25490 : 179;
25491 : 179;
25492 : 192;
25493 : 179;
25494 : 179;
25495 : 192;
25496 : 179;
25497 : 179;
25498 : 179;
25499 : 179;
25500 : 179;
25501 : 179;
25502 : 192;
25503 : 192;
25504 : 179;
25505 : 192;
25506 : 192;
25507 : 192;
25508 : 192;
25509 : 192;
25510 : 192;
25511 : 206;
25512 : 34;
25513 : 34;
25514 : 77;
25515 : 113;
25516 : 94;
25517 : 57;
25518 : 148;
25519 : 120;
25520 : 106;
25521 : 125;
25522 : 106;
25523 : 141;
25524 : 155;
25525 : 162;
25526 : 170;
25527 : 170;
25528 : 170;
25529 : 170;
25530 : 179;
25531 : 179;
25532 : 192;
25533 : 192;
25534 : 222;
25535 : 135;
25536 : 34;
25537 : 42;
25538 : 42;
25539 : 49;
25540 : 49;
25541 : 49;
25542 : 57;
25543 : 49;
25544 : 57;
25545 : 49;
25546 : 49;
25547 : 57;
25548 : 49;
25549 : 49;
25550 : 42;
25551 : 57;
25552 : 49;
25553 : 57;
25554 : 49;
25555 : 57;
25556 : 57;
25557 : 57;
25558 : 106;
25559 : 135;
25560 : 148;
25561 : 148;
25562 : 141;
25563 : 148;
25564 : 162;
25565 : 170;
25566 : 162;
25567 : 162;
25568 : 170;
25569 : 170;
25570 : 162;
25571 : 170;
25572 : 170;
25573 : 162;
25574 : 162;
25575 : 162;
25576 : 162;
25577 : 162;
25578 : 155;
25579 : 162;
25580 : 162;
25581 : 162;
25582 : 155;
25583 : 162;
25584 : 155;
25585 : 155;
25586 : 155;
25587 : 155;
25588 : 155;
25589 : 155;
25590 : 155;
25591 : 162;
25592 : 155;
25593 : 155;
25594 : 155;
25595 : 148;
25596 : 162;
25597 : 148;
25598 : 155;
25599 : 148;
25600 : 106;
25601 : 106;
25602 : 106;
25603 : 106;
25604 : 100;
25605 : 100;
25606 : 100;
25607 : 94;
25608 : 100;
25609 : 100;
25610 : 106;
25611 : 106;
25612 : 106;
25613 : 125;
25614 : 130;
25615 : 148;
25616 : 155;
25617 : 162;
25618 : 170;
25619 : 170;
25620 : 170;
25621 : 170;
25622 : 179;
25623 : 170;
25624 : 179;
25625 : 170;
25626 : 170;
25627 : 162;
25628 : 155;
25629 : 148;
25630 : 130;
25631 : 106;
25632 : 86;
25633 : 68;
25634 : 68;
25635 : 77;
25636 : 77;
25637 : 94;
25638 : 86;
25639 : 86;
25640 : 94;
25641 : 94;
25642 : 94;
25643 : 94;
25644 : 100;
25645 : 100;
25646 : 100;
25647 : 100;
25648 : 94;
25649 : 94;
25650 : 100;
25651 : 100;
25652 : 94;
25653 : 100;
25654 : 100;
25655 : 100;
25656 : 100;
25657 : 106;
25658 : 100;
25659 : 100;
25660 : 86;
25661 : 86;
25662 : 179;
25663 : 222;
25664 : 212;
25665 : 206;
25666 : 200;
25667 : 170;
25668 : 155;
25669 : 179;
25670 : 179;
25671 : 170;
25672 : 100;
25673 : 86;
25674 : 130;
25675 : 130;
25676 : 135;
25677 : 120;
25678 : 130;
25679 : 125;
25680 : 106;
25681 : 106;
25682 : 130;
25683 : 130;
25684 : 120;
25685 : 130;
25686 : 120;
25687 : 120;
25688 : 120;
25689 : 125;
25690 : 120;
25691 : 135;
25692 : 135;
25693 : 141;
25694 : 135;
25695 : 141;
25696 : 86;
25697 : 42;
25698 : 100;
25699 : 68;
25700 : 68;
25701 : 86;
25702 : 86;
25703 : 68;
25704 : 100;
25705 : 77;
25706 : 57;
25707 : 68;
25708 : 42;
25709 : 49;
25710 : 100;
25711 : 113;
25712 : 42;
25713 : 34;
25714 : 34;
25715 : 77;
25716 : 113;
25717 : 100;
25718 : 34;
25719 : 42;
25720 : 42;
25721 : 42;
25722 : 57;
25723 : 77;
25724 : 68;
25725 : 86;
25726 : 94;
25727 : 57;
25728 : 34;
25729 : 148;
25730 : 141;
25731 : 34;
25732 : 34;
25733 : 179;
25734 : 170;
25735 : 125;
25736 : 113;
25737 : 141;
25738 : 192;
25739 : 200;
25740 : 192;
25741 : 192;
25742 : 192;
25743 : 192;
25744 : 179;
25745 : 179;
25746 : 179;
25747 : 179;
25748 : 179;
25749 : 179;
25750 : 179;
25751 : 179;
25752 : 170;
25753 : 170;
25754 : 179;
25755 : 179;
25756 : 179;
25757 : 170;
25758 : 192;
25759 : 192;
25760 : 192;
25761 : 192;
25762 : 192;
25763 : 192;
25764 : 192;
25765 : 179;
25766 : 162;
25767 : 77;
25768 : 68;
25769 : 49;
25770 : 57;
25771 : 113;
25772 : 113;
25773 : 77;
25774 : 94;
25775 : 148;
25776 : 106;
25777 : 135;
25778 : 113;
25779 : 120;
25780 : 155;
25781 : 155;
25782 : 170;
25783 : 170;
25784 : 170;
25785 : 170;
25786 : 179;
25787 : 179;
25788 : 200;
25789 : 212;
25790 : 34;
25791 : 42;
25792 : 49;
25793 : 34;
25794 : 42;
25795 : 42;
25796 : 49;
25797 : 57;
25798 : 49;
25799 : 57;
25800 : 57;
25801 : 57;
25802 : 57;
25803 : 57;
25804 : 49;
25805 : 57;
25806 : 42;
25807 : 49;
25808 : 49;
25809 : 49;
25810 : 42;
25811 : 49;
25812 : 57;
25813 : 86;
25814 : 120;
25815 : 141;
25816 : 141;
25817 : 148;
25818 : 135;
25819 : 148;
25820 : 162;
25821 : 170;
25822 : 170;
25823 : 162;
25824 : 162;
25825 : 170;
25826 : 162;
25827 : 162;
25828 : 162;
25829 : 162;
25830 : 162;
25831 : 162;
25832 : 162;
25833 : 162;
25834 : 162;
25835 : 162;
25836 : 162;
25837 : 155;
25838 : 162;
25839 : 155;
25840 : 155;
25841 : 162;
25842 : 155;
25843 : 162;
25844 : 162;
25845 : 155;
25846 : 155;
25847 : 155;
25848 : 155;
25849 : 155;
25850 : 155;
25851 : 148;
25852 : 155;
25853 : 148;
25854 : 155;
25855 : 148;
25856 : 113;
25857 : 113;
25858 : 113;
25859 : 100;
25860 : 106;
25861 : 106;
25862 : 106;
25863 : 100;
25864 : 94;
25865 : 100;
25866 : 100;
25867 : 100;
25868 : 113;
25869 : 120;
25870 : 125;
25871 : 141;
25872 : 155;
25873 : 170;
25874 : 170;
25875 : 170;
25876 : 170;
25877 : 170;
25878 : 170;
25879 : 179;
25880 : 170;
25881 : 170;
25882 : 170;
25883 : 162;
25884 : 155;
25885 : 141;
25886 : 130;
25887 : 100;
25888 : 77;
25889 : 77;
25890 : 77;
25891 : 77;
25892 : 86;
25893 : 94;
25894 : 94;
25895 : 100;
25896 : 94;
25897 : 106;
25898 : 94;
25899 : 100;
25900 : 100;
25901 : 94;
25902 : 94;
25903 : 94;
25904 : 100;
25905 : 100;
25906 : 94;
25907 : 100;
25908 : 100;
25909 : 100;
25910 : 106;
25911 : 106;
25912 : 100;
25913 : 106;
25914 : 100;
25915 : 100;
25916 : 94;
25917 : 86;
25918 : 77;
25919 : 222;
25920 : 212;
25921 : 200;
25922 : 206;
25923 : 179;
25924 : 162;
25925 : 179;
25926 : 192;
25927 : 162;
25928 : 100;
25929 : 106;
25930 : 141;
25931 : 130;
25932 : 130;
25933 : 130;
25934 : 125;
25935 : 120;
25936 : 106;
25937 : 120;
25938 : 125;
25939 : 130;
25940 : 125;
25941 : 120;
25942 : 120;
25943 : 120;
25944 : 125;
25945 : 113;
25946 : 135;
25947 : 135;
25948 : 120;
25949 : 106;
25950 : 86;
25951 : 100;
25952 : 86;
25953 : 77;
25954 : 57;
25955 : 68;
25956 : 77;
25957 : 68;
25958 : 57;
25959 : 86;
25960 : 68;
25961 : 57;
25962 : 57;
25963 : 49;
25964 : 42;
25965 : 49;
25966 : 130;
25967 : 42;
25968 : 34;
25969 : 42;
25970 : 42;
25971 : 86;
25972 : 100;
25973 : 100;
25974 : 42;
25975 : 49;
25976 : 57;
25977 : 77;
25978 : 57;
25979 : 49;
25980 : 49;
25981 : 86;
25982 : 100;
25983 : 42;
25984 : 42;
25985 : 155;
25986 : 34;
25987 : 34;
25988 : 100;
25989 : 148;
25990 : 94;
25991 : 120;
25992 : 148;
25993 : 200;
25994 : 192;
25995 : 200;
25996 : 192;
25997 : 192;
25998 : 192;
25999 : 192;
26000 : 192;
26001 : 179;
26002 : 179;
26003 : 179;
26004 : 179;
26005 : 179;
26006 : 192;
26007 : 170;
26008 : 179;
26009 : 170;
26010 : 179;
26011 : 179;
26012 : 179;
26013 : 179;
26014 : 179;
26015 : 192;
26016 : 192;
26017 : 192;
26018 : 192;
26019 : 179;
26020 : 192;
26021 : 179;
26022 : 170;
26023 : 120;
26024 : 77;
26025 : 94;
26026 : 94;
26027 : 57;
26028 : 106;
26029 : 100;
26030 : 100;
26031 : 141;
26032 : 135;
26033 : 113;
26034 : 120;
26035 : 100;
26036 : 148;
26037 : 148;
26038 : 162;
26039 : 170;
26040 : 179;
26041 : 179;
26042 : 192;
26043 : 206;
26044 : 162;
26045 : 34;
26046 : 42;
26047 : 42;
26048 : 57;
26049 : 42;
26050 : 42;
26051 : 49;
26052 : 49;
26053 : 42;
26054 : 49;
26055 : 57;
26056 : 57;
26057 : 57;
26058 : 49;
26059 : 49;
26060 : 42;
26061 : 42;
26062 : 42;
26063 : 42;
26064 : 49;
26065 : 57;
26066 : 49;
26067 : 49;
26068 : 68;
26069 : 86;
26070 : 130;
26071 : 135;
26072 : 135;
26073 : 135;
26074 : 135;
26075 : 155;
26076 : 162;
26077 : 162;
26078 : 170;
26079 : 170;
26080 : 170;
26081 : 162;
26082 : 170;
26083 : 162;
26084 : 162;
26085 : 162;
26086 : 162;
26087 : 162;
26088 : 162;
26089 : 162;
26090 : 162;
26091 : 162;
26092 : 162;
26093 : 162;
26094 : 155;
26095 : 155;
26096 : 155;
26097 : 155;
26098 : 162;
26099 : 155;
26100 : 162;
26101 : 155;
26102 : 155;
26103 : 155;
26104 : 155;
26105 : 155;
26106 : 155;
26107 : 148;
26108 : 155;
26109 : 148;
26110 : 148;
26111 : 148;
26112 : 106;
26113 : 106;
26114 : 106;
26115 : 113;
26116 : 106;
26117 : 100;
26118 : 100;
26119 : 100;
26120 : 94;
26121 : 100;
26122 : 94;
26123 : 100;
26124 : 106;
26125 : 120;
26126 : 130;
26127 : 141;
26128 : 155;
26129 : 162;
26130 : 170;
26131 : 170;
26132 : 170;
26133 : 170;
26134 : 170;
26135 : 170;
26136 : 179;
26137 : 170;
26138 : 170;
26139 : 162;
26140 : 155;
26141 : 148;
26142 : 125;
26143 : 100;
26144 : 77;
26145 : 77;
26146 : 68;
26147 : 86;
26148 : 86;
26149 : 86;
26150 : 86;
26151 : 94;
26152 : 94;
26153 : 94;
26154 : 100;
26155 : 100;
26156 : 100;
26157 : 94;
26158 : 94;
26159 : 100;
26160 : 94;
26161 : 100;
26162 : 94;
26163 : 100;
26164 : 94;
26165 : 100;
26166 : 106;
26167 : 106;
26168 : 106;
26169 : 100;
26170 : 113;
26171 : 100;
26172 : 100;
26173 : 94;
26174 : 86;
26175 : 120;
26176 : 200;
26177 : 222;
26178 : 200;
26179 : 192;
26180 : 179;
26181 : 170;
26182 : 192;
26183 : 170;
26184 : 106;
26185 : 162;
26186 : 125;
26187 : 130;
26188 : 130;
26189 : 130;
26190 : 113;
26191 : 113;
26192 : 120;
26193 : 125;
26194 : 130;
26195 : 135;
26196 : 130;
26197 : 125;
26198 : 120;
26199 : 125;
26200 : 113;
26201 : 141;
26202 : 135;
26203 : 120;
26204 : 120;
26205 : 120;
26206 : 120;
26207 : 113;
26208 : 100;
26209 : 106;
26210 : 86;
26211 : 86;
26212 : 57;
26213 : 68;
26214 : 86;
26215 : 77;
26216 : 49;
26217 : 42;
26218 : 34;
26219 : 34;
26220 : 68;
26221 : 86;
26222 : 130;
26223 : 34;
26224 : 42;
26225 : 42;
26226 : 49;
26227 : 86;
26228 : 100;
26229 : 100;
26230 : 42;
26231 : 57;
26232 : 57;
26233 : 49;
26234 : 57;
26235 : 49;
26236 : 49;
26237 : 120;
26238 : 57;
26239 : 34;
26240 : 57;
26241 : 141;
26242 : 49;
26243 : 135;
26244 : 148;
26245 : 100;
26246 : 100;
26247 : 170;
26248 : 192;
26249 : 200;
26250 : 200;
26251 : 192;
26252 : 192;
26253 : 192;
26254 : 179;
26255 : 179;
26256 : 179;
26257 : 179;
26258 : 179;
26259 : 179;
26260 : 179;
26261 : 179;
26262 : 179;
26263 : 170;
26264 : 162;
26265 : 170;
26266 : 179;
26267 : 179;
26268 : 179;
26269 : 179;
26270 : 192;
26271 : 192;
26272 : 179;
26273 : 179;
26274 : 179;
26275 : 179;
26276 : 192;
26277 : 192;
26278 : 179;
26279 : 148;
26280 : 94;
26281 : 77;
26282 : 68;
26283 : 113;
26284 : 77;
26285 : 100;
26286 : 86;
26287 : 86;
26288 : 141;
26289 : 120;
26290 : 125;
26291 : 100;
26292 : 135;
26293 : 148;
26294 : 162;
26295 : 179;
26296 : 192;
26297 : 200;
26298 : 200;
26299 : 135;
26300 : 34;
26301 : 42;
26302 : 42;
26303 : 42;
26304 : 42;
26305 : 42;
26306 : 49;
26307 : 49;
26308 : 57;
26309 : 57;
26310 : 49;
26311 : 57;
26312 : 57;
26313 : 57;
26314 : 49;
26315 : 42;
26316 : 42;
26317 : 49;
26318 : 49;
26319 : 42;
26320 : 57;
26321 : 57;
26322 : 49;
26323 : 68;
26324 : 68;
26325 : 120;
26326 : 135;
26327 : 130;
26328 : 130;
26329 : 130;
26330 : 148;
26331 : 162;
26332 : 170;
26333 : 170;
26334 : 162;
26335 : 162;
26336 : 170;
26337 : 162;
26338 : 162;
26339 : 162;
26340 : 162;
26341 : 162;
26342 : 162;
26343 : 162;
26344 : 162;
26345 : 162;
26346 : 162;
26347 : 162;
26348 : 162;
26349 : 162;
26350 : 162;
26351 : 155;
26352 : 162;
26353 : 162;
26354 : 155;
26355 : 155;
26356 : 155;
26357 : 162;
26358 : 155;
26359 : 155;
26360 : 155;
26361 : 155;
26362 : 155;
26363 : 155;
26364 : 155;
26365 : 155;
26366 : 148;
26367 : 148;
26368 : 113;
26369 : 106;
26370 : 106;
26371 : 106;
26372 : 100;
26373 : 100;
26374 : 106;
26375 : 100;
26376 : 100;
26377 : 100;
26378 : 94;
26379 : 100;
26380 : 100;
26381 : 113;
26382 : 130;
26383 : 141;
26384 : 155;
26385 : 162;
26386 : 170;
26387 : 170;
26388 : 170;
26389 : 170;
26390 : 179;
26391 : 170;
26392 : 179;
26393 : 170;
26394 : 170;
26395 : 170;
26396 : 155;
26397 : 141;
26398 : 130;
26399 : 106;
26400 : 77;
26401 : 77;
26402 : 77;
26403 : 77;
26404 : 77;
26405 : 86;
26406 : 94;
26407 : 94;
26408 : 94;
26409 : 100;
26410 : 94;
26411 : 100;
26412 : 94;
26413 : 100;
26414 : 100;
26415 : 100;
26416 : 100;
26417 : 100;
26418 : 94;
26419 : 94;
26420 : 100;
26421 : 106;
26422 : 106;
26423 : 106;
26424 : 106;
26425 : 106;
26426 : 113;
26427 : 106;
26428 : 100;
26429 : 100;
26430 : 86;
26431 : 86;
26432 : 206;
26433 : 206;
26434 : 206;
26435 : 192;
26436 : 200;
26437 : 179;
26438 : 192;
26439 : 113;
26440 : 94;
26441 : 148;
26442 : 113;
26443 : 120;
26444 : 130;
26445 : 125;
26446 : 113;
26447 : 120;
26448 : 120;
26449 : 130;
26450 : 135;
26451 : 120;
26452 : 148;
26453 : 135;
26454 : 135;
26455 : 135;
26456 : 125;
26457 : 120;
26458 : 106;
26459 : 135;
26460 : 135;
26461 : 130;
26462 : 106;
26463 : 57;
26464 : 77;
26465 : 86;
26466 : 68;
26467 : 68;
26468 : 86;
26469 : 100;
26470 : 106;
26471 : 57;
26472 : 49;
26473 : 49;
26474 : 42;
26475 : 34;
26476 : 49;
26477 : 106;
26478 : 135;
26479 : 34;
26480 : 34;
26481 : 57;
26482 : 68;
26483 : 68;
26484 : 57;
26485 : 77;
26486 : 49;
26487 : 68;
26488 : 57;
26489 : 49;
26490 : 49;
26491 : 42;
26492 : 42;
26493 : 113;
26494 : 77;
26495 : 34;
26496 : 148;
26497 : 106;
26498 : 148;
26499 : 141;
26500 : 106;
26501 : 106;
26502 : 148;
26503 : 192;
26504 : 192;
26505 : 192;
26506 : 192;
26507 : 192;
26508 : 192;
26509 : 192;
26510 : 192;
26511 : 179;
26512 : 179;
26513 : 179;
26514 : 179;
26515 : 179;
26516 : 179;
26517 : 179;
26518 : 170;
26519 : 170;
26520 : 170;
26521 : 179;
26522 : 179;
26523 : 192;
26524 : 179;
26525 : 179;
26526 : 192;
26527 : 179;
26528 : 179;
26529 : 192;
26530 : 179;
26531 : 192;
26532 : 192;
26533 : 200;
26534 : 179;
26535 : 162;
26536 : 120;
26537 : 94;
26538 : 86;
26539 : 57;
26540 : 135;
26541 : 113;
26542 : 113;
26543 : 113;
26544 : 130;
26545 : 141;
26546 : 120;
26547 : 120;
26548 : 148;
26549 : 155;
26550 : 170;
26551 : 192;
26552 : 200;
26553 : 192;
26554 : 86;
26555 : 42;
26556 : 42;
26557 : 49;
26558 : 42;
26559 : 49;
26560 : 42;
26561 : 49;
26562 : 49;
26563 : 57;
26564 : 49;
26565 : 49;
26566 : 49;
26567 : 57;
26568 : 57;
26569 : 49;
26570 : 57;
26571 : 42;
26572 : 49;
26573 : 49;
26574 : 42;
26575 : 57;
26576 : 57;
26577 : 49;
26578 : 57;
26579 : 57;
26580 : 86;
26581 : 120;
26582 : 135;
26583 : 130;
26584 : 125;
26585 : 130;
26586 : 148;
26587 : 162;
26588 : 170;
26589 : 170;
26590 : 170;
26591 : 170;
26592 : 162;
26593 : 162;
26594 : 162;
26595 : 162;
26596 : 162;
26597 : 162;
26598 : 162;
26599 : 162;
26600 : 162;
26601 : 162;
26602 : 162;
26603 : 162;
26604 : 162;
26605 : 155;
26606 : 162;
26607 : 162;
26608 : 155;
26609 : 162;
26610 : 155;
26611 : 162;
26612 : 162;
26613 : 155;
26614 : 155;
26615 : 155;
26616 : 155;
26617 : 162;
26618 : 148;
26619 : 155;
26620 : 155;
26621 : 155;
26622 : 155;
26623 : 148;
26624 : 106;
26625 : 106;
26626 : 113;
26627 : 106;
26628 : 106;
26629 : 100;
26630 : 100;
26631 : 100;
26632 : 100;
26633 : 100;
26634 : 100;
26635 : 94;
26636 : 100;
26637 : 113;
26638 : 135;
26639 : 141;
26640 : 148;
26641 : 162;
26642 : 170;
26643 : 170;
26644 : 170;
26645 : 179;
26646 : 170;
26647 : 170;
26648 : 179;
26649 : 179;
26650 : 170;
26651 : 162;
26652 : 148;
26653 : 141;
26654 : 130;
26655 : 100;
26656 : 86;
26657 : 77;
26658 : 68;
26659 : 77;
26660 : 86;
26661 : 86;
26662 : 86;
26663 : 100;
26664 : 94;
26665 : 94;
26666 : 94;
26667 : 100;
26668 : 100;
26669 : 100;
26670 : 94;
26671 : 94;
26672 : 94;
26673 : 94;
26674 : 100;
26675 : 94;
26676 : 100;
26677 : 106;
26678 : 100;
26679 : 106;
26680 : 113;
26681 : 113;
26682 : 106;
26683 : 106;
26684 : 106;
26685 : 100;
26686 : 86;
26687 : 86;
26688 : 106;
26689 : 222;
26690 : 200;
26691 : 200;
26692 : 192;
26693 : 192;
26694 : 200;
26695 : 100;
26696 : 170;
26697 : 135;
26698 : 113;
26699 : 113;
26700 : 120;
26701 : 113;
26702 : 106;
26703 : 135;
26704 : 125;
26705 : 130;
26706 : 130;
26707 : 120;
26708 : 120;
26709 : 113;
26710 : 113;
26711 : 120;
26712 : 130;
26713 : 120;
26714 : 120;
26715 : 113;
26716 : 106;
26717 : 100;
26718 : 94;
26719 : 68;
26720 : 68;
26721 : 77;
26722 : 86;
26723 : 86;
26724 : 86;
26725 : 100;
26726 : 94;
26727 : 68;
26728 : 57;
26729 : 57;
26730 : 42;
26731 : 49;
26732 : 57;
26733 : 113;
26734 : 113;
26735 : 34;
26736 : 49;
26737 : 49;
26738 : 106;
26739 : 49;
26740 : 49;
26741 : 49;
26742 : 57;
26743 : 68;
26744 : 94;
26745 : 100;
26746 : 94;
26747 : 86;
26748 : 77;
26749 : 120;
26750 : 77;
26751 : 77;
26752 : 135;
26753 : 86;
26754 : 100;
26755 : 130;
26756 : 106;
26757 : 162;
26758 : 170;
26759 : 192;
26760 : 179;
26761 : 179;
26762 : 179;
26763 : 192;
26764 : 192;
26765 : 179;
26766 : 179;
26767 : 179;
26768 : 179;
26769 : 179;
26770 : 179;
26771 : 179;
26772 : 179;
26773 : 170;
26774 : 170;
26775 : 179;
26776 : 170;
26777 : 179;
26778 : 179;
26779 : 192;
26780 : 179;
26781 : 179;
26782 : 179;
26783 : 192;
26784 : 192;
26785 : 179;
26786 : 192;
26787 : 200;
26788 : 200;
26789 : 200;
26790 : 179;
26791 : 179;
26792 : 135;
26793 : 100;
26794 : 86;
26795 : 86;
26796 : 57;
26797 : 135;
26798 : 77;
26799 : 68;
26800 : 49;
26801 : 141;
26802 : 130;
26803 : 130;
26804 : 135;
26805 : 148;
26806 : 179;
26807 : 170;
26808 : 130;
26809 : 57;
26810 : 49;
26811 : 42;
26812 : 42;
26813 : 49;
26814 : 49;
26815 : 42;
26816 : 42;
26817 : 49;
26818 : 57;
26819 : 57;
26820 : 57;
26821 : 57;
26822 : 57;
26823 : 57;
26824 : 57;
26825 : 49;
26826 : 57;
26827 : 42;
26828 : 42;
26829 : 49;
26830 : 49;
26831 : 49;
26832 : 49;
26833 : 49;
26834 : 68;
26835 : 68;
26836 : 113;
26837 : 130;
26838 : 130;
26839 : 125;
26840 : 120;
26841 : 135;
26842 : 155;
26843 : 170;
26844 : 170;
26845 : 170;
26846 : 170;
26847 : 170;
26848 : 162;
26849 : 162;
26850 : 162;
26851 : 162;
26852 : 170;
26853 : 162;
26854 : 162;
26855 : 162;
26856 : 162;
26857 : 162;
26858 : 162;
26859 : 162;
26860 : 155;
26861 : 162;
26862 : 155;
26863 : 162;
26864 : 155;
26865 : 162;
26866 : 162;
26867 : 155;
26868 : 162;
26869 : 155;
26870 : 155;
26871 : 155;
26872 : 162;
26873 : 155;
26874 : 155;
26875 : 155;
26876 : 155;
26877 : 155;
26878 : 148;
26879 : 148;
26880 : 106;
26881 : 113;
26882 : 106;
26883 : 106;
26884 : 106;
26885 : 106;
26886 : 106;
26887 : 106;
26888 : 100;
26889 : 100;
26890 : 94;
26891 : 94;
26892 : 94;
26893 : 113;
26894 : 130;
26895 : 148;
26896 : 155;
26897 : 162;
26898 : 170;
26899 : 179;
26900 : 170;
26901 : 170;
26902 : 170;
26903 : 179;
26904 : 170;
26905 : 170;
26906 : 170;
26907 : 162;
26908 : 155;
26909 : 148;
26910 : 125;
26911 : 106;
26912 : 86;
26913 : 68;
26914 : 77;
26915 : 77;
26916 : 86;
26917 : 86;
26918 : 94;
26919 : 86;
26920 : 94;
26921 : 94;
26922 : 94;
26923 : 100;
26924 : 100;
26925 : 94;
26926 : 94;
26927 : 100;
26928 : 100;
26929 : 100;
26930 : 94;
26931 : 100;
26932 : 100;
26933 : 106;
26934 : 100;
26935 : 106;
26936 : 106;
26937 : 113;
26938 : 113;
26939 : 113;
26940 : 106;
26941 : 106;
26942 : 100;
26943 : 86;
26944 : 77;
26945 : 222;
26946 : 222;
26947 : 200;
26948 : 200;
26949 : 192;
26950 : 200;
26951 : 148;
26952 : 141;
26953 : 120;
26954 : 120;
26955 : 113;
26956 : 113;
26957 : 100;
26958 : 113;
26959 : 125;
26960 : 135;
26961 : 130;
26962 : 120;
26963 : 106;
26964 : 113;
26965 : 113;
26966 : 135;
26967 : 135;
26968 : 130;
26969 : 113;
26970 : 135;
26971 : 135;
26972 : 113;
26973 : 86;
26974 : 68;
26975 : 68;
26976 : 57;
26977 : 57;
26978 : 86;
26979 : 68;
26980 : 94;
26981 : 86;
26982 : 68;
26983 : 68;
26984 : 57;
26985 : 49;
26986 : 49;
26987 : 42;
26988 : 68;
26989 : 86;
26990 : 100;
26991 : 49;
26992 : 68;
26993 : 68;
26994 : 34;
26995 : 49;
26996 : 49;
26997 : 49;
26998 : 49;
26999 : 57;
27000 : 42;
27001 : 57;
27002 : 57;
27003 : 42;
27004 : 42;
27005 : 100;
27006 : 77;
27007 : 68;
27008 : 113;
27009 : 68;
27010 : 130;
27011 : 141;
27012 : 120;
27013 : 170;
27014 : 155;
27015 : 179;
27016 : 179;
27017 : 179;
27018 : 179;
27019 : 179;
27020 : 179;
27021 : 179;
27022 : 179;
27023 : 170;
27024 : 170;
27025 : 170;
27026 : 179;
27027 : 170;
27028 : 170;
27029 : 179;
27030 : 179;
27031 : 179;
27032 : 170;
27033 : 179;
27034 : 179;
27035 : 170;
27036 : 179;
27037 : 192;
27038 : 200;
27039 : 192;
27040 : 192;
27041 : 192;
27042 : 192;
27043 : 192;
27044 : 200;
27045 : 200;
27046 : 200;
27047 : 192;
27048 : 162;
27049 : 120;
27050 : 94;
27051 : 86;
27052 : 68;
27053 : 34;
27054 : 130;
27055 : 86;
27056 : 94;
27057 : 86;
27058 : 148;
27059 : 130;
27060 : 130;
27061 : 148;
27062 : 162;
27063 : 120;
27064 : 113;
27065 : 57;
27066 : 42;
27067 : 42;
27068 : 49;
27069 : 42;
27070 : 49;
27071 : 42;
27072 : 49;
27073 : 49;
27074 : 49;
27075 : 57;
27076 : 57;
27077 : 49;
27078 : 57;
27079 : 57;
27080 : 57;
27081 : 57;
27082 : 49;
27083 : 34;
27084 : 49;
27085 : 49;
27086 : 49;
27087 : 49;
27088 : 57;
27089 : 57;
27090 : 57;
27091 : 77;
27092 : 120;
27093 : 130;
27094 : 135;
27095 : 125;
27096 : 125;
27097 : 141;
27098 : 162;
27099 : 170;
27100 : 162;
27101 : 170;
27102 : 170;
27103 : 162;
27104 : 162;
27105 : 162;
27106 : 162;
27107 : 162;
27108 : 162;
27109 : 162;
27110 : 162;
27111 : 162;
27112 : 162;
27113 : 155;
27114 : 162;
27115 : 162;
27116 : 162;
27117 : 162;
27118 : 162;
27119 : 162;
27120 : 162;
27121 : 162;
27122 : 162;
27123 : 155;
27124 : 155;
27125 : 155;
27126 : 155;
27127 : 162;
27128 : 155;
27129 : 155;
27130 : 155;
27131 : 155;
27132 : 155;
27133 : 148;
27134 : 148;
27135 : 148;
27136 : 106;
27137 : 113;
27138 : 106;
27139 : 100;
27140 : 106;
27141 : 100;
27142 : 100;
27143 : 100;
27144 : 100;
27145 : 100;
27146 : 94;
27147 : 94;
27148 : 94;
27149 : 113;
27150 : 130;
27151 : 141;
27152 : 148;
27153 : 162;
27154 : 170;
27155 : 170;
27156 : 179;
27157 : 179;
27158 : 170;
27159 : 170;
27160 : 179;
27161 : 170;
27162 : 170;
27163 : 170;
27164 : 155;
27165 : 141;
27166 : 130;
27167 : 106;
27168 : 86;
27169 : 68;
27170 : 68;
27171 : 86;
27172 : 86;
27173 : 77;
27174 : 86;
27175 : 86;
27176 : 94;
27177 : 94;
27178 : 100;
27179 : 94;
27180 : 100;
27181 : 94;
27182 : 94;
27183 : 94;
27184 : 94;
27185 : 94;
27186 : 94;
27187 : 100;
27188 : 100;
27189 : 100;
27190 : 100;
27191 : 106;
27192 : 106;
27193 : 106;
27194 : 113;
27195 : 106;
27196 : 106;
27197 : 106;
27198 : 100;
27199 : 86;
27200 : 86;
27201 : 222;
27202 : 212;
27203 : 212;
27204 : 200;
27205 : 200;
27206 : 192;
27207 : 192;
27208 : 130;
27209 : 120;
27210 : 125;
27211 : 125;
27212 : 94;
27213 : 106;
27214 : 113;
27215 : 130;
27216 : 130;
27217 : 113;
27218 : 113;
27219 : 113;
27220 : 125;
27221 : 141;
27222 : 130;
27223 : 135;
27224 : 125;
27225 : 94;
27226 : 125;
27227 : 135;
27228 : 120;
27229 : 86;
27230 : 57;
27231 : 57;
27232 : 68;
27233 : 57;
27234 : 57;
27235 : 57;
27236 : 86;
27237 : 77;
27238 : 77;
27239 : 68;
27240 : 68;
27241 : 49;
27242 : 49;
27243 : 68;
27244 : 77;
27245 : 49;
27246 : 100;
27247 : 94;
27248 : 94;
27249 : 49;
27250 : 57;
27251 : 42;
27252 : 49;
27253 : 49;
27254 : 49;
27255 : 49;
27256 : 49;
27257 : 49;
27258 : 49;
27259 : 34;
27260 : 42;
27261 : 77;
27262 : 77;
27263 : 113;
27264 : 86;
27265 : 57;
27266 : 100;
27267 : 113;
27268 : 135;
27269 : 148;
27270 : 162;
27271 : 179;
27272 : 179;
27273 : 170;
27274 : 179;
27275 : 179;
27276 : 179;
27277 : 170;
27278 : 179;
27279 : 170;
27280 : 170;
27281 : 179;
27282 : 170;
27283 : 170;
27284 : 179;
27285 : 179;
27286 : 170;
27287 : 170;
27288 : 179;
27289 : 170;
27290 : 170;
27291 : 179;
27292 : 200;
27293 : 200;
27294 : 192;
27295 : 200;
27296 : 192;
27297 : 192;
27298 : 200;
27299 : 200;
27300 : 192;
27301 : 200;
27302 : 200;
27303 : 192;
27304 : 170;
27305 : 135;
27306 : 100;
27307 : 94;
27308 : 77;
27309 : 57;
27310 : 49;
27311 : 86;
27312 : 86;
27313 : 49;
27314 : 141;
27315 : 130;
27316 : 141;
27317 : 155;
27318 : 148;
27319 : 125;
27320 : 106;
27321 : 57;
27322 : 42;
27323 : 34;
27324 : 42;
27325 : 42;
27326 : 42;
27327 : 42;
27328 : 57;
27329 : 57;
27330 : 49;
27331 : 49;
27332 : 57;
27333 : 68;
27334 : 57;
27335 : 57;
27336 : 49;
27337 : 49;
27338 : 42;
27339 : 42;
27340 : 42;
27341 : 49;
27342 : 57;
27343 : 49;
27344 : 49;
27345 : 57;
27346 : 68;
27347 : 94;
27348 : 130;
27349 : 135;
27350 : 135;
27351 : 120;
27352 : 130;
27353 : 148;
27354 : 162;
27355 : 162;
27356 : 170;
27357 : 162;
27358 : 170;
27359 : 170;
27360 : 162;
27361 : 170;
27362 : 170;
27363 : 162;
27364 : 162;
27365 : 162;
27366 : 162;
27367 : 170;
27368 : 162;
27369 : 162;
27370 : 162;
27371 : 162;
27372 : 162;
27373 : 162;
27374 : 155;
27375 : 162;
27376 : 162;
27377 : 162;
27378 : 155;
27379 : 162;
27380 : 162;
27381 : 155;
27382 : 155;
27383 : 155;
27384 : 155;
27385 : 155;
27386 : 155;
27387 : 148;
27388 : 155;
27389 : 155;
27390 : 148;
27391 : 148;
27392 : 106;
27393 : 100;
27394 : 106;
27395 : 106;
27396 : 100;
27397 : 106;
27398 : 100;
27399 : 100;
27400 : 106;
27401 : 94;
27402 : 94;
27403 : 86;
27404 : 100;
27405 : 113;
27406 : 125;
27407 : 141;
27408 : 148;
27409 : 162;
27410 : 170;
27411 : 170;
27412 : 170;
27413 : 170;
27414 : 170;
27415 : 179;
27416 : 170;
27417 : 179;
27418 : 170;
27419 : 170;
27420 : 155;
27421 : 148;
27422 : 130;
27423 : 106;
27424 : 77;
27425 : 68;
27426 : 77;
27427 : 77;
27428 : 77;
27429 : 86;
27430 : 94;
27431 : 86;
27432 : 94;
27433 : 100;
27434 : 100;
27435 : 100;
27436 : 94;
27437 : 100;
27438 : 100;
27439 : 100;
27440 : 94;
27441 : 100;
27442 : 94;
27443 : 100;
27444 : 106;
27445 : 106;
27446 : 106;
27447 : 100;
27448 : 113;
27449 : 113;
27450 : 113;
27451 : 113;
27452 : 106;
27453 : 106;
27454 : 100;
27455 : 86;
27456 : 77;
27457 : 222;
27458 : 222;
27459 : 212;
27460 : 206;
27461 : 200;
27462 : 192;
27463 : 130;
27464 : 113;
27465 : 120;
27466 : 120;
27467 : 120;
27468 : 113;
27469 : 120;
27470 : 130;
27471 : 120;
27472 : 113;
27473 : 113;
27474 : 120;
27475 : 130;
27476 : 148;
27477 : 135;
27478 : 130;
27479 : 125;
27480 : 120;
27481 : 86;
27482 : 130;
27483 : 106;
27484 : 86;
27485 : 68;
27486 : 77;
27487 : 77;
27488 : 57;
27489 : 49;
27490 : 42;
27491 : 57;
27492 : 68;
27493 : 68;
27494 : 68;
27495 : 68;
27496 : 86;
27497 : 68;
27498 : 57;
27499 : 49;
27500 : 86;
27501 : 34;
27502 : 130;
27503 : 120;
27504 : 94;
27505 : 49;
27506 : 42;
27507 : 49;
27508 : 49;
27509 : 42;
27510 : 49;
27511 : 49;
27512 : 57;
27513 : 42;
27514 : 42;
27515 : 34;
27516 : 42;
27517 : 94;
27518 : 130;
27519 : 86;
27520 : 86;
27521 : 77;
27522 : 179;
27523 : 130;
27524 : 179;
27525 : 170;
27526 : 179;
27527 : 179;
27528 : 179;
27529 : 179;
27530 : 192;
27531 : 179;
27532 : 170;
27533 : 170;
27534 : 162;
27535 : 170;
27536 : 179;
27537 : 179;
27538 : 179;
27539 : 179;
27540 : 170;
27541 : 170;
27542 : 179;
27543 : 170;
27544 : 170;
27545 : 170;
27546 : 192;
27547 : 192;
27548 : 192;
27549 : 200;
27550 : 200;
27551 : 192;
27552 : 200;
27553 : 200;
27554 : 192;
27555 : 192;
27556 : 200;
27557 : 200;
27558 : 200;
27559 : 192;
27560 : 179;
27561 : 141;
27562 : 106;
27563 : 100;
27564 : 77;
27565 : 57;
27566 : 42;
27567 : 94;
27568 : 100;
27569 : 77;
27570 : 106;
27571 : 130;
27572 : 130;
27573 : 148;
27574 : 148;
27575 : 130;
27576 : 100;
27577 : 49;
27578 : 49;
27579 : 49;
27580 : 34;
27581 : 42;
27582 : 42;
27583 : 42;
27584 : 57;
27585 : 57;
27586 : 57;
27587 : 57;
27588 : 57;
27589 : 57;
27590 : 57;
27591 : 57;
27592 : 49;
27593 : 49;
27594 : 42;
27595 : 42;
27596 : 42;
27597 : 49;
27598 : 57;
27599 : 49;
27600 : 49;
27601 : 57;
27602 : 68;
27603 : 113;
27604 : 135;
27605 : 135;
27606 : 125;
27607 : 120;
27608 : 141;
27609 : 155;
27610 : 155;
27611 : 162;
27612 : 162;
27613 : 162;
27614 : 162;
27615 : 162;
27616 : 170;
27617 : 170;
27618 : 162;
27619 : 162;
27620 : 162;
27621 : 162;
27622 : 162;
27623 : 162;
27624 : 162;
27625 : 162;
27626 : 162;
27627 : 162;
27628 : 162;
27629 : 162;
27630 : 162;
27631 : 162;
27632 : 162;
27633 : 162;
27634 : 155;
27635 : 162;
27636 : 162;
27637 : 155;
27638 : 155;
27639 : 162;
27640 : 155;
27641 : 155;
27642 : 155;
27643 : 162;
27644 : 148;
27645 : 155;
27646 : 155;
27647 : 148;
27648 : 106;
27649 : 106;
27650 : 100;
27651 : 106;
27652 : 106;
27653 : 106;
27654 : 100;
27655 : 100;
27656 : 94;
27657 : 94;
27658 : 94;
27659 : 86;
27660 : 94;
27661 : 113;
27662 : 125;
27663 : 148;
27664 : 148;
27665 : 162;
27666 : 162;
27667 : 170;
27668 : 170;
27669 : 170;
27670 : 170;
27671 : 170;
27672 : 170;
27673 : 170;
27674 : 179;
27675 : 155;
27676 : 155;
27677 : 148;
27678 : 130;
27679 : 113;
27680 : 77;
27681 : 68;
27682 : 68;
27683 : 77;
27684 : 86;
27685 : 94;
27686 : 94;
27687 : 94;
27688 : 94;
27689 : 100;
27690 : 100;
27691 : 94;
27692 : 100;
27693 : 106;
27694 : 100;
27695 : 100;
27696 : 100;
27697 : 100;
27698 : 94;
27699 : 94;
27700 : 100;
27701 : 100;
27702 : 106;
27703 : 113;
27704 : 106;
27705 : 113;
27706 : 113;
27707 : 113;
27708 : 106;
27709 : 106;
27710 : 100;
27711 : 94;
27712 : 86;
27713 : 222;
27714 : 222;
27715 : 206;
27716 : 212;
27717 : 206;
27718 : 170;
27719 : 106;
27720 : 106;
27721 : 125;
27722 : 125;
27723 : 113;
27724 : 113;
27725 : 125;
27726 : 125;
27727 : 113;
27728 : 100;
27729 : 120;
27730 : 135;
27731 : 141;
27732 : 130;
27733 : 135;
27734 : 130;
27735 : 125;
27736 : 106;
27737 : 86;
27738 : 68;
27739 : 68;
27740 : 49;
27741 : 68;
27742 : 86;
27743 : 68;
27744 : 49;
27745 : 42;
27746 : 49;
27747 : 49;
27748 : 49;
27749 : 94;
27750 : 57;
27751 : 68;
27752 : 86;
27753 : 86;
27754 : 42;
27755 : 57;
27756 : 77;
27757 : 34;
27758 : 49;
27759 : 120;
27760 : 125;
27761 : 77;
27762 : 42;
27763 : 49;
27764 : 49;
27765 : 49;
27766 : 42;
27767 : 42;
27768 : 42;
27769 : 42;
27770 : 34;
27771 : 34;
27772 : 100;
27773 : 113;
27774 : 113;
27775 : 77;
27776 : 106;
27777 : 130;
27778 : 179;
27779 : 130;
27780 : 179;
27781 : 179;
27782 : 179;
27783 : 179;
27784 : 179;
27785 : 192;
27786 : 179;
27787 : 179;
27788 : 170;
27789 : 162;
27790 : 162;
27791 : 170;
27792 : 162;
27793 : 170;
27794 : 179;
27795 : 179;
27796 : 170;
27797 : 155;
27798 : 162;
27799 : 170;
27800 : 179;
27801 : 192;
27802 : 192;
27803 : 192;
27804 : 192;
27805 : 200;
27806 : 206;
27807 : 200;
27808 : 192;
27809 : 192;
27810 : 200;
27811 : 200;
27812 : 200;
27813 : 200;
27814 : 192;
27815 : 192;
27816 : 170;
27817 : 162;
27818 : 120;
27819 : 94;
27820 : 68;
27821 : 57;
27822 : 49;
27823 : 49;
27824 : 94;
27825 : 77;
27826 : 68;
27827 : 141;
27828 : 125;
27829 : 148;
27830 : 148;
27831 : 135;
27832 : 77;
27833 : 49;
27834 : 49;
27835 : 42;
27836 : 42;
27837 : 49;
27838 : 49;
27839 : 49;
27840 : 49;
27841 : 57;
27842 : 49;
27843 : 49;
27844 : 57;
27845 : 57;
27846 : 57;
27847 : 57;
27848 : 49;
27849 : 49;
27850 : 42;
27851 : 42;
27852 : 49;
27853 : 57;
27854 : 49;
27855 : 42;
27856 : 49;
27857 : 57;
27858 : 94;
27859 : 135;
27860 : 141;
27861 : 130;
27862 : 130;
27863 : 125;
27864 : 141;
27865 : 155;
27866 : 162;
27867 : 162;
27868 : 162;
27869 : 170;
27870 : 170;
27871 : 162;
27872 : 162;
27873 : 162;
27874 : 162;
27875 : 162;
27876 : 162;
27877 : 162;
27878 : 155;
27879 : 162;
27880 : 162;
27881 : 162;
27882 : 170;
27883 : 162;
27884 : 162;
27885 : 162;
27886 : 162;
27887 : 155;
27888 : 162;
27889 : 162;
27890 : 162;
27891 : 155;
27892 : 155;
27893 : 155;
27894 : 162;
27895 : 155;
27896 : 155;
27897 : 162;
27898 : 155;
27899 : 155;
27900 : 155;
27901 : 148;
27902 : 148;
27903 : 148;
27904 : 106;
27905 : 106;
27906 : 106;
27907 : 106;
27908 : 106;
27909 : 106;
27910 : 100;
27911 : 94;
27912 : 100;
27913 : 94;
27914 : 86;
27915 : 86;
27916 : 94;
27917 : 106;
27918 : 130;
27919 : 148;
27920 : 148;
27921 : 155;
27922 : 170;
27923 : 170;
27924 : 170;
27925 : 179;
27926 : 170;
27927 : 170;
27928 : 179;
27929 : 179;
27930 : 170;
27931 : 162;
27932 : 155;
27933 : 141;
27934 : 125;
27935 : 106;
27936 : 86;
27937 : 68;
27938 : 77;
27939 : 77;
27940 : 86;
27941 : 94;
27942 : 94;
27943 : 94;
27944 : 94;
27945 : 100;
27946 : 100;
27947 : 94;
27948 : 106;
27949 : 100;
27950 : 100;
27951 : 106;
27952 : 100;
27953 : 94;
27954 : 100;
27955 : 100;
27956 : 100;
27957 : 106;
27958 : 100;
27959 : 106;
27960 : 113;
27961 : 113;
27962 : 113;
27963 : 113;
27964 : 106;
27965 : 106;
27966 : 106;
27967 : 94;
27968 : 86;
27969 : 200;
27970 : 212;
27971 : 212;
27972 : 212;
27973 : 212;
27974 : 113;
27975 : 100;
27976 : 106;
27977 : 120;
27978 : 113;
27979 : 113;
27980 : 120;
27981 : 120;
27982 : 120;
27983 : 106;
27984 : 120;
27985 : 135;
27986 : 141;
27987 : 130;
27988 : 130;
27989 : 135;
27990 : 120;
27991 : 120;
27992 : 125;
27993 : 34;
27994 : 42;
27995 : 57;
27996 : 42;
27997 : 86;
27998 : 57;
27999 : 49;
28000 : 42;
28001 : 49;
28002 : 49;
28003 : 42;
28004 : 49;
28005 : 94;
28006 : 86;
28007 : 57;
28008 : 86;
28009 : 94;
28010 : 34;
28011 : 49;
28012 : 86;
28013 : 34;
28014 : 42;
28015 : 100;
28016 : 125;
28017 : 148;
28018 : 68;
28019 : 49;
28020 : 42;
28021 : 49;
28022 : 42;
28023 : 42;
28024 : 34;
28025 : 34;
28026 : 34;
28027 : 100;
28028 : 155;
28029 : 100;
28030 : 94;
28031 : 120;
28032 : 192;
28033 : 130;
28034 : 170;
28035 : 170;
28036 : 179;
28037 : 179;
28038 : 179;
28039 : 192;
28040 : 192;
28041 : 192;
28042 : 179;
28043 : 179;
28044 : 162;
28045 : 155;
28046 : 162;
28047 : 162;
28048 : 170;
28049 : 179;
28050 : 179;
28051 : 179;
28052 : 162;
28053 : 162;
28054 : 170;
28055 : 179;
28056 : 179;
28057 : 179;
28058 : 192;
28059 : 200;
28060 : 192;
28061 : 200;
28062 : 200;
28063 : 200;
28064 : 200;
28065 : 200;
28066 : 200;
28067 : 200;
28068 : 206;
28069 : 200;
28070 : 200;
28071 : 200;
28072 : 179;
28073 : 162;
28074 : 113;
28075 : 86;
28076 : 86;
28077 : 49;
28078 : 49;
28079 : 42;
28080 : 68;
28081 : 86;
28082 : 68;
28083 : 141;
28084 : 135;
28085 : 162;
28086 : 155;
28087 : 148;
28088 : 49;
28089 : 57;
28090 : 49;
28091 : 42;
28092 : 42;
28093 : 42;
28094 : 49;
28095 : 49;
28096 : 57;
28097 : 49;
28098 : 57;
28099 : 57;
28100 : 57;
28101 : 68;
28102 : 57;
28103 : 57;
28104 : 49;
28105 : 49;
28106 : 42;
28107 : 42;
28108 : 57;
28109 : 49;
28110 : 49;
28111 : 42;
28112 : 57;
28113 : 68;
28114 : 106;
28115 : 141;
28116 : 141;
28117 : 135;
28118 : 130;
28119 : 135;
28120 : 148;
28121 : 155;
28122 : 148;
28123 : 155;
28124 : 162;
28125 : 162;
28126 : 162;
28127 : 162;
28128 : 162;
28129 : 170;
28130 : 162;
28131 : 162;
28132 : 162;
28133 : 155;
28134 : 162;
28135 : 162;
28136 : 155;
28137 : 162;
28138 : 162;
28139 : 162;
28140 : 162;
28141 : 162;
28142 : 162;
28143 : 162;
28144 : 155;
28145 : 162;
28146 : 162;
28147 : 155;
28148 : 155;
28149 : 155;
28150 : 162;
28151 : 155;
28152 : 162;
28153 : 155;
28154 : 155;
28155 : 155;
28156 : 155;
28157 : 155;
28158 : 148;
28159 : 148;
28160 : 106;
28161 : 106;
28162 : 113;
28163 : 113;
28164 : 106;
28165 : 100;
28166 : 100;
28167 : 100;
28168 : 100;
28169 : 100;
28170 : 94;
28171 : 86;
28172 : 100;
28173 : 106;
28174 : 130;
28175 : 135;
28176 : 148;
28177 : 155;
28178 : 170;
28179 : 170;
28180 : 170;
28181 : 170;
28182 : 179;
28183 : 179;
28184 : 170;
28185 : 170;
28186 : 170;
28187 : 162;
28188 : 155;
28189 : 141;
28190 : 125;
28191 : 100;
28192 : 86;
28193 : 77;
28194 : 77;
28195 : 77;
28196 : 86;
28197 : 86;
28198 : 100;
28199 : 86;
28200 : 100;
28201 : 100;
28202 : 100;
28203 : 94;
28204 : 100;
28205 : 106;
28206 : 100;
28207 : 94;
28208 : 100;
28209 : 100;
28210 : 100;
28211 : 106;
28212 : 100;
28213 : 106;
28214 : 106;
28215 : 113;
28216 : 106;
28217 : 113;
28218 : 113;
28219 : 113;
28220 : 113;
28221 : 113;
28222 : 113;
28223 : 100;
28224 : 94;
28225 : 179;
28226 : 222;
28227 : 222;
28228 : 212;
28229 : 179;
28230 : 106;
28231 : 100;
28232 : 106;
28233 : 106;
28234 : 113;
28235 : 113;
28236 : 113;
28237 : 113;
28238 : 100;
28239 : 120;
28240 : 130;
28241 : 120;
28242 : 125;
28243 : 100;
28244 : 130;
28245 : 113;
28246 : 113;
28247 : 125;
28248 : 120;
28249 : 100;
28250 : 42;
28251 : 42;
28252 : 57;
28253 : 100;
28254 : 42;
28255 : 42;
28256 : 49;
28257 : 42;
28258 : 42;
28259 : 49;
28260 : 42;
28261 : 68;
28262 : 86;
28263 : 77;
28264 : 57;
28265 : 86;
28266 : 68;
28267 : 42;
28268 : 106;
28269 : 34;
28270 : 42;
28271 : 42;
28272 : 94;
28273 : 141;
28274 : 86;
28275 : 106;
28276 : 100;
28277 : 49;
28278 : 34;
28279 : 34;
28280 : 34;
28281 : 42;
28282 : 68;
28283 : 162;
28284 : 130;
28285 : 94;
28286 : 120;
28287 : 179;
28288 : 162;
28289 : 141;
28290 : 120;
28291 : 179;
28292 : 192;
28293 : 179;
28294 : 179;
28295 : 192;
28296 : 192;
28297 : 192;
28298 : 170;
28299 : 170;
28300 : 162;
28301 : 162;
28302 : 162;
28303 : 162;
28304 : 170;
28305 : 179;
28306 : 179;
28307 : 162;
28308 : 155;
28309 : 170;
28310 : 170;
28311 : 179;
28312 : 192;
28313 : 192;
28314 : 192;
28315 : 192;
28316 : 192;
28317 : 200;
28318 : 206;
28319 : 200;
28320 : 200;
28321 : 200;
28322 : 200;
28323 : 206;
28324 : 206;
28325 : 206;
28326 : 206;
28327 : 200;
28328 : 192;
28329 : 170;
28330 : 141;
28331 : 100;
28332 : 94;
28333 : 49;
28334 : 34;
28335 : 49;
28336 : 49;
28337 : 86;
28338 : 68;
28339 : 113;
28340 : 155;
28341 : 155;
28342 : 170;
28343 : 120;
28344 : 49;
28345 : 49;
28346 : 49;
28347 : 42;
28348 : 42;
28349 : 49;
28350 : 49;
28351 : 49;
28352 : 49;
28353 : 57;
28354 : 49;
28355 : 57;
28356 : 68;
28357 : 57;
28358 : 57;
28359 : 57;
28360 : 49;
28361 : 42;
28362 : 49;
28363 : 49;
28364 : 49;
28365 : 57;
28366 : 49;
28367 : 57;
28368 : 57;
28369 : 86;
28370 : 130;
28371 : 141;
28372 : 135;
28373 : 130;
28374 : 130;
28375 : 148;
28376 : 155;
28377 : 148;
28378 : 148;
28379 : 155;
28380 : 155;
28381 : 155;
28382 : 162;
28383 : 162;
28384 : 170;
28385 : 162;
28386 : 170;
28387 : 170;
28388 : 162;
28389 : 162;
28390 : 162;
28391 : 162;
28392 : 155;
28393 : 162;
28394 : 162;
28395 : 162;
28396 : 162;
28397 : 170;
28398 : 162;
28399 : 162;
28400 : 155;
28401 : 162;
28402 : 155;
28403 : 155;
28404 : 162;
28405 : 155;
28406 : 162;
28407 : 155;
28408 : 162;
28409 : 162;
28410 : 155;
28411 : 155;
28412 : 155;
28413 : 155;
28414 : 155;
28415 : 148;
28416 : 100;
28417 : 100;
28418 : 106;
28419 : 100;
28420 : 106;
28421 : 100;
28422 : 100;
28423 : 100;
28424 : 100;
28425 : 100;
28426 : 100;
28427 : 86;
28428 : 94;
28429 : 113;
28430 : 130;
28431 : 141;
28432 : 148;
28433 : 162;
28434 : 170;
28435 : 170;
28436 : 170;
28437 : 170;
28438 : 170;
28439 : 170;
28440 : 179;
28441 : 170;
28442 : 170;
28443 : 170;
28444 : 155;
28445 : 148;
28446 : 130;
28447 : 113;
28448 : 86;
28449 : 77;
28450 : 68;
28451 : 77;
28452 : 86;
28453 : 86;
28454 : 100;
28455 : 94;
28456 : 100;
28457 : 100;
28458 : 94;
28459 : 94;
28460 : 100;
28461 : 94;
28462 : 94;
28463 : 100;
28464 : 100;
28465 : 100;
28466 : 100;
28467 : 100;
28468 : 100;
28469 : 100;
28470 : 100;
28471 : 106;
28472 : 106;
28473 : 113;
28474 : 120;
28475 : 120;
28476 : 113;
28477 : 113;
28478 : 106;
28479 : 106;
28480 : 94;
28481 : 106;
28482 : 222;
28483 : 212;
28484 : 222;
28485 : 125;
28486 : 106;
28487 : 113;
28488 : 113;
28489 : 106;
28490 : 113;
28491 : 113;
28492 : 113;
28493 : 113;
28494 : 135;
28495 : 130;
28496 : 125;
28497 : 130;
28498 : 130;
28499 : 86;
28500 : 113;
28501 : 113;
28502 : 113;
28503 : 86;
28504 : 77;
28505 : 57;
28506 : 49;
28507 : 49;
28508 : 94;
28509 : 77;
28510 : 42;
28511 : 42;
28512 : 42;
28513 : 57;
28514 : 49;
28515 : 57;
28516 : 49;
28517 : 49;
28518 : 49;
28519 : 86;
28520 : 68;
28521 : 68;
28522 : 68;
28523 : 57;
28524 : 100;
28525 : 34;
28526 : 57;
28527 : 57;
28528 : 77;
28529 : 155;
28530 : 34;
28531 : 42;
28532 : 42;
28533 : 34;
28534 : 42;
28535 : 34;
28536 : 34;
28537 : 68;
28538 : 170;
28539 : 141;
28540 : 106;
28541 : 130;
28542 : 192;
28543 : 162;
28544 : 162;
28545 : 162;
28546 : 130;
28547 : 155;
28548 : 179;
28549 : 170;
28550 : 179;
28551 : 192;
28552 : 179;
28553 : 192;
28554 : 170;
28555 : 162;
28556 : 170;
28557 : 162;
28558 : 162;
28559 : 170;
28560 : 179;
28561 : 179;
28562 : 155;
28563 : 155;
28564 : 162;
28565 : 170;
28566 : 179;
28567 : 179;
28568 : 179;
28569 : 192;
28570 : 200;
28571 : 200;
28572 : 192;
28573 : 200;
28574 : 200;
28575 : 206;
28576 : 200;
28577 : 200;
28578 : 206;
28579 : 206;
28580 : 212;
28581 : 212;
28582 : 212;
28583 : 206;
28584 : 192;
28585 : 179;
28586 : 148;
28587 : 106;
28588 : 94;
28589 : 57;
28590 : 42;
28591 : 42;
28592 : 49;
28593 : 68;
28594 : 68;
28595 : 86;
28596 : 155;
28597 : 162;
28598 : 162;
28599 : 113;
28600 : 49;
28601 : 49;
28602 : 42;
28603 : 42;
28604 : 57;
28605 : 42;
28606 : 49;
28607 : 49;
28608 : 57;
28609 : 49;
28610 : 57;
28611 : 57;
28612 : 57;
28613 : 68;
28614 : 57;
28615 : 49;
28616 : 42;
28617 : 42;
28618 : 42;
28619 : 42;
28620 : 49;
28621 : 49;
28622 : 49;
28623 : 57;
28624 : 68;
28625 : 113;
28626 : 141;
28627 : 141;
28628 : 135;
28629 : 125;
28630 : 148;
28631 : 155;
28632 : 155;
28633 : 155;
28634 : 148;
28635 : 148;
28636 : 155;
28637 : 148;
28638 : 155;
28639 : 155;
28640 : 155;
28641 : 155;
28642 : 162;
28643 : 155;
28644 : 155;
28645 : 162;
28646 : 162;
28647 : 162;
28648 : 162;
28649 : 162;
28650 : 155;
28651 : 162;
28652 : 162;
28653 : 162;
28654 : 162;
28655 : 155;
28656 : 162;
28657 : 155;
28658 : 162;
28659 : 155;
28660 : 155;
28661 : 162;
28662 : 155;
28663 : 162;
28664 : 155;
28665 : 155;
28666 : 155;
28667 : 155;
28668 : 155;
28669 : 155;
28670 : 155;
28671 : 148;
28672 : 100;
28673 : 106;
28674 : 100;
28675 : 100;
28676 : 100;
28677 : 106;
28678 : 100;
28679 : 100;
28680 : 94;
28681 : 100;
28682 : 94;
28683 : 86;
28684 : 86;
28685 : 106;
28686 : 135;
28687 : 141;
28688 : 148;
28689 : 162;
28690 : 162;
28691 : 170;
28692 : 170;
28693 : 179;
28694 : 170;
28695 : 179;
28696 : 170;
28697 : 170;
28698 : 179;
28699 : 170;
28700 : 155;
28701 : 141;
28702 : 135;
28703 : 113;
28704 : 86;
28705 : 77;
28706 : 77;
28707 : 77;
28708 : 77;
28709 : 86;
28710 : 94;
28711 : 94;
28712 : 100;
28713 : 106;
28714 : 100;
28715 : 100;
28716 : 106;
28717 : 106;
28718 : 106;
28719 : 100;
28720 : 100;
28721 : 100;
28722 : 100;
28723 : 100;
28724 : 106;
28725 : 100;
28726 : 100;
28727 : 100;
28728 : 179;
28729 : 106;
28730 : 113;
28731 : 120;
28732 : 113;
28733 : 113;
28734 : 113;
28735 : 100;
28736 : 100;
28737 : 94;
28738 : 222;
28739 : 222;
28740 : 212;
28741 : 106;
28742 : 113;
28743 : 113;
28744 : 120;
28745 : 113;
28746 : 113;
28747 : 113;
28748 : 94;
28749 : 120;
28750 : 135;
28751 : 125;
28752 : 120;
28753 : 106;
28754 : 106;
28755 : 68;
28756 : 57;
28757 : 86;
28758 : 86;
28759 : 77;
28760 : 94;
28761 : 94;
28762 : 57;
28763 : 57;
28764 : 106;
28765 : 42;
28766 : 42;
28767 : 42;
28768 : 42;
28769 : 68;
28770 : 49;
28771 : 57;
28772 : 42;
28773 : 49;
28774 : 49;
28775 : 57;
28776 : 77;
28777 : 57;
28778 : 49;
28779 : 68;
28780 : 94;
28781 : 49;
28782 : 100;
28783 : 42;
28784 : 57;
28785 : 141;
28786 : 34;
28787 : 42;
28788 : 34;
28789 : 34;
28790 : 34;
28791 : 34;
28792 : 34;
28793 : 162;
28794 : 141;
28795 : 100;
28796 : 125;
28797 : 179;
28798 : 179;
28799 : 162;
28800 : 162;
28801 : 162;
28802 : 130;
28803 : 170;
28804 : 162;
28805 : 162;
28806 : 179;
28807 : 192;
28808 : 170;
28809 : 179;
28810 : 170;
28811 : 170;
28812 : 170;
28813 : 170;
28814 : 170;
28815 : 179;
28816 : 179;
28817 : 135;
28818 : 155;
28819 : 162;
28820 : 170;
28821 : 170;
28822 : 179;
28823 : 192;
28824 : 192;
28825 : 192;
28826 : 192;
28827 : 200;
28828 : 192;
28829 : 200;
28830 : 200;
28831 : 200;
28832 : 200;
28833 : 200;
28834 : 200;
28835 : 206;
28836 : 206;
28837 : 206;
28838 : 206;
28839 : 206;
28840 : 200;
28841 : 179;
28842 : 155;
28843 : 120;
28844 : 94;
28845 : 68;
28846 : 49;
28847 : 34;
28848 : 34;
28849 : 57;
28850 : 77;
28851 : 57;
28852 : 155;
28853 : 162;
28854 : 170;
28855 : 148;
28856 : 42;
28857 : 57;
28858 : 57;
28859 : 57;
28860 : 49;
28861 : 49;
28862 : 68;
28863 : 49;
28864 : 57;
28865 : 49;
28866 : 57;
28867 : 57;
28868 : 68;
28869 : 68;
28870 : 49;
28871 : 49;
28872 : 49;
28873 : 49;
28874 : 49;
28875 : 57;
28876 : 57;
28877 : 57;
28878 : 42;
28879 : 49;
28880 : 86;
28881 : 120;
28882 : 148;
28883 : 141;
28884 : 130;
28885 : 130;
28886 : 148;
28887 : 162;
28888 : 162;
28889 : 148;
28890 : 155;
28891 : 148;
28892 : 155;
28893 : 148;
28894 : 148;
28895 : 148;
28896 : 148;
28897 : 155;
28898 : 155;
28899 : 155;
28900 : 162;
28901 : 162;
28902 : 155;
28903 : 162;
28904 : 162;
28905 : 155;
28906 : 162;
28907 : 162;
28908 : 162;
28909 : 162;
28910 : 162;
28911 : 162;
28912 : 155;
28913 : 162;
28914 : 162;
28915 : 162;
28916 : 155;
28917 : 162;
28918 : 155;
28919 : 155;
28920 : 155;
28921 : 155;
28922 : 155;
28923 : 148;
28924 : 155;
28925 : 148;
28926 : 155;
28927 : 148;
28928 : 106;
28929 : 100;
28930 : 106;
28931 : 106;
28932 : 100;
28933 : 100;
28934 : 100;
28935 : 94;
28936 : 100;
28937 : 100;
28938 : 94;
28939 : 94;
28940 : 94;
28941 : 106;
28942 : 125;
28943 : 141;
28944 : 148;
28945 : 162;
28946 : 162;
28947 : 170;
28948 : 170;
28949 : 170;
28950 : 170;
28951 : 179;
28952 : 170;
28953 : 170;
28954 : 170;
28955 : 170;
28956 : 155;
28957 : 148;
28958 : 125;
28959 : 113;
28960 : 86;
28961 : 68;
28962 : 77;
28963 : 77;
28964 : 86;
28965 : 86;
28966 : 86;
28967 : 94;
28968 : 100;
28969 : 100;
28970 : 100;
28971 : 106;
28972 : 100;
28973 : 106;
28974 : 106;
28975 : 100;
28976 : 100;
28977 : 100;
28978 : 94;
28979 : 100;
28980 : 100;
28981 : 100;
28982 : 106;
28983 : 179;
28984 : 106;
28985 : 113;
28986 : 113;
28987 : 113;
28988 : 113;
28989 : 113;
28990 : 113;
28991 : 113;
28992 : 106;
28993 : 106;
28994 : 148;
28995 : 222;
28996 : 222;
28997 : 100;
28998 : 113;
28999 : 113;
29000 : 120;
29001 : 125;
29002 : 113;
29003 : 94;
29004 : 120;
29005 : 135;
29006 : 120;
29007 : 120;
29008 : 141;
29009 : 113;
29010 : 125;
29011 : 106;
29012 : 68;
29013 : 77;
29014 : 68;
29015 : 49;
29016 : 68;
29017 : 42;
29018 : 42;
29019 : 57;
29020 : 113;
29021 : 42;
29022 : 42;
29023 : 42;
29024 : 68;
29025 : 57;
29026 : 49;
29027 : 49;
29028 : 49;
29029 : 57;
29030 : 68;
29031 : 42;
29032 : 57;
29033 : 68;
29034 : 49;
29035 : 49;
29036 : 100;
29037 : 113;
29038 : 135;
29039 : 57;
29040 : 49;
29041 : 148;
29042 : 57;
29043 : 34;
29044 : 34;
29045 : 34;
29046 : 34;
29047 : 34;
29048 : 155;
29049 : 148;
29050 : 113;
29051 : 113;
29052 : 179;
29053 : 162;
29054 : 170;
29055 : 170;
29056 : 170;
29057 : 170;
29058 : 135;
29059 : 170;
29060 : 179;
29061 : 170;
29062 : 179;
29063 : 192;
29064 : 179;
29065 : 179;
29066 : 170;
29067 : 170;
29068 : 170;
29069 : 170;
29070 : 170;
29071 : 162;
29072 : 148;
29073 : 155;
29074 : 162;
29075 : 170;
29076 : 170;
29077 : 179;
29078 : 179;
29079 : 192;
29080 : 179;
29081 : 192;
29082 : 192;
29083 : 200;
29084 : 200;
29085 : 200;
29086 : 200;
29087 : 200;
29088 : 200;
29089 : 206;
29090 : 206;
29091 : 212;
29092 : 206;
29093 : 212;
29094 : 212;
29095 : 212;
29096 : 206;
29097 : 192;
29098 : 162;
29099 : 125;
29100 : 94;
29101 : 77;
29102 : 57;
29103 : 42;
29104 : 34;
29105 : 42;
29106 : 49;
29107 : 68;
29108 : 130;
29109 : 148;
29110 : 170;
29111 : 130;
29112 : 57;
29113 : 49;
29114 : 57;
29115 : 42;
29116 : 42;
29117 : 49;
29118 : 49;
29119 : 57;
29120 : 57;
29121 : 57;
29122 : 68;
29123 : 57;
29124 : 68;
29125 : 57;
29126 : 49;
29127 : 49;
29128 : 42;
29129 : 42;
29130 : 49;
29131 : 57;
29132 : 49;
29133 : 49;
29134 : 42;
29135 : 49;
29136 : 100;
29137 : 130;
29138 : 141;
29139 : 135;
29140 : 130;
29141 : 135;
29142 : 155;
29143 : 162;
29144 : 155;
29145 : 155;
29146 : 148;
29147 : 155;
29148 : 148;
29149 : 148;
29150 : 155;
29151 : 148;
29152 : 148;
29153 : 148;
29154 : 148;
29155 : 148;
29156 : 155;
29157 : 148;
29158 : 155;
29159 : 155;
29160 : 155;
29161 : 162;
29162 : 162;
29163 : 155;
29164 : 162;
29165 : 162;
29166 : 162;
29167 : 162;
29168 : 162;
29169 : 155;
29170 : 162;
29171 : 162;
29172 : 162;
29173 : 155;
29174 : 155;
29175 : 162;
29176 : 155;
29177 : 155;
29178 : 155;
29179 : 155;
29180 : 162;
29181 : 155;
29182 : 155;
29183 : 148;
29184 : 100;
29185 : 113;
29186 : 106;
29187 : 106;
29188 : 100;
29189 : 100;
29190 : 100;
29191 : 100;
29192 : 100;
29193 : 100;
29194 : 94;
29195 : 86;
29196 : 94;
29197 : 113;
29198 : 130;
29199 : 141;
29200 : 148;
29201 : 162;
29202 : 170;
29203 : 179;
29204 : 170;
29205 : 170;
29206 : 179;
29207 : 170;
29208 : 170;
29209 : 170;
29210 : 179;
29211 : 162;
29212 : 155;
29213 : 141;
29214 : 130;
29215 : 106;
29216 : 86;
29217 : 68;
29218 : 77;
29219 : 86;
29220 : 86;
29221 : 94;
29222 : 94;
29223 : 106;
29224 : 100;
29225 : 100;
29226 : 106;
29227 : 106;
29228 : 106;
29229 : 106;
29230 : 106;
29231 : 100;
29232 : 100;
29233 : 100;
29234 : 100;
29235 : 100;
29236 : 100;
29237 : 106;
29238 : 141;
29239 : 106;
29240 : 113;
29241 : 113;
29242 : 113;
29243 : 113;
29244 : 120;
29245 : 113;
29246 : 120;
29247 : 113;
29248 : 106;
29249 : 106;
29250 : 106;
29251 : 222;
29252 : 222;
29253 : 113;
29254 : 113;
29255 : 120;
29256 : 113;
29257 : 113;
29258 : 113;
29259 : 125;
29260 : 125;
29261 : 113;
29262 : 130;
29263 : 130;
29264 : 135;
29265 : 130;
29266 : 106;
29267 : 106;
29268 : 100;
29269 : 86;
29270 : 49;
29271 : 49;
29272 : 57;
29273 : 42;
29274 : 49;
29275 : 49;
29276 : 106;
29277 : 34;
29278 : 34;
29279 : 49;
29280 : 77;
29281 : 49;
29282 : 68;
29283 : 42;
29284 : 42;
29285 : 49;
29286 : 57;
29287 : 42;
29288 : 57;
29289 : 57;
29290 : 57;
29291 : 49;
29292 : 68;
29293 : 106;
29294 : 120;
29295 : 77;
29296 : 57;
29297 : 86;
29298 : 100;
29299 : 34;
29300 : 34;
29301 : 34;
29302 : 34;
29303 : 135;
29304 : 148;
29305 : 125;
29306 : 120;
29307 : 192;
29308 : 170;
29309 : 179;
29310 : 179;
29311 : 170;
29312 : 170;
29313 : 179;
29314 : 135;
29315 : 170;
29316 : 162;
29317 : 179;
29318 : 192;
29319 : 192;
29320 : 192;
29321 : 170;
29322 : 170;
29323 : 170;
29324 : 170;
29325 : 162;
29326 : 155;
29327 : 148;
29328 : 155;
29329 : 162;
29330 : 170;
29331 : 170;
29332 : 170;
29333 : 179;
29334 : 192;
29335 : 192;
29336 : 192;
29337 : 192;
29338 : 200;
29339 : 200;
29340 : 200;
29341 : 192;
29342 : 200;
29343 : 206;
29344 : 200;
29345 : 200;
29346 : 212;
29347 : 206;
29348 : 212;
29349 : 206;
29350 : 212;
29351 : 206;
29352 : 206;
29353 : 200;
29354 : 170;
29355 : 135;
29356 : 106;
29357 : 77;
29358 : 57;
29359 : 34;
29360 : 34;
29361 : 42;
29362 : 49;
29363 : 86;
29364 : 57;
29365 : 162;
29366 : 170;
29367 : 130;
29368 : 68;
29369 : 57;
29370 : 57;
29371 : 57;
29372 : 49;
29373 : 49;
29374 : 57;
29375 : 57;
29376 : 57;
29377 : 57;
29378 : 57;
29379 : 57;
29380 : 68;
29381 : 57;
29382 : 49;
29383 : 49;
29384 : 42;
29385 : 42;
29386 : 49;
29387 : 49;
29388 : 49;
29389 : 42;
29390 : 49;
29391 : 57;
29392 : 106;
29393 : 135;
29394 : 141;
29395 : 135;
29396 : 130;
29397 : 148;
29398 : 162;
29399 : 162;
29400 : 155;
29401 : 162;
29402 : 155;
29403 : 155;
29404 : 155;
29405 : 155;
29406 : 155;
29407 : 155;
29408 : 148;
29409 : 148;
29410 : 155;
29411 : 148;
29412 : 162;
29413 : 148;
29414 : 148;
29415 : 148;
29416 : 155;
29417 : 148;
29418 : 155;
29419 : 162;
29420 : 155;
29421 : 162;
29422 : 162;
29423 : 155;
29424 : 162;
29425 : 155;
29426 : 155;
29427 : 162;
29428 : 155;
29429 : 155;
29430 : 155;
29431 : 155;
29432 : 155;
29433 : 155;
29434 : 155;
29435 : 148;
29436 : 155;
29437 : 148;
29438 : 148;
29439 : 148;
29440 : 100;
29441 : 106;
29442 : 100;
29443 : 100;
29444 : 100;
29445 : 94;
29446 : 100;
29447 : 100;
29448 : 100;
29449 : 94;
29450 : 86;
29451 : 94;
29452 : 100;
29453 : 106;
29454 : 125;
29455 : 135;
29456 : 148;
29457 : 155;
29458 : 170;
29459 : 170;
29460 : 170;
29461 : 170;
29462 : 170;
29463 : 179;
29464 : 179;
29465 : 170;
29466 : 170;
29467 : 162;
29468 : 155;
29469 : 141;
29470 : 130;
29471 : 113;
29472 : 86;
29473 : 77;
29474 : 86;
29475 : 86;
29476 : 86;
29477 : 86;
29478 : 100;
29479 : 100;
29480 : 106;
29481 : 100;
29482 : 100;
29483 : 100;
29484 : 100;
29485 : 100;
29486 : 100;
29487 : 100;
29488 : 100;
29489 : 100;
29490 : 100;
29491 : 106;
29492 : 100;
29493 : 106;
29494 : 113;
29495 : 113;
29496 : 113;
29497 : 120;
29498 : 113;
29499 : 120;
29500 : 120;
29501 : 120;
29502 : 120;
29503 : 113;
29504 : 120;
29505 : 113;
29506 : 106;
29507 : 162;
29508 : 222;
29509 : 148;
29510 : 120;
29511 : 113;
29512 : 113;
29513 : 106;
29514 : 130;
29515 : 125;
29516 : 120;
29517 : 135;
29518 : 120;
29519 : 135;
29520 : 125;
29521 : 106;
29522 : 100;
29523 : 100;
29524 : 42;
29525 : 49;
29526 : 49;
29527 : 77;
29528 : 42;
29529 : 34;
29530 : 42;
29531 : 49;
29532 : 113;
29533 : 42;
29534 : 49;
29535 : 57;
29536 : 49;
29537 : 49;
29538 : 68;
29539 : 42;
29540 : 57;
29541 : 57;
29542 : 49;
29543 : 57;
29544 : 68;
29545 : 49;
29546 : 34;
29547 : 68;
29548 : 86;
29549 : 100;
29550 : 77;
29551 : 100;
29552 : 86;
29553 : 130;
29554 : 141;
29555 : 34;
29556 : 34;
29557 : 34;
29558 : 125;
29559 : 155;
29560 : 120;
29561 : 120;
29562 : 179;
29563 : 179;
29564 : 170;
29565 : 179;
29566 : 179;
29567 : 179;
29568 : 170;
29569 : 179;
29570 : 148;
29571 : 148;
29572 : 162;
29573 : 170;
29574 : 192;
29575 : 200;
29576 : 179;
29577 : 162;
29578 : 170;
29579 : 162;
29580 : 162;
29581 : 148;
29582 : 148;
29583 : 155;
29584 : 162;
29585 : 162;
29586 : 170;
29587 : 170;
29588 : 179;
29589 : 179;
29590 : 179;
29591 : 192;
29592 : 192;
29593 : 200;
29594 : 192;
29595 : 192;
29596 : 200;
29597 : 200;
29598 : 206;
29599 : 200;
29600 : 200;
29601 : 206;
29602 : 206;
29603 : 212;
29604 : 206;
29605 : 212;
29606 : 212;
29607 : 212;
29608 : 206;
29609 : 200;
29610 : 179;
29611 : 141;
29612 : 100;
29613 : 86;
29614 : 57;
29615 : 42;
29616 : 34;
29617 : 42;
29618 : 49;
29619 : 86;
29620 : 34;
29621 : 179;
29622 : 170;
29623 : 113;
29624 : 86;
29625 : 57;
29626 : 57;
29627 : 42;
29628 : 57;
29629 : 57;
29630 : 57;
29631 : 49;
29632 : 68;
29633 : 68;
29634 : 57;
29635 : 68;
29636 : 68;
29637 : 57;
29638 : 49;
29639 : 42;
29640 : 49;
29641 : 42;
29642 : 49;
29643 : 49;
29644 : 49;
29645 : 42;
29646 : 49;
29647 : 77;
29648 : 130;
29649 : 148;
29650 : 141;
29651 : 130;
29652 : 135;
29653 : 148;
29654 : 162;
29655 : 162;
29656 : 162;
29657 : 162;
29658 : 155;
29659 : 155;
29660 : 155;
29661 : 155;
29662 : 148;
29663 : 148;
29664 : 148;
29665 : 148;
29666 : 148;
29667 : 148;
29668 : 148;
29669 : 148;
29670 : 148;
29671 : 148;
29672 : 148;
29673 : 148;
29674 : 148;
29675 : 148;
29676 : 148;
29677 : 155;
29678 : 155;
29679 : 162;
29680 : 155;
29681 : 162;
29682 : 155;
29683 : 155;
29684 : 155;
29685 : 155;
29686 : 155;
29687 : 155;
29688 : 155;
29689 : 155;
29690 : 155;
29691 : 148;
29692 : 155;
29693 : 148;
29694 : 155;
29695 : 148;
29696 : 106;
29697 : 106;
29698 : 106;
29699 : 100;
29700 : 100;
29701 : 100;
29702 : 100;
29703 : 94;
29704 : 94;
29705 : 94;
29706 : 94;
29707 : 86;
29708 : 94;
29709 : 106;
29710 : 125;
29711 : 141;
29712 : 148;
29713 : 155;
29714 : 170;
29715 : 170;
29716 : 170;
29717 : 179;
29718 : 179;
29719 : 179;
29720 : 170;
29721 : 170;
29722 : 179;
29723 : 170;
29724 : 155;
29725 : 148;
29726 : 125;
29727 : 106;
29728 : 86;
29729 : 77;
29730 : 77;
29731 : 77;
29732 : 94;
29733 : 94;
29734 : 100;
29735 : 86;
29736 : 100;
29737 : 100;
29738 : 100;
29739 : 100;
29740 : 106;
29741 : 106;
29742 : 106;
29743 : 100;
29744 : 100;
29745 : 100;
29746 : 100;
29747 : 106;
29748 : 100;
29749 : 106;
29750 : 120;
29751 : 125;
29752 : 113;
29753 : 113;
29754 : 120;
29755 : 125;
29756 : 120;
29757 : 120;
29758 : 120;
29759 : 120;
29760 : 113;
29761 : 113;
29762 : 113;
29763 : 120;
29764 : 222;
29765 : 170;
29766 : 120;
29767 : 120;
29768 : 113;
29769 : 120;
29770 : 135;
29771 : 120;
29772 : 130;
29773 : 135;
29774 : 130;
29775 : 120;
29776 : 120;
29777 : 86;
29778 : 94;
29779 : 42;
29780 : 49;
29781 : 49;
29782 : 94;
29783 : 77;
29784 : 42;
29785 : 42;
29786 : 42;
29787 : 42;
29788 : 94;
29789 : 77;
29790 : 57;
29791 : 49;
29792 : 68;
29793 : 68;
29794 : 49;
29795 : 42;
29796 : 57;
29797 : 49;
29798 : 42;
29799 : 57;
29800 : 68;
29801 : 57;
29802 : 42;
29803 : 49;
29804 : 106;
29805 : 77;
29806 : 77;
29807 : 42;
29808 : 34;
29809 : 34;
29810 : 141;
29811 : 34;
29812 : 34;
29813 : 113;
29814 : 162;
29815 : 120;
29816 : 113;
29817 : 148;
29818 : 170;
29819 : 162;
29820 : 179;
29821 : 179;
29822 : 200;
29823 : 179;
29824 : 179;
29825 : 179;
29826 : 148;
29827 : 135;
29828 : 162;
29829 : 179;
29830 : 200;
29831 : 192;
29832 : 170;
29833 : 162;
29834 : 162;
29835 : 170;
29836 : 155;
29837 : 155;
29838 : 162;
29839 : 155;
29840 : 170;
29841 : 170;
29842 : 170;
29843 : 170;
29844 : 179;
29845 : 179;
29846 : 192;
29847 : 192;
29848 : 192;
29849 : 200;
29850 : 200;
29851 : 192;
29852 : 200;
29853 : 200;
29854 : 200;
29855 : 200;
29856 : 206;
29857 : 206;
29858 : 206;
29859 : 206;
29860 : 212;
29861 : 212;
29862 : 212;
29863 : 212;
29864 : 212;
29865 : 200;
29866 : 192;
29867 : 155;
29868 : 120;
29869 : 86;
29870 : 77;
29871 : 49;
29872 : 42;
29873 : 42;
29874 : 49;
29875 : 57;
29876 : 57;
29877 : 179;
29878 : 170;
29879 : 141;
29880 : 113;
29881 : 42;
29882 : 49;
29883 : 49;
29884 : 57;
29885 : 57;
29886 : 57;
29887 : 57;
29888 : 49;
29889 : 57;
29890 : 57;
29891 : 57;
29892 : 77;
29893 : 57;
29894 : 49;
29895 : 49;
29896 : 49;
29897 : 49;
29898 : 57;
29899 : 57;
29900 : 49;
29901 : 49;
29902 : 49;
29903 : 106;
29904 : 141;
29905 : 148;
29906 : 135;
29907 : 130;
29908 : 141;
29909 : 155;
29910 : 170;
29911 : 162;
29912 : 162;
29913 : 162;
29914 : 162;
29915 : 162;
29916 : 170;
29917 : 155;
29918 : 155;
29919 : 155;
29920 : 155;
29921 : 155;
29922 : 155;
29923 : 155;
29924 : 148;
29925 : 148;
29926 : 148;
29927 : 148;
29928 : 141;
29929 : 148;
29930 : 148;
29931 : 141;
29932 : 141;
29933 : 148;
29934 : 148;
29935 : 148;
29936 : 148;
29937 : 155;
29938 : 155;
29939 : 155;
29940 : 155;
29941 : 155;
29942 : 148;
29943 : 148;
29944 : 155;
29945 : 148;
29946 : 155;
29947 : 162;
29948 : 155;
29949 : 148;
29950 : 155;
29951 : 148;
29952 : 100;
29953 : 100;
29954 : 100;
29955 : 94;
29956 : 106;
29957 : 100;
29958 : 94;
29959 : 100;
29960 : 94;
29961 : 94;
29962 : 94;
29963 : 86;
29964 : 94;
29965 : 113;
29966 : 125;
29967 : 141;
29968 : 148;
29969 : 162;
29970 : 162;
29971 : 170;
29972 : 170;
29973 : 179;
29974 : 170;
29975 : 179;
29976 : 179;
29977 : 170;
29978 : 170;
29979 : 162;
29980 : 155;
29981 : 148;
29982 : 135;
29983 : 106;
29984 : 86;
29985 : 77;
29986 : 77;
29987 : 86;
29988 : 94;
29989 : 94;
29990 : 94;
29991 : 100;
29992 : 94;
29993 : 100;
29994 : 106;
29995 : 100;
29996 : 106;
29997 : 106;
29998 : 106;
29999 : 100;
30000 : 106;
30001 : 100;
30002 : 106;
30003 : 106;
30004 : 106;
30005 : 106;
30006 : 106;
30007 : 120;
30008 : 113;
30009 : 125;
30010 : 113;
30011 : 120;
30012 : 120;
30013 : 120;
30014 : 113;
30015 : 125;
30016 : 120;
30017 : 113;
30018 : 120;
30019 : 120;
30020 : 155;
30021 : 148;
30022 : 125;
30023 : 113;
30024 : 106;
30025 : 141;
30026 : 130;
30027 : 135;
30028 : 125;
30029 : 135;
30030 : 135;
30031 : 135;
30032 : 94;
30033 : 68;
30034 : 42;
30035 : 68;
30036 : 42;
30037 : 68;
30038 : 100;
30039 : 42;
30040 : 42;
30041 : 57;
30042 : 42;
30043 : 42;
30044 : 49;
30045 : 106;
30046 : 57;
30047 : 49;
30048 : 57;
30049 : 77;
30050 : 49;
30051 : 57;
30052 : 49;
30053 : 42;
30054 : 42;
30055 : 86;
30056 : 49;
30057 : 77;
30058 : 49;
30059 : 49;
30060 : 68;
30061 : 49;
30062 : 86;
30063 : 34;
30064 : 34;
30065 : 34;
30066 : 125;
30067 : 86;
30068 : 86;
30069 : 162;
30070 : 120;
30071 : 120;
30072 : 135;
30073 : 170;
30074 : 162;
30075 : 170;
30076 : 170;
30077 : 179;
30078 : 192;
30079 : 179;
30080 : 192;
30081 : 179;
30082 : 155;
30083 : 120;
30084 : 170;
30085 : 192;
30086 : 192;
30087 : 170;
30088 : 162;
30089 : 155;
30090 : 162;
30091 : 155;
30092 : 155;
30093 : 162;
30094 : 155;
30095 : 162;
30096 : 170;
30097 : 170;
30098 : 179;
30099 : 179;
30100 : 179;
30101 : 170;
30102 : 179;
30103 : 192;
30104 : 192;
30105 : 192;
30106 : 192;
30107 : 200;
30108 : 206;
30109 : 192;
30110 : 200;
30111 : 200;
30112 : 206;
30113 : 200;
30114 : 206;
30115 : 212;
30116 : 212;
30117 : 206;
30118 : 212;
30119 : 212;
30120 : 212;
30121 : 206;
30122 : 192;
30123 : 155;
30124 : 130;
30125 : 94;
30126 : 77;
30127 : 57;
30128 : 42;
30129 : 42;
30130 : 34;
30131 : 42;
30132 : 94;
30133 : 130;
30134 : 170;
30135 : 179;
30136 : 120;
30137 : 49;
30138 : 57;
30139 : 34;
30140 : 57;
30141 : 57;
30142 : 57;
30143 : 57;
30144 : 68;
30145 : 57;
30146 : 57;
30147 : 57;
30148 : 49;
30149 : 57;
30150 : 57;
30151 : 49;
30152 : 49;
30153 : 57;
30154 : 49;
30155 : 49;
30156 : 34;
30157 : 42;
30158 : 68;
30159 : 113;
30160 : 141;
30161 : 141;
30162 : 135;
30163 : 130;
30164 : 148;
30165 : 162;
30166 : 170;
30167 : 162;
30168 : 162;
30169 : 162;
30170 : 162;
30171 : 162;
30172 : 162;
30173 : 162;
30174 : 162;
30175 : 162;
30176 : 155;
30177 : 155;
30178 : 155;
30179 : 148;
30180 : 155;
30181 : 155;
30182 : 155;
30183 : 155;
30184 : 141;
30185 : 148;
30186 : 141;
30187 : 148;
30188 : 148;
30189 : 148;
30190 : 148;
30191 : 148;
30192 : 148;
30193 : 148;
30194 : 148;
30195 : 148;
30196 : 155;
30197 : 155;
30198 : 162;
30199 : 148;
30200 : 148;
30201 : 155;
30202 : 148;
30203 : 155;
30204 : 155;
30205 : 155;
30206 : 148;
30207 : 148;
30208 : 100;
30209 : 106;
30210 : 106;
30211 : 100;
30212 : 100;
30213 : 100;
30214 : 100;
30215 : 94;
30216 : 100;
30217 : 100;
30218 : 94;
30219 : 86;
30220 : 94;
30221 : 106;
30222 : 125;
30223 : 135;
30224 : 148;
30225 : 155;
30226 : 162;
30227 : 170;
30228 : 170;
30229 : 179;
30230 : 170;
30231 : 170;
30232 : 179;
30233 : 170;
30234 : 170;
30235 : 162;
30236 : 155;
30237 : 148;
30238 : 130;
30239 : 106;
30240 : 86;
30241 : 77;
30242 : 77;
30243 : 86;
30244 : 86;
30245 : 94;
30246 : 94;
30247 : 94;
30248 : 100;
30249 : 100;
30250 : 100;
30251 : 100;
30252 : 100;
30253 : 100;
30254 : 100;
30255 : 100;
30256 : 106;
30257 : 100;
30258 : 100;
30259 : 100;
30260 : 106;
30261 : 106;
30262 : 113;
30263 : 113;
30264 : 120;
30265 : 113;
30266 : 113;
30267 : 113;
30268 : 113;
30269 : 113;
30270 : 113;
30271 : 113;
30272 : 100;
30273 : 120;
30274 : 135;
30275 : 135;
30276 : 106;
30277 : 141;
30278 : 106;
30279 : 113;
30280 : 125;
30281 : 130;
30282 : 141;
30283 : 141;
30284 : 125;
30285 : 130;
30286 : 125;
30287 : 94;
30288 : 77;
30289 : 49;
30290 : 68;
30291 : 49;
30292 : 34;
30293 : 34;
30294 : 120;
30295 : 57;
30296 : 34;
30297 : 86;
30298 : 49;
30299 : 42;
30300 : 34;
30301 : 49;
30302 : 68;
30303 : 42;
30304 : 100;
30305 : 57;
30306 : 34;
30307 : 42;
30308 : 57;
30309 : 42;
30310 : 42;
30311 : 100;
30312 : 34;
30313 : 86;
30314 : 49;
30315 : 34;
30316 : 49;
30317 : 49;
30318 : 130;
30319 : 34;
30320 : 34;
30321 : 34;
30322 : 34;
30323 : 100;
30324 : 141;
30325 : 135;
30326 : 106;
30327 : 130;
30328 : 179;
30329 : 162;
30330 : 162;
30331 : 162;
30332 : 162;
30333 : 179;
30334 : 192;
30335 : 179;
30336 : 179;
30337 : 179;
30338 : 170;
30339 : 125;
30340 : 179;
30341 : 192;
30342 : 179;
30343 : 162;
30344 : 155;
30345 : 155;
30346 : 148;
30347 : 162;
30348 : 155;
30349 : 162;
30350 : 162;
30351 : 162;
30352 : 170;
30353 : 179;
30354 : 170;
30355 : 179;
30356 : 170;
30357 : 179;
30358 : 179;
30359 : 192;
30360 : 192;
30361 : 192;
30362 : 200;
30363 : 192;
30364 : 200;
30365 : 200;
30366 : 200;
30367 : 200;
30368 : 200;
30369 : 206;
30370 : 206;
30371 : 206;
30372 : 206;
30373 : 206;
30374 : 212;
30375 : 212;
30376 : 212;
30377 : 212;
30378 : 200;
30379 : 170;
30380 : 135;
30381 : 100;
30382 : 86;
30383 : 57;
30384 : 42;
30385 : 42;
30386 : 42;
30387 : 49;
30388 : 100;
30389 : 100;
30390 : 170;
30391 : 192;
30392 : 86;
30393 : 49;
30394 : 57;
30395 : 42;
30396 : 57;
30397 : 68;
30398 : 57;
30399 : 57;
30400 : 57;
30401 : 68;
30402 : 57;
30403 : 68;
30404 : 57;
30405 : 49;
30406 : 49;
30407 : 49;
30408 : 57;
30409 : 49;
30410 : 57;
30411 : 42;
30412 : 42;
30413 : 68;
30414 : 113;
30415 : 135;
30416 : 148;
30417 : 135;
30418 : 135;
30419 : 141;
30420 : 148;
30421 : 162;
30422 : 162;
30423 : 162;
30424 : 162;
30425 : 162;
30426 : 162;
30427 : 162;
30428 : 155;
30429 : 162;
30430 : 162;
30431 : 170;
30432 : 162;
30433 : 162;
30434 : 162;
30435 : 162;
30436 : 162;
30437 : 155;
30438 : 155;
30439 : 155;
30440 : 148;
30441 : 148;
30442 : 148;
30443 : 141;
30444 : 148;
30445 : 148;
30446 : 141;
30447 : 148;
30448 : 141;
30449 : 148;
30450 : 141;
30451 : 141;
30452 : 148;
30453 : 148;
30454 : 141;
30455 : 155;
30456 : 148;
30457 : 155;
30458 : 155;
30459 : 155;
30460 : 155;
30461 : 148;
30462 : 148;
30463 : 155;
30464 : 100;
30465 : 106;
30466 : 100;
30467 : 106;
30468 : 100;
30469 : 106;
30470 : 100;
30471 : 94;
30472 : 94;
30473 : 100;
30474 : 94;
30475 : 86;
30476 : 94;
30477 : 106;
30478 : 120;
30479 : 141;
30480 : 148;
30481 : 155;
30482 : 170;
30483 : 170;
30484 : 170;
30485 : 170;
30486 : 179;
30487 : 179;
30488 : 170;
30489 : 179;
30490 : 170;
30491 : 162;
30492 : 155;
30493 : 141;
30494 : 130;
30495 : 106;
30496 : 86;
30497 : 77;
30498 : 68;
30499 : 86;
30500 : 86;
30501 : 86;
30502 : 94;
30503 : 100;
30504 : 100;
30505 : 100;
30506 : 106;
30507 : 100;
30508 : 106;
30509 : 106;
30510 : 100;
30511 : 106;
30512 : 100;
30513 : 100;
30514 : 100;
30515 : 106;
30516 : 106;
30517 : 106;
30518 : 113;
30519 : 113;
30520 : 120;
30521 : 120;
30522 : 120;
30523 : 120;
30524 : 113;
30525 : 120;
30526 : 113;
30527 : 113;
30528 : 120;
30529 : 120;
30530 : 141;
30531 : 86;
30532 : 77;
30533 : 120;
30534 : 120;
30535 : 113;
30536 : 130;
30537 : 130;
30538 : 130;
30539 : 130;
30540 : 120;
30541 : 130;
30542 : 120;
30543 : 100;
30544 : 68;
30545 : 42;
30546 : 100;
30547 : 34;
30548 : 34;
30549 : 34;
30550 : 125;
30551 : 68;
30552 : 68;
30553 : 34;
30554 : 49;
30555 : 57;
30556 : 49;
30557 : 49;
30558 : 49;
30559 : 106;
30560 : 68;
30561 : 57;
30562 : 34;
30563 : 42;
30564 : 57;
30565 : 34;
30566 : 57;
30567 : 113;
30568 : 34;
30569 : 68;
30570 : 94;
30571 : 68;
30572 : 49;
30573 : 49;
30574 : 130;
30575 : 49;
30576 : 34;
30577 : 34;
30578 : 42;
30579 : 113;
30580 : 130;
30581 : 94;
30582 : 130;
30583 : 179;
30584 : 162;
30585 : 162;
30586 : 155;
30587 : 162;
30588 : 162;
30589 : 170;
30590 : 192;
30591 : 192;
30592 : 192;
30593 : 179;
30594 : 170;
30595 : 162;
30596 : 179;
30597 : 170;
30598 : 170;
30599 : 162;
30600 : 155;
30601 : 155;
30602 : 170;
30603 : 162;
30604 : 162;
30605 : 162;
30606 : 170;
30607 : 162;
30608 : 170;
30609 : 170;
30610 : 170;
30611 : 179;
30612 : 179;
30613 : 179;
30614 : 179;
30615 : 179;
30616 : 192;
30617 : 192;
30618 : 200;
30619 : 200;
30620 : 192;
30621 : 200;
30622 : 200;
30623 : 200;
30624 : 200;
30625 : 206;
30626 : 200;
30627 : 206;
30628 : 206;
30629 : 206;
30630 : 212;
30631 : 212;
30632 : 212;
30633 : 206;
30634 : 200;
30635 : 179;
30636 : 135;
30637 : 100;
30638 : 100;
30639 : 68;
30640 : 42;
30641 : 34;
30642 : 42;
30643 : 49;
30644 : 94;
30645 : 77;
30646 : 170;
30647 : 170;
30648 : 100;
30649 : 42;
30650 : 57;
30651 : 49;
30652 : 57;
30653 : 49;
30654 : 57;
30655 : 57;
30656 : 57;
30657 : 68;
30658 : 68;
30659 : 57;
30660 : 57;
30661 : 49;
30662 : 49;
30663 : 49;
30664 : 49;
30665 : 57;
30666 : 57;
30667 : 42;
30668 : 49;
30669 : 68;
30670 : 120;
30671 : 135;
30672 : 141;
30673 : 135;
30674 : 135;
30675 : 141;
30676 : 155;
30677 : 162;
30678 : 162;
30679 : 162;
30680 : 162;
30681 : 162;
30682 : 162;
30683 : 162;
30684 : 162;
30685 : 162;
30686 : 162;
30687 : 162;
30688 : 170;
30689 : 162;
30690 : 162;
30691 : 162;
30692 : 155;
30693 : 155;
30694 : 155;
30695 : 155;
30696 : 148;
30697 : 155;
30698 : 148;
30699 : 148;
30700 : 141;
30701 : 148;
30702 : 141;
30703 : 148;
30704 : 141;
30705 : 141;
30706 : 141;
30707 : 141;
30708 : 141;
30709 : 141;
30710 : 141;
30711 : 141;
30712 : 148;
30713 : 148;
30714 : 155;
30715 : 148;
30716 : 148;
30717 : 155;
30718 : 148;
30719 : 155;
30720 : 100;
30721 : 100;
30722 : 100;
30723 : 100;
30724 : 100;
30725 : 94;
30726 : 100;
30727 : 100;
30728 : 94;
30729 : 94;
30730 : 86;
30731 : 86;
30732 : 94;
30733 : 106;
30734 : 125;
30735 : 141;
30736 : 148;
30737 : 162;
30738 : 162;
30739 : 170;
30740 : 170;
30741 : 179;
30742 : 170;
30743 : 179;
30744 : 170;
30745 : 179;
30746 : 170;
30747 : 170;
30748 : 162;
30749 : 148;
30750 : 130;
30751 : 106;
30752 : 86;
30753 : 77;
30754 : 77;
30755 : 77;
30756 : 86;
30757 : 86;
30758 : 100;
30759 : 94;
30760 : 100;
30761 : 100;
30762 : 100;
30763 : 94;
30764 : 100;
30765 : 100;
30766 : 106;
30767 : 106;
30768 : 100;
30769 : 106;
30770 : 106;
30771 : 100;
30772 : 106;
30773 : 113;
30774 : 106;
30775 : 106;
30776 : 120;
30777 : 113;
30778 : 120;
30779 : 120;
30780 : 113;
30781 : 120;
30782 : 120;
30783 : 120;
30784 : 120;
30785 : 130;
30786 : 148;
30787 : 113;
30788 : 135;
30789 : 170;
30790 : 200;
30791 : 113;
30792 : 113;
30793 : 135;
30794 : 130;
30795 : 130;
30796 : 113;
30797 : 120;
30798 : 113;
30799 : 86;
30800 : 49;
30801 : 68;
30802 : 120;
30803 : 42;
30804 : 34;
30805 : 42;
30806 : 135;
30807 : 77;
30808 : 34;
30809 : 42;
30810 : 57;
30811 : 49;
30812 : 77;
30813 : 77;
30814 : 120;
30815 : 68;
30816 : 68;
30817 : 49;
30818 : 42;
30819 : 42;
30820 : 57;
30821 : 34;
30822 : 68;
30823 : 34;
30824 : 42;
30825 : 57;
30826 : 125;
30827 : 57;
30828 : 42;
30829 : 125;
30830 : 34;
30831 : 42;
30832 : 49;
30833 : 34;
30834 : 130;
30835 : 155;
30836 : 86;
30837 : 106;
30838 : 192;
30839 : 155;
30840 : 170;
30841 : 162;
30842 : 170;
30843 : 155;
30844 : 162;
30845 : 179;
30846 : 192;
30847 : 192;
30848 : 179;
30849 : 179;
30850 : 179;
30851 : 179;
30852 : 179;
30853 : 179;
30854 : 162;
30855 : 148;
30856 : 162;
30857 : 162;
30858 : 162;
30859 : 162;
30860 : 170;
30861 : 162;
30862 : 170;
30863 : 170;
30864 : 179;
30865 : 179;
30866 : 179;
30867 : 179;
30868 : 179;
30869 : 170;
30870 : 179;
30871 : 192;
30872 : 179;
30873 : 192;
30874 : 192;
30875 : 192;
30876 : 200;
30877 : 192;
30878 : 192;
30879 : 200;
30880 : 200;
30881 : 200;
30882 : 206;
30883 : 200;
30884 : 206;
30885 : 206;
30886 : 212;
30887 : 206;
30888 : 206;
30889 : 206;
30890 : 206;
30891 : 179;
30892 : 148;
30893 : 106;
30894 : 86;
30895 : 57;
30896 : 34;
30897 : 42;
30898 : 49;
30899 : 49;
30900 : 86;
30901 : 57;
30902 : 179;
30903 : 179;
30904 : 100;
30905 : 49;
30906 : 77;
30907 : 57;
30908 : 68;
30909 : 57;
30910 : 57;
30911 : 68;
30912 : 57;
30913 : 57;
30914 : 68;
30915 : 57;
30916 : 49;
30917 : 49;
30918 : 68;
30919 : 49;
30920 : 49;
30921 : 57;
30922 : 42;
30923 : 42;
30924 : 57;
30925 : 86;
30926 : 120;
30927 : 141;
30928 : 135;
30929 : 130;
30930 : 130;
30931 : 148;
30932 : 162;
30933 : 162;
30934 : 162;
30935 : 162;
30936 : 170;
30937 : 162;
30938 : 155;
30939 : 162;
30940 : 162;
30941 : 162;
30942 : 162;
30943 : 162;
30944 : 162;
30945 : 170;
30946 : 162;
30947 : 162;
30948 : 162;
30949 : 155;
30950 : 155;
30951 : 155;
30952 : 155;
30953 : 155;
30954 : 148;
30955 : 148;
30956 : 141;
30957 : 148;
30958 : 148;
30959 : 141;
30960 : 141;
30961 : 141;
30962 : 148;
30963 : 141;
30964 : 141;
30965 : 148;
30966 : 141;
30967 : 148;
30968 : 141;
30969 : 148;
30970 : 141;
30971 : 148;
30972 : 148;
30973 : 148;
30974 : 155;
30975 : 148;
30976 : 94;
30977 : 106;
30978 : 100;
30979 : 106;
30980 : 94;
30981 : 100;
30982 : 100;
30983 : 100;
30984 : 100;
30985 : 94;
30986 : 94;
30987 : 86;
30988 : 94;
30989 : 106;
30990 : 130;
30991 : 141;
30992 : 148;
30993 : 155;
30994 : 162;
30995 : 170;
30996 : 170;
30997 : 179;
30998 : 170;
30999 : 179;
31000 : 170;
31001 : 179;
31002 : 170;
31003 : 170;
31004 : 155;
31005 : 148;
31006 : 135;
31007 : 106;
31008 : 86;
31009 : 77;
31010 : 77;
31011 : 77;
31012 : 86;
31013 : 94;
31014 : 94;
31015 : 100;
31016 : 100;
31017 : 100;
31018 : 106;
31019 : 106;
31020 : 113;
31021 : 100;
31022 : 100;
31023 : 100;
31024 : 100;
31025 : 106;
31026 : 100;
31027 : 100;
31028 : 106;
31029 : 106;
31030 : 113;
31031 : 113;
31032 : 113;
31033 : 120;
31034 : 113;
31035 : 125;
31036 : 120;
31037 : 120;
31038 : 125;
31039 : 120;
31040 : 130;
31041 : 120;
31042 : 200;
31043 : 77;
31044 : 130;
31045 : 148;
31046 : 179;
31047 : 125;
31048 : 125;
31049 : 125;
31050 : 130;
31051 : 130;
31052 : 113;
31053 : 135;
31054 : 106;
31055 : 42;
31056 : 49;
31057 : 68;
31058 : 135;
31059 : 34;
31060 : 34;
31061 : 42;
31062 : 141;
31063 : 106;
31064 : 34;
31065 : 49;
31066 : 42;
31067 : 49;
31068 : 86;
31069 : 100;
31070 : 68;
31071 : 57;
31072 : 49;
31073 : 34;
31074 : 42;
31075 : 42;
31076 : 49;
31077 : 42;
31078 : 100;
31079 : 42;
31080 : 34;
31081 : 49;
31082 : 100;
31083 : 34;
31084 : 49;
31085 : 57;
31086 : 49;
31087 : 57;
31088 : 49;
31089 : 86;
31090 : 162;
31091 : 86;
31092 : 86;
31093 : 192;
31094 : 179;
31095 : 162;
31096 : 170;
31097 : 179;
31098 : 162;
31099 : 155;
31100 : 162;
31101 : 179;
31102 : 192;
31103 : 192;
31104 : 192;
31105 : 192;
31106 : 179;
31107 : 179;
31108 : 179;
31109 : 94;
31110 : 100;
31111 : 120;
31112 : 135;
31113 : 148;
31114 : 155;
31115 : 162;
31116 : 162;
31117 : 170;
31118 : 162;
31119 : 179;
31120 : 179;
31121 : 179;
31122 : 179;
31123 : 170;
31124 : 179;
31125 : 179;
31126 : 179;
31127 : 179;
31128 : 179;
31129 : 192;
31130 : 192;
31131 : 200;
31132 : 192;
31133 : 192;
31134 : 200;
31135 : 192;
31136 : 200;
31137 : 200;
31138 : 200;
31139 : 200;
31140 : 206;
31141 : 200;
31142 : 206;
31143 : 212;
31144 : 206;
31145 : 206;
31146 : 206;
31147 : 179;
31148 : 148;
31149 : 100;
31150 : 57;
31151 : 57;
31152 : 42;
31153 : 42;
31154 : 34;
31155 : 42;
31156 : 57;
31157 : 42;
31158 : 179;
31159 : 179;
31160 : 130;
31161 : 68;
31162 : 68;
31163 : 49;
31164 : 57;
31165 : 57;
31166 : 57;
31167 : 57;
31168 : 68;
31169 : 57;
31170 : 57;
31171 : 57;
31172 : 49;
31173 : 49;
31174 : 57;
31175 : 49;
31176 : 49;
31177 : 57;
31178 : 42;
31179 : 42;
31180 : 68;
31181 : 106;
31182 : 130;
31183 : 135;
31184 : 135;
31185 : 130;
31186 : 141;
31187 : 148;
31188 : 162;
31189 : 162;
31190 : 162;
31191 : 162;
31192 : 155;
31193 : 162;
31194 : 162;
31195 : 162;
31196 : 155;
31197 : 162;
31198 : 155;
31199 : 170;
31200 : 162;
31201 : 162;
31202 : 170;
31203 : 162;
31204 : 162;
31205 : 162;
31206 : 162;
31207 : 162;
31208 : 155;
31209 : 155;
31210 : 155;
31211 : 155;
31212 : 148;
31213 : 155;
31214 : 141;
31215 : 148;
31216 : 141;
31217 : 141;
31218 : 148;
31219 : 141;
31220 : 148;
31221 : 141;
31222 : 141;
31223 : 141;
31224 : 141;
31225 : 141;
31226 : 141;
31227 : 141;
31228 : 141;
31229 : 141;
31230 : 141;
31231 : 148;
31232 : 100;
31233 : 94;
31234 : 100;
31235 : 100;
31236 : 94;
31237 : 100;
31238 : 100;
31239 : 94;
31240 : 100;
31241 : 100;
31242 : 94;
31243 : 86;
31244 : 86;
31245 : 106;
31246 : 125;
31247 : 141;
31248 : 148;
31249 : 162;
31250 : 162;
31251 : 170;
31252 : 170;
31253 : 179;
31254 : 170;
31255 : 179;
31256 : 179;
31257 : 179;
31258 : 170;
31259 : 170;
31260 : 155;
31261 : 148;
31262 : 130;
31263 : 106;
31264 : 86;
31265 : 77;
31266 : 77;
31267 : 77;
31268 : 86;
31269 : 94;
31270 : 86;
31271 : 94;
31272 : 100;
31273 : 106;
31274 : 106;
31275 : 100;
31276 : 100;
31277 : 86;
31278 : 100;
31279 : 100;
31280 : 100;
31281 : 100;
31282 : 100;
31283 : 106;
31284 : 106;
31285 : 106;
31286 : 113;
31287 : 120;
31288 : 120;
31289 : 120;
31290 : 120;
31291 : 120;
31292 : 120;
31293 : 120;
31294 : 120;
31295 : 222;
31296 : 200;
31297 : 162;
31298 : 49;
31299 : 34;
31300 : 34;
31301 : 34;
31302 : 42;
31303 : 130;
31304 : 135;
31305 : 120;
31306 : 130;
31307 : 106;
31308 : 113;
31309 : 86;
31310 : 68;
31311 : 57;
31312 : 100;
31313 : 86;
31314 : 57;
31315 : 34;
31316 : 42;
31317 : 77;
31318 : 130;
31319 : 34;
31320 : 34;
31321 : 57;
31322 : 49;
31323 : 57;
31324 : 49;
31325 : 49;
31326 : 49;
31327 : 49;
31328 : 49;
31329 : 42;
31330 : 49;
31331 : 49;
31332 : 49;
31333 : 49;
31334 : 68;
31335 : 42;
31336 : 42;
31337 : 113;
31338 : 113;
31339 : 42;
31340 : 100;
31341 : 49;
31342 : 42;
31343 : 34;
31344 : 42;
31345 : 141;
31346 : 113;
31347 : 100;
31348 : 148;
31349 : 179;
31350 : 170;
31351 : 170;
31352 : 179;
31353 : 179;
31354 : 162;
31355 : 155;
31356 : 155;
31357 : 179;
31358 : 192;
31359 : 192;
31360 : 192;
31361 : 192;
31362 : 192;
31363 : 141;
31364 : 57;
31365 : 86;
31366 : 94;
31367 : 106;
31368 : 100;
31369 : 120;
31370 : 130;
31371 : 135;
31372 : 135;
31373 : 148;
31374 : 170;
31375 : 170;
31376 : 179;
31377 : 179;
31378 : 179;
31379 : 179;
31380 : 170;
31381 : 179;
31382 : 170;
31383 : 179;
31384 : 179;
31385 : 179;
31386 : 192;
31387 : 192;
31388 : 192;
31389 : 192;
31390 : 192;
31391 : 192;
31392 : 192;
31393 : 192;
31394 : 200;
31395 : 200;
31396 : 200;
31397 : 206;
31398 : 206;
31399 : 206;
31400 : 200;
31401 : 200;
31402 : 179;
31403 : 162;
31404 : 135;
31405 : 77;
31406 : 57;
31407 : 49;
31408 : 42;
31409 : 34;
31410 : 34;
31411 : 42;
31412 : 57;
31413 : 42;
31414 : 179;
31415 : 179;
31416 : 141;
31417 : 57;
31418 : 49;
31419 : 68;
31420 : 57;
31421 : 49;
31422 : 57;
31423 : 57;
31424 : 68;
31425 : 68;
31426 : 77;
31427 : 49;
31428 : 49;
31429 : 49;
31430 : 49;
31431 : 49;
31432 : 49;
31433 : 49;
31434 : 49;
31435 : 42;
31436 : 68;
31437 : 113;
31438 : 135;
31439 : 135;
31440 : 130;
31441 : 130;
31442 : 148;
31443 : 162;
31444 : 155;
31445 : 162;
31446 : 162;
31447 : 162;
31448 : 162;
31449 : 155;
31450 : 155;
31451 : 162;
31452 : 162;
31453 : 162;
31454 : 155;
31455 : 162;
31456 : 155;
31457 : 162;
31458 : 162;
31459 : 162;
31460 : 162;
31461 : 162;
31462 : 155;
31463 : 155;
31464 : 155;
31465 : 155;
31466 : 155;
31467 : 155;
31468 : 155;
31469 : 148;
31470 : 148;
31471 : 148;
31472 : 148;
31473 : 148;
31474 : 148;
31475 : 148;
31476 : 141;
31477 : 148;
31478 : 141;
31479 : 141;
31480 : 141;
31481 : 141;
31482 : 141;
31483 : 141;
31484 : 141;
31485 : 141;
31486 : 141;
31487 : 141;
31488 : 100;
31489 : 100;
31490 : 100;
31491 : 100;
31492 : 106;
31493 : 100;
31494 : 94;
31495 : 100;
31496 : 100;
31497 : 94;
31498 : 94;
31499 : 94;
31500 : 94;
31501 : 100;
31502 : 125;
31503 : 135;
31504 : 148;
31505 : 162;
31506 : 162;
31507 : 170;
31508 : 179;
31509 : 179;
31510 : 179;
31511 : 170;
31512 : 179;
31513 : 170;
31514 : 170;
31515 : 162;
31516 : 155;
31517 : 148;
31518 : 125;
31519 : 106;
31520 : 86;
31521 : 77;
31522 : 68;
31523 : 86;
31524 : 86;
31525 : 86;
31526 : 94;
31527 : 94;
31528 : 100;
31529 : 94;
31530 : 100;
31531 : 106;
31532 : 100;
31533 : 106;
31534 : 106;
31535 : 106;
31536 : 100;
31537 : 100;
31538 : 106;
31539 : 100;
31540 : 106;
31541 : 113;
31542 : 106;
31543 : 113;
31544 : 120;
31545 : 113;
31546 : 120;
31547 : 120;
31548 : 125;
31549 : 120;
31550 : 120;
31551 : 222;
31552 : 77;
31553 : 34;
31554 : 49;
31555 : 34;
31556 : 42;
31557 : 34;
31558 : 94;
31559 : 148;
31560 : 222;
31561 : 206;
31562 : 120;
31563 : 86;
31564 : 113;
31565 : 68;
31566 : 49;
31567 : 57;
31568 : 68;
31569 : 135;
31570 : 34;
31571 : 49;
31572 : 42;
31573 : 94;
31574 : 135;
31575 : 34;
31576 : 42;
31577 : 57;
31578 : 34;
31579 : 49;
31580 : 57;
31581 : 57;
31582 : 57;
31583 : 57;
31584 : 42;
31585 : 49;
31586 : 57;
31587 : 42;
31588 : 49;
31589 : 68;
31590 : 94;
31591 : 42;
31592 : 57;
31593 : 86;
31594 : 106;
31595 : 34;
31596 : 94;
31597 : 34;
31598 : 34;
31599 : 34;
31600 : 141;
31601 : 130;
31602 : 94;
31603 : 135;
31604 : 192;
31605 : 170;
31606 : 170;
31607 : 179;
31608 : 192;
31609 : 192;
31610 : 148;
31611 : 148;
31612 : 155;
31613 : 192;
31614 : 192;
31615 : 192;
31616 : 192;
31617 : 206;
31618 : 100;
31619 : 100;
31620 : 120;
31621 : 120;
31622 : 120;
31623 : 100;
31624 : 106;
31625 : 86;
31626 : 77;
31627 : 86;
31628 : 106;
31629 : 113;
31630 : 135;
31631 : 155;
31632 : 170;
31633 : 179;
31634 : 179;
31635 : 179;
31636 : 179;
31637 : 179;
31638 : 179;
31639 : 170;
31640 : 179;
31641 : 179;
31642 : 192;
31643 : 192;
31644 : 192;
31645 : 192;
31646 : 179;
31647 : 192;
31648 : 192;
31649 : 200;
31650 : 200;
31651 : 200;
31652 : 200;
31653 : 206;
31654 : 206;
31655 : 206;
31656 : 192;
31657 : 179;
31658 : 148;
31659 : 130;
31660 : 94;
31661 : 68;
31662 : 57;
31663 : 49;
31664 : 42;
31665 : 34;
31666 : 42;
31667 : 34;
31668 : 68;
31669 : 49;
31670 : 120;
31671 : 179;
31672 : 141;
31673 : 86;
31674 : 57;
31675 : 57;
31676 : 77;
31677 : 57;
31678 : 57;
31679 : 57;
31680 : 68;
31681 : 57;
31682 : 49;
31683 : 49;
31684 : 49;
31685 : 49;
31686 : 49;
31687 : 57;
31688 : 57;
31689 : 49;
31690 : 42;
31691 : 49;
31692 : 86;
31693 : 125;
31694 : 135;
31695 : 141;
31696 : 135;
31697 : 130;
31698 : 155;
31699 : 162;
31700 : 162;
31701 : 155;
31702 : 162;
31703 : 155;
31704 : 162;
31705 : 155;
31706 : 155;
31707 : 162;
31708 : 155;
31709 : 155;
31710 : 162;
31711 : 162;
31712 : 155;
31713 : 162;
31714 : 162;
31715 : 155;
31716 : 162;
31717 : 162;
31718 : 162;
31719 : 155;
31720 : 155;
31721 : 155;
31722 : 155;
31723 : 155;
31724 : 155;
31725 : 155;
31726 : 155;
31727 : 155;
31728 : 148;
31729 : 155;
31730 : 148;
31731 : 148;
31732 : 148;
31733 : 141;
31734 : 141;
31735 : 141;
31736 : 141;
31737 : 141;
31738 : 141;
31739 : 141;
31740 : 135;
31741 : 141;
31742 : 135;
31743 : 135;
31744 : 100;
31745 : 106;
31746 : 106;
31747 : 100;
31748 : 100;
31749 : 94;
31750 : 100;
31751 : 100;
31752 : 100;
31753 : 100;
31754 : 94;
31755 : 86;
31756 : 86;
31757 : 106;
31758 : 130;
31759 : 148;
31760 : 155;
31761 : 155;
31762 : 170;
31763 : 170;
31764 : 170;
31765 : 179;
31766 : 179;
31767 : 179;
31768 : 179;
31769 : 179;
31770 : 170;
31771 : 170;
31772 : 155;
31773 : 148;
31774 : 135;
31775 : 106;
31776 : 86;
31777 : 77;
31778 : 77;
31779 : 86;
31780 : 86;
31781 : 86;
31782 : 100;
31783 : 94;
31784 : 94;
31785 : 100;
31786 : 100;
31787 : 100;
31788 : 100;
31789 : 100;
31790 : 106;
31791 : 100;
31792 : 100;
31793 : 100;
31794 : 100;
31795 : 106;
31796 : 106;
31797 : 100;
31798 : 113;
31799 : 120;
31800 : 113;
31801 : 120;
31802 : 120;
31803 : 125;
31804 : 120;
31805 : 130;
31806 : 141;
31807 : 192;
31808 : 162;
31809 : 68;
31810 : 57;
31811 : 42;
31812 : 34;
31813 : 42;
31814 : 130;
31815 : 179;
31816 : 120;
31817 : 135;
31818 : 113;
31819 : 68;
31820 : 86;
31821 : 68;
31822 : 57;
31823 : 86;
31824 : 86;
31825 : 57;
31826 : 42;
31827 : 34;
31828 : 94;
31829 : 86;
31830 : 148;
31831 : 34;
31832 : 34;
31833 : 34;
31834 : 42;
31835 : 77;
31836 : 77;
31837 : 57;
31838 : 42;
31839 : 77;
31840 : 49;
31841 : 42;
31842 : 42;
31843 : 34;
31844 : 42;
31845 : 42;
31846 : 68;
31847 : 100;
31848 : 34;
31849 : 113;
31850 : 77;
31851 : 34;
31852 : 77;
31853 : 34;
31854 : 49;
31855 : 120;
31856 : 155;
31857 : 100;
31858 : 113;
31859 : 192;
31860 : 162;
31861 : 179;
31862 : 179;
31863 : 192;
31864 : 200;
31865 : 179;
31866 : 148;
31867 : 155;
31868 : 170;
31869 : 192;
31870 : 200;
31871 : 192;
31872 : 200;
31873 : 113;
31874 : 130;
31875 : 141;
31876 : 155;
31877 : 148;
31878 : 148;
31879 : 148;
31880 : 130;
31881 : 120;
31882 : 94;
31883 : 68;
31884 : 68;
31885 : 57;
31886 : 68;
31887 : 86;
31888 : 141;
31889 : 155;
31890 : 170;
31891 : 179;
31892 : 170;
31893 : 179;
31894 : 170;
31895 : 170;
31896 : 179;
31897 : 179;
31898 : 192;
31899 : 192;
31900 : 192;
31901 : 200;
31902 : 192;
31903 : 192;
31904 : 192;
31905 : 192;
31906 : 192;
31907 : 200;
31908 : 200;
31909 : 192;
31910 : 192;
31911 : 179;
31912 : 148;
31913 : 113;
31914 : 100;
31915 : 94;
31916 : 77;
31917 : 68;
31918 : 57;
31919 : 57;
31920 : 42;
31921 : 42;
31922 : 42;
31923 : 49;
31924 : 57;
31925 : 57;
31926 : 125;
31927 : 192;
31928 : 148;
31929 : 94;
31930 : 57;
31931 : 57;
31932 : 57;
31933 : 57;
31934 : 68;
31935 : 57;
31936 : 68;
31937 : 57;
31938 : 57;
31939 : 57;
31940 : 49;
31941 : 42;
31942 : 49;
31943 : 57;
31944 : 57;
31945 : 49;
31946 : 49;
31947 : 57;
31948 : 86;
31949 : 141;
31950 : 141;
31951 : 135;
31952 : 130;
31953 : 141;
31954 : 155;
31955 : 162;
31956 : 162;
31957 : 162;
31958 : 162;
31959 : 155;
31960 : 155;
31961 : 155;
31962 : 155;
31963 : 162;
31964 : 155;
31965 : 155;
31966 : 155;
31967 : 155;
31968 : 155;
31969 : 155;
31970 : 155;
31971 : 155;
31972 : 155;
31973 : 162;
31974 : 155;
31975 : 155;
31976 : 155;
31977 : 155;
31978 : 155;
31979 : 155;
31980 : 155;
31981 : 148;
31982 : 148;
31983 : 155;
31984 : 155;
31985 : 162;
31986 : 155;
31987 : 155;
31988 : 155;
31989 : 148;
31990 : 141;
31991 : 141;
31992 : 141;
31993 : 141;
31994 : 141;
31995 : 141;
31996 : 141;
31997 : 130;
31998 : 135;
31999 : 135;
32000 : 106;
32001 : 106;
32002 : 100;
32003 : 100;
32004 : 106;
32005 : 106;
32006 : 100;
32007 : 100;
32008 : 100;
32009 : 100;
32010 : 94;
32011 : 94;
32012 : 94;
32013 : 100;
32014 : 125;
32015 : 135;
32016 : 148;
32017 : 155;
32018 : 170;
32019 : 179;
32020 : 179;
32021 : 170;
32022 : 179;
32023 : 179;
32024 : 179;
32025 : 179;
32026 : 179;
32027 : 170;
32028 : 155;
32029 : 148;
32030 : 135;
32031 : 106;
32032 : 86;
32033 : 77;
32034 : 86;
32035 : 86;
32036 : 86;
32037 : 94;
32038 : 94;
32039 : 100;
32040 : 100;
32041 : 106;
32042 : 106;
32043 : 106;
32044 : 106;
32045 : 100;
32046 : 100;
32047 : 100;
32048 : 100;
32049 : 100;
32050 : 100;
32051 : 100;
32052 : 106;
32053 : 106;
32054 : 100;
32055 : 113;
32056 : 113;
32057 : 113;
32058 : 113;
32059 : 120;
32060 : 135;
32061 : 141;
32062 : 135;
32063 : 135;
32064 : 162;
32065 : 49;
32066 : 57;
32067 : 42;
32068 : 34;
32069 : 34;
32070 : 135;
32071 : 130;
32072 : 100;
32073 : 86;
32074 : 100;
32075 : 57;
32076 : 86;
32077 : 57;
32078 : 68;
32079 : 94;
32080 : 94;
32081 : 49;
32082 : 42;
32083 : 68;
32084 : 94;
32085 : 57;
32086 : 141;
32087 : 49;
32088 : 34;
32089 : 49;
32090 : 68;
32091 : 77;
32092 : 57;
32093 : 57;
32094 : 68;
32095 : 94;
32096 : 68;
32097 : 49;
32098 : 42;
32099 : 42;
32100 : 34;
32101 : 42;
32102 : 42;
32103 : 77;
32104 : 106;
32105 : 86;
32106 : 34;
32107 : 100;
32108 : 42;
32109 : 34;
32110 : 42;
32111 : 162;
32112 : 135;
32113 : 94;
32114 : 192;
32115 : 170;
32116 : 170;
32117 : 179;
32118 : 192;
32119 : 200;
32120 : 192;
32121 : 162;
32122 : 148;
32123 : 170;
32124 : 192;
32125 : 192;
32126 : 200;
32127 : 192;
32128 : 113;
32129 : 120;
32130 : 135;
32131 : 148;
32132 : 155;
32133 : 141;
32134 : 155;
32135 : 162;
32136 : 162;
32137 : 141;
32138 : 125;
32139 : 120;
32140 : 100;
32141 : 86;
32142 : 68;
32143 : 57;
32144 : 68;
32145 : 77;
32146 : 135;
32147 : 162;
32148 : 170;
32149 : 170;
32150 : 170;
32151 : 170;
32152 : 170;
32153 : 179;
32154 : 179;
32155 : 200;
32156 : 192;
32157 : 192;
32158 : 179;
32159 : 192;
32160 : 200;
32161 : 192;
32162 : 192;
32163 : 192;
32164 : 179;
32165 : 162;
32166 : 100;
32167 : 86;
32168 : 86;
32169 : 86;
32170 : 86;
32171 : 113;
32172 : 120;
32173 : 106;
32174 : 106;
32175 : 86;
32176 : 49;
32177 : 49;
32178 : 42;
32179 : 34;
32180 : 49;
32181 : 68;
32182 : 130;
32183 : 179;
32184 : 141;
32185 : 125;
32186 : 57;
32187 : 49;
32188 : 49;
32189 : 68;
32190 : 68;
32191 : 57;
32192 : 68;
32193 : 57;
32194 : 49;
32195 : 42;
32196 : 49;
32197 : 57;
32198 : 49;
32199 : 57;
32200 : 68;
32201 : 57;
32202 : 49;
32203 : 57;
32204 : 113;
32205 : 135;
32206 : 135;
32207 : 130;
32208 : 130;
32209 : 148;
32210 : 155;
32211 : 162;
32212 : 162;
32213 : 162;
32214 : 155;
32215 : 162;
32216 : 155;
32217 : 155;
32218 : 155;
32219 : 155;
32220 : 155;
32221 : 155;
32222 : 155;
32223 : 155;
32224 : 155;
32225 : 162;
32226 : 155;
32227 : 155;
32228 : 155;
32229 : 155;
32230 : 155;
32231 : 155;
32232 : 155;
32233 : 155;
32234 : 155;
32235 : 155;
32236 : 148;
32237 : 155;
32238 : 155;
32239 : 155;
32240 : 155;
32241 : 155;
32242 : 155;
32243 : 155;
32244 : 155;
32245 : 148;
32246 : 148;
32247 : 155;
32248 : 141;
32249 : 141;
32250 : 141;
32251 : 141;
32252 : 135;
32253 : 135;
32254 : 135;
32255 : 130;
32256 : 100;
32257 : 94;
32258 : 100;
32259 : 100;
32260 : 106;
32261 : 106;
32262 : 106;
32263 : 100;
32264 : 100;
32265 : 100;
32266 : 94;
32267 : 86;
32268 : 86;
32269 : 106;
32270 : 125;
32271 : 135;
32272 : 148;
32273 : 155;
32274 : 162;
32275 : 170;
32276 : 179;
32277 : 170;
32278 : 179;
32279 : 170;
32280 : 179;
32281 : 179;
32282 : 179;
32283 : 170;
32284 : 155;
32285 : 148;
32286 : 130;
32287 : 113;
32288 : 86;
32289 : 77;
32290 : 77;
32291 : 86;
32292 : 86;
32293 : 94;
32294 : 94;
32295 : 94;
32296 : 100;
32297 : 106;
32298 : 100;
32299 : 100;
32300 : 100;
32301 : 100;
32302 : 100;
32303 : 94;
32304 : 94;
32305 : 100;
32306 : 100;
32307 : 113;
32308 : 106;
32309 : 100;
32310 : 106;
32311 : 106;
32312 : 113;
32313 : 113;
32314 : 113;
32315 : 141;
32316 : 155;
32317 : 155;
32318 : 141;
32319 : 141;
32320 : 170;
32321 : 77;
32322 : 49;
32323 : 125;
32324 : 57;
32325 : 34;
32326 : 141;
32327 : 125;
32328 : 113;
32329 : 77;
32330 : 86;
32331 : 57;
32332 : 68;
32333 : 49;
32334 : 77;
32335 : 100;
32336 : 49;
32337 : 57;
32338 : 49;
32339 : 130;
32340 : 86;
32341 : 34;
32342 : 77;
32343 : 148;
32344 : 42;
32345 : 42;
32346 : 49;
32347 : 57;
32348 : 42;
32349 : 34;
32350 : 42;
32351 : 86;
32352 : 106;
32353 : 49;
32354 : 34;
32355 : 42;
32356 : 42;
32357 : 49;
32358 : 34;
32359 : 49;
32360 : 57;
32361 : 120;
32362 : 42;
32363 : 42;
32364 : 34;
32365 : 34;
32366 : 125;
32367 : 141;
32368 : 113;
32369 : 170;
32370 : 179;
32371 : 170;
32372 : 170;
32373 : 179;
32374 : 192;
32375 : 200;
32376 : 179;
32377 : 155;
32378 : 155;
32379 : 179;
32380 : 192;
32381 : 200;
32382 : 148;
32383 : 113;
32384 : 120;
32385 : 125;
32386 : 125;
32387 : 135;
32388 : 130;
32389 : 130;
32390 : 57;
32391 : 162;
32392 : 155;
32393 : 141;
32394 : 135;
32395 : 120;
32396 : 113;
32397 : 106;
32398 : 94;
32399 : 94;
32400 : 77;
32401 : 94;
32402 : 113;
32403 : 141;
32404 : 162;
32405 : 162;
32406 : 170;
32407 : 162;
32408 : 170;
32409 : 179;
32410 : 179;
32411 : 192;
32412 : 192;
32413 : 192;
32414 : 192;
32415 : 192;
32416 : 192;
32417 : 179;
32418 : 179;
32419 : 179;
32420 : 125;
32421 : 86;
32422 : 86;
32423 : 100;
32424 : 106;
32425 : 113;
32426 : 120;
32427 : 135;
32428 : 120;
32429 : 100;
32430 : 100;
32431 : 77;
32432 : 57;
32433 : 57;
32434 : 42;
32435 : 49;
32436 : 49;
32437 : 68;
32438 : 100;
32439 : 179;
32440 : 148;
32441 : 113;
32442 : 49;
32443 : 49;
32444 : 57;
32445 : 77;
32446 : 57;
32447 : 57;
32448 : 68;
32449 : 68;
32450 : 49;
32451 : 49;
32452 : 68;
32453 : 49;
32454 : 49;
32455 : 49;
32456 : 57;
32457 : 57;
32458 : 57;
32459 : 68;
32460 : 120;
32461 : 141;
32462 : 135;
32463 : 135;
32464 : 135;
32465 : 148;
32466 : 162;
32467 : 155;
32468 : 162;
32469 : 155;
32470 : 162;
32471 : 155;
32472 : 155;
32473 : 155;
32474 : 162;
32475 : 162;
32476 : 155;
32477 : 162;
32478 : 148;
32479 : 155;
32480 : 155;
32481 : 155;
32482 : 162;
32483 : 155;
32484 : 162;
32485 : 162;
32486 : 162;
32487 : 155;
32488 : 155;
32489 : 155;
32490 : 148;
32491 : 155;
32492 : 155;
32493 : 155;
32494 : 155;
32495 : 155;
32496 : 155;
32497 : 155;
32498 : 155;
32499 : 155;
32500 : 155;
32501 : 155;
32502 : 148;
32503 : 155;
32504 : 148;
32505 : 148;
32506 : 141;
32507 : 141;
32508 : 135;
32509 : 130;
32510 : 135;
32511 : 130;
32512 : 100;
32513 : 106;
32514 : 106;
32515 : 106;
32516 : 106;
32517 : 106;
32518 : 106;
32519 : 100;
32520 : 100;
32521 : 94;
32522 : 86;
32523 : 94;
32524 : 86;
32525 : 106;
32526 : 130;
32527 : 141;
32528 : 148;
32529 : 155;
32530 : 162;
32531 : 170;
32532 : 179;
32533 : 170;
32534 : 179;
32535 : 179;
32536 : 179;
32537 : 179;
32538 : 170;
32539 : 170;
32540 : 162;
32541 : 148;
32542 : 135;
32543 : 113;
32544 : 94;
32545 : 77;
32546 : 77;
32547 : 86;
32548 : 86;
32549 : 86;
32550 : 94;
32551 : 100;
32552 : 106;
32553 : 100;
32554 : 100;
32555 : 100;
32556 : 106;
32557 : 100;
32558 : 106;
32559 : 100;
32560 : 94;
32561 : 100;
32562 : 100;
32563 : 100;
32564 : 100;
32565 : 106;
32566 : 106;
32567 : 106;
32568 : 106;
32569 : 113;
32570 : 130;
32571 : 148;
32572 : 155;
32573 : 155;
32574 : 155;
32575 : 148;
32576 : 179;
32577 : 179;
32578 : 135;
32579 : 179;
32580 : 135;
32581 : 125;
32582 : 125;
32583 : 120;
32584 : 148;
32585 : 49;
32586 : 57;
32587 : 34;
32588 : 57;
32589 : 77;
32590 : 86;
32591 : 130;
32592 : 68;
32593 : 77;
32594 : 77;
32595 : 113;
32596 : 34;
32597 : 34;
32598 : 49;
32599 : 106;
32600 : 34;
32601 : 49;
32602 : 34;
32603 : 86;
32604 : 49;
32605 : 34;
32606 : 34;
32607 : 77;
32608 : 106;
32609 : 34;
32610 : 42;
32611 : 42;
32612 : 42;
32613 : 49;
32614 : 42;
32615 : 42;
32616 : 34;
32617 : 34;
32618 : 86;
32619 : 34;
32620 : 34;
32621 : 100;
32622 : 162;
32623 : 106;
32624 : 135;
32625 : 192;
32626 : 162;
32627 : 170;
32628 : 179;
32629 : 192;
32630 : 200;
32631 : 192;
32632 : 179;
32633 : 170;
32634 : 179;
32635 : 192;
32636 : 212;
32637 : 100;
32638 : 100;
32639 : 106;
32640 : 106;
32641 : 94;
32642 : 100;
32643 : 106;
32644 : 113;
32645 : 86;
32646 : 49;
32647 : 113;
32648 : 135;
32649 : 77;
32650 : 113;
32651 : 68;
32652 : 106;
32653 : 125;
32654 : 94;
32655 : 113;
32656 : 106;
32657 : 113;
32658 : 106;
32659 : 130;
32660 : 148;
32661 : 155;
32662 : 155;
32663 : 162;
32664 : 162;
32665 : 170;
32666 : 179;
32667 : 200;
32668 : 192;
32669 : 192;
32670 : 192;
32671 : 192;
32672 : 192;
32673 : 179;
32674 : 162;
32675 : 135;
32676 : 120;
32677 : 130;
32678 : 113;
32679 : 120;
32680 : 100;
32681 : 94;
32682 : 57;
32683 : 100;
32684 : 100;
32685 : 77;
32686 : 77;
32687 : 68;
32688 : 68;
32689 : 57;
32690 : 42;
32691 : 42;
32692 : 57;
32693 : 77;
32694 : 106;
32695 : 179;
32696 : 141;
32697 : 106;
32698 : 106;
32699 : 42;
32700 : 49;
32701 : 94;
32702 : 57;
32703 : 57;
32704 : 68;
32705 : 57;
32706 : 49;
32707 : 42;
32708 : 49;
32709 : 57;
32710 : 49;
32711 : 57;
32712 : 49;
32713 : 49;
32714 : 57;
32715 : 94;
32716 : 130;
32717 : 141;
32718 : 135;
32719 : 130;
32720 : 135;
32721 : 162;
32722 : 155;
32723 : 162;
32724 : 162;
32725 : 155;
32726 : 155;
32727 : 155;
32728 : 155;
32729 : 155;
32730 : 155;
32731 : 155;
32732 : 162;
32733 : 155;
32734 : 155;
32735 : 155;
32736 : 155;
32737 : 162;
32738 : 155;
32739 : 155;
32740 : 155;
32741 : 155;
32742 : 155;
32743 : 155;
32744 : 155;
32745 : 155;
32746 : 155;
32747 : 148;
32748 : 155;
32749 : 155;
32750 : 148;
32751 : 155;
32752 : 155;
32753 : 155;
32754 : 162;
32755 : 155;
32756 : 155;
32757 : 155;
32758 : 148;
32759 : 148;
32760 : 155;
32761 : 148;
32762 : 148;
32763 : 148;
32764 : 135;
32765 : 135;
32766 : 135;
32767 : 130;
32768 : 106;
32769 : 100;
32770 : 100;
32771 : 106;
32772 : 100;
32773 : 100;
32774 : 100;
32775 : 100;
32776 : 100;
32777 : 94;
32778 : 94;
32779 : 86;
32780 : 86;
32781 : 100;
32782 : 125;
32783 : 141;
32784 : 148;
32785 : 162;
32786 : 170;
32787 : 170;
32788 : 179;
32789 : 179;
32790 : 170;
32791 : 179;
32792 : 170;
32793 : 179;
32794 : 170;
32795 : 162;
32796 : 162;
32797 : 148;
32798 : 135;
32799 : 113;
32800 : 86;
32801 : 68;
32802 : 77;
32803 : 77;
32804 : 86;
32805 : 86;
32806 : 94;
32807 : 100;
32808 : 100;
32809 : 100;
32810 : 100;
32811 : 106;
32812 : 100;
32813 : 100;
32814 : 100;
32815 : 100;
32816 : 94;
32817 : 94;
32818 : 94;
32819 : 94;
32820 : 100;
32821 : 100;
32822 : 106;
32823 : 120;
32824 : 130;
32825 : 155;
32826 : 141;
32827 : 148;
32828 : 155;
32829 : 155;
32830 : 162;
32831 : 155;
32832 : 155;
32833 : 155;
32834 : 135;
32835 : 179;
32836 : 155;
32837 : 57;
32838 : 68;
32839 : 42;
32840 : 42;
32841 : 49;
32842 : 86;
32843 : 49;
32844 : 77;
32845 : 86;
32846 : 125;
32847 : 34;
32848 : 68;
32849 : 86;
32850 : 77;
32851 : 113;
32852 : 34;
32853 : 34;
32854 : 49;
32855 : 57;
32856 : 57;
32857 : 42;
32858 : 49;
32859 : 100;
32860 : 42;
32861 : 34;
32862 : 42;
32863 : 49;
32864 : 94;
32865 : 94;
32866 : 34;
32867 : 42;
32868 : 49;
32869 : 42;
32870 : 42;
32871 : 49;
32872 : 49;
32873 : 34;
32874 : 34;
32875 : 34;
32876 : 34;
32877 : 141;
32878 : 113;
32879 : 94;
32880 : 192;
32881 : 170;
32882 : 170;
32883 : 179;
32884 : 192;
32885 : 200;
32886 : 206;
32887 : 192;
32888 : 179;
32889 : 179;
32890 : 192;
32891 : 222;
32892 : 68;
32893 : 86;
32894 : 94;
32895 : 77;
32896 : 68;
32897 : 86;
32898 : 68;
32899 : 57;
32900 : 57;
32901 : 49;
32902 : 42;
32903 : 49;
32904 : 49;
32905 : 49;
32906 : 42;
32907 : 49;
32908 : 77;
32909 : 100;
32910 : 120;
32911 : 130;
32912 : 120;
32913 : 120;
32914 : 120;
32915 : 130;
32916 : 135;
32917 : 148;
32918 : 162;
32919 : 155;
32920 : 162;
32921 : 170;
32922 : 179;
32923 : 192;
32924 : 192;
32925 : 192;
32926 : 192;
32927 : 192;
32928 : 192;
32929 : 179;
32930 : 155;
32931 : 141;
32932 : 100;
32933 : 100;
32934 : 57;
32935 : 49;
32936 : 49;
32937 : 49;
32938 : 49;
32939 : 57;
32940 : 57;
32941 : 57;
32942 : 68;
32943 : 68;
32944 : 77;
32945 : 42;
32946 : 49;
32947 : 34;
32948 : 42;
32949 : 86;
32950 : 77;
32951 : 179;
32952 : 162;
32953 : 120;
32954 : 77;
32955 : 49;
32956 : 49;
32957 : 94;
32958 : 57;
32959 : 68;
32960 : 57;
32961 : 49;
32962 : 49;
32963 : 49;
32964 : 49;
32965 : 49;
32966 : 49;
32967 : 49;
32968 : 42;
32969 : 42;
32970 : 57;
32971 : 113;
32972 : 141;
32973 : 135;
32974 : 135;
32975 : 125;
32976 : 148;
32977 : 155;
32978 : 162;
32979 : 162;
32980 : 162;
32981 : 155;
32982 : 155;
32983 : 155;
32984 : 155;
32985 : 155;
32986 : 155;
32987 : 162;
32988 : 155;
32989 : 148;
32990 : 155;
32991 : 155;
32992 : 155;
32993 : 155;
32994 : 155;
32995 : 155;
32996 : 155;
32997 : 155;
32998 : 162;
32999 : 155;
33000 : 148;
33001 : 155;
33002 : 148;
33003 : 155;
33004 : 155;
33005 : 155;
33006 : 148;
33007 : 155;
33008 : 155;
33009 : 155;
33010 : 155;
33011 : 155;
33012 : 155;
33013 : 148;
33014 : 148;
33015 : 148;
33016 : 148;
33017 : 148;
33018 : 141;
33019 : 141;
33020 : 141;
33021 : 135;
33022 : 141;
33023 : 130;
33024 : 100;
33025 : 106;
33026 : 100;
33027 : 100;
33028 : 100;
33029 : 100;
33030 : 100;
33031 : 100;
33032 : 94;
33033 : 100;
33034 : 86;
33035 : 86;
33036 : 86;
33037 : 106;
33038 : 125;
33039 : 135;
33040 : 148;
33041 : 155;
33042 : 162;
33043 : 170;
33044 : 179;
33045 : 179;
33046 : 179;
33047 : 179;
33048 : 179;
33049 : 179;
33050 : 170;
33051 : 170;
33052 : 162;
33053 : 141;
33054 : 130;
33055 : 113;
33056 : 86;
33057 : 77;
33058 : 77;
33059 : 86;
33060 : 86;
33061 : 86;
33062 : 94;
33063 : 94;
33064 : 100;
33065 : 106;
33066 : 100;
33067 : 100;
33068 : 100;
33069 : 100;
33070 : 100;
33071 : 100;
33072 : 100;
33073 : 94;
33074 : 100;
33075 : 94;
33076 : 94;
33077 : 94;
33078 : 130;
33079 : 148;
33080 : 192;
33081 : 125;
33082 : 148;
33083 : 148;
33084 : 148;
33085 : 155;
33086 : 155;
33087 : 155;
33088 : 155;
33089 : 148;
33090 : 94;
33091 : 100;
33092 : 141;
33093 : 68;
33094 : 42;
33095 : 34;
33096 : 34;
33097 : 68;
33098 : 113;
33099 : 77;
33100 : 94;
33101 : 135;
33102 : 100;
33103 : 57;
33104 : 68;
33105 : 106;
33106 : 86;
33107 : 125;
33108 : 34;
33109 : 34;
33110 : 34;
33111 : 42;
33112 : 77;
33113 : 42;
33114 : 42;
33115 : 113;
33116 : 42;
33117 : 42;
33118 : 42;
33119 : 34;
33120 : 34;
33121 : 125;
33122 : 125;
33123 : 34;
33124 : 42;
33125 : 34;
33126 : 42;
33127 : 49;
33128 : 34;
33129 : 42;
33130 : 34;
33131 : 34;
33132 : 130;
33133 : 162;
33134 : 106;
33135 : 179;
33136 : 179;
33137 : 170;
33138 : 179;
33139 : 179;
33140 : 192;
33141 : 200;
33142 : 192;
33143 : 179;
33144 : 179;
33145 : 192;
33146 : 222;
33147 : 49;
33148 : 68;
33149 : 68;
33150 : 68;
33151 : 57;
33152 : 49;
33153 : 49;
33154 : 49;
33155 : 49;
33156 : 49;
33157 : 49;
33158 : 49;
33159 : 49;
33160 : 57;
33161 : 68;
33162 : 49;
33163 : 34;
33164 : 42;
33165 : 49;
33166 : 148;
33167 : 141;
33168 : 130;
33169 : 135;
33170 : 125;
33171 : 130;
33172 : 141;
33173 : 141;
33174 : 148;
33175 : 155;
33176 : 162;
33177 : 170;
33178 : 179;
33179 : 192;
33180 : 192;
33181 : 200;
33182 : 200;
33183 : 200;
33184 : 179;
33185 : 170;
33186 : 125;
33187 : 49;
33188 : 49;
33189 : 49;
33190 : 49;
33191 : 49;
33192 : 49;
33193 : 49;
33194 : 49;
33195 : 57;
33196 : 57;
33197 : 57;
33198 : 57;
33199 : 68;
33200 : 49;
33201 : 42;
33202 : 42;
33203 : 34;
33204 : 42;
33205 : 77;
33206 : 57;
33207 : 170;
33208 : 162;
33209 : 106;
33210 : 86;
33211 : 68;
33212 : 49;
33213 : 77;
33214 : 57;
33215 : 57;
33216 : 57;
33217 : 42;
33218 : 42;
33219 : 49;
33220 : 49;
33221 : 57;
33222 : 57;
33223 : 57;
33224 : 42;
33225 : 34;
33226 : 57;
33227 : 120;
33228 : 148;
33229 : 135;
33230 : 130;
33231 : 135;
33232 : 148;
33233 : 162;
33234 : 155;
33235 : 162;
33236 : 155;
33237 : 162;
33238 : 155;
33239 : 155;
33240 : 155;
33241 : 155;
33242 : 148;
33243 : 155;
33244 : 155;
33245 : 155;
33246 : 162;
33247 : 155;
33248 : 155;
33249 : 155;
33250 : 155;
33251 : 155;
33252 : 155;
33253 : 155;
33254 : 155;
33255 : 155;
33256 : 155;
33257 : 155;
33258 : 155;
33259 : 155;
33260 : 155;
33261 : 148;
33262 : 155;
33263 : 155;
33264 : 148;
33265 : 155;
33266 : 155;
33267 : 155;
33268 : 148;
33269 : 148;
33270 : 141;
33271 : 148;
33272 : 141;
33273 : 148;
33274 : 141;
33275 : 148;
33276 : 135;
33277 : 135;
33278 : 135;
33279 : 135;
33280 : 94;
33281 : 100;
33282 : 100;
33283 : 94;
33284 : 100;
33285 : 94;
33286 : 94;
33287 : 94;
33288 : 94;
33289 : 86;
33290 : 77;
33291 : 77;
33292 : 86;
33293 : 100;
33294 : 113;
33295 : 135;
33296 : 148;
33297 : 155;
33298 : 162;
33299 : 170;
33300 : 179;
33301 : 170;
33302 : 179;
33303 : 170;
33304 : 179;
33305 : 170;
33306 : 170;
33307 : 162;
33308 : 155;
33309 : 148;
33310 : 141;
33311 : 113;
33312 : 86;
33313 : 68;
33314 : 68;
33315 : 68;
33316 : 86;
33317 : 86;
33318 : 86;
33319 : 94;
33320 : 94;
33321 : 94;
33322 : 100;
33323 : 100;
33324 : 100;
33325 : 100;
33326 : 94;
33327 : 100;
33328 : 94;
33329 : 94;
33330 : 94;
33331 : 86;
33332 : 94;
33333 : 113;
33334 : 179;
33335 : 206;
33336 : 206;
33337 : 113;
33338 : 141;
33339 : 148;
33340 : 148;
33341 : 155;
33342 : 155;
33343 : 155;
33344 : 141;
33345 : 113;
33346 : 86;
33347 : 49;
33348 : 86;
33349 : 49;
33350 : 34;
33351 : 34;
33352 : 57;
33353 : 120;
33354 : 113;
33355 : 68;
33356 : 100;
33357 : 100;
33358 : 57;
33359 : 86;
33360 : 77;
33361 : 68;
33362 : 106;
33363 : 120;
33364 : 34;
33365 : 49;
33366 : 49;
33367 : 57;
33368 : 34;
33369 : 86;
33370 : 34;
33371 : 141;
33372 : 42;
33373 : 42;
33374 : 34;
33375 : 34;
33376 : 34;
33377 : 49;
33378 : 120;
33379 : 113;
33380 : 68;
33381 : 34;
33382 : 34;
33383 : 42;
33384 : 34;
33385 : 42;
33386 : 34;
33387 : 57;
33388 : 162;
33389 : 94;
33390 : 141;
33391 : 200;
33392 : 170;
33393 : 170;
33394 : 179;
33395 : 179;
33396 : 200;
33397 : 200;
33398 : 192;
33399 : 192;
33400 : 192;
33401 : 206;
33402 : 68;
33403 : 68;
33404 : 68;
33405 : 57;
33406 : 49;
33407 : 49;
33408 : 49;
33409 : 57;
33410 : 49;
33411 : 42;
33412 : 42;
33413 : 42;
33414 : 49;
33415 : 57;
33416 : 125;
33417 : 86;
33418 : 57;
33419 : 42;
33420 : 49;
33421 : 34;
33422 : 57;
33423 : 120;
33424 : 141;
33425 : 135;
33426 : 125;
33427 : 130;
33428 : 141;
33429 : 141;
33430 : 148;
33431 : 155;
33432 : 162;
33433 : 170;
33434 : 192;
33435 : 200;
33436 : 200;
33437 : 206;
33438 : 206;
33439 : 200;
33440 : 162;
33441 : 57;
33442 : 57;
33443 : 57;
33444 : 49;
33445 : 57;
33446 : 49;
33447 : 86;
33448 : 68;
33449 : 57;
33450 : 49;
33451 : 49;
33452 : 68;
33453 : 57;
33454 : 57;
33455 : 57;
33456 : 49;
33457 : 42;
33458 : 42;
33459 : 42;
33460 : 49;
33461 : 68;
33462 : 57;
33463 : 170;
33464 : 162;
33465 : 86;
33466 : 94;
33467 : 68;
33468 : 57;
33469 : 86;
33470 : 57;
33471 : 57;
33472 : 49;
33473 : 49;
33474 : 49;
33475 : 49;
33476 : 49;
33477 : 49;
33478 : 49;
33479 : 49;
33480 : 49;
33481 : 42;
33482 : 86;
33483 : 130;
33484 : 141;
33485 : 135;
33486 : 135;
33487 : 148;
33488 : 162;
33489 : 162;
33490 : 162;
33491 : 155;
33492 : 155;
33493 : 155;
33494 : 148;
33495 : 155;
33496 : 155;
33497 : 155;
33498 : 155;
33499 : 155;
33500 : 155;
33501 : 155;
33502 : 155;
33503 : 155;
33504 : 155;
33505 : 155;
33506 : 155;
33507 : 162;
33508 : 155;
33509 : 155;
33510 : 155;
33511 : 148;
33512 : 155;
33513 : 155;
33514 : 155;
33515 : 148;
33516 : 155;
33517 : 155;
33518 : 148;
33519 : 148;
33520 : 148;
33521 : 148;
33522 : 155;
33523 : 148;
33524 : 148;
33525 : 141;
33526 : 148;
33527 : 141;
33528 : 141;
33529 : 141;
33530 : 141;
33531 : 141;
33532 : 135;
33533 : 141;
33534 : 135;
33535 : 135;
33536 : 100;
33537 : 94;
33538 : 100;
33539 : 94;
33540 : 94;
33541 : 100;
33542 : 94;
33543 : 94;
33544 : 86;
33545 : 86;
33546 : 86;
33547 : 77;
33548 : 77;
33549 : 100;
33550 : 125;
33551 : 135;
33552 : 148;
33553 : 155;
33554 : 162;
33555 : 179;
33556 : 179;
33557 : 170;
33558 : 179;
33559 : 179;
33560 : 179;
33561 : 179;
33562 : 179;
33563 : 162;
33564 : 155;
33565 : 148;
33566 : 130;
33567 : 113;
33568 : 86;
33569 : 77;
33570 : 68;
33571 : 77;
33572 : 86;
33573 : 86;
33574 : 100;
33575 : 86;
33576 : 100;
33577 : 94;
33578 : 94;
33579 : 100;
33580 : 100;
33581 : 100;
33582 : 94;
33583 : 94;
33584 : 94;
33585 : 86;
33586 : 86;
33587 : 77;
33588 : 86;
33589 : 222;
33590 : 179;
33591 : 206;
33592 : 179;
33593 : 125;
33594 : 141;
33595 : 148;
33596 : 148;
33597 : 155;
33598 : 148;
33599 : 94;
33600 : 141;
33601 : 100;
33602 : 57;
33603 : 86;
33604 : 42;
33605 : 42;
33606 : 34;
33607 : 34;
33608 : 148;
33609 : 106;
33610 : 42;
33611 : 57;
33612 : 113;
33613 : 34;
33614 : 49;
33615 : 86;
33616 : 100;
33617 : 77;
33618 : 155;
33619 : 100;
33620 : 34;
33621 : 34;
33622 : 49;
33623 : 68;
33624 : 49;
33625 : 57;
33626 : 49;
33627 : 141;
33628 : 34;
33629 : 42;
33630 : 49;
33631 : 42;
33632 : 42;
33633 : 42;
33634 : 68;
33635 : 106;
33636 : 94;
33637 : 113;
33638 : 34;
33639 : 42;
33640 : 34;
33641 : 34;
33642 : 34;
33643 : 155;
33644 : 130;
33645 : 94;
33646 : 206;
33647 : 170;
33648 : 162;
33649 : 179;
33650 : 179;
33651 : 179;
33652 : 200;
33653 : 192;
33654 : 200;
33655 : 192;
33656 : 206;
33657 : 68;
33658 : 68;
33659 : 77;
33660 : 68;
33661 : 42;
33662 : 49;
33663 : 49;
33664 : 49;
33665 : 42;
33666 : 57;
33667 : 49;
33668 : 49;
33669 : 77;
33670 : 68;
33671 : 141;
33672 : 200;
33673 : 179;
33674 : 113;
33675 : 49;
33676 : 34;
33677 : 42;
33678 : 42;
33679 : 77;
33680 : 130;
33681 : 130;
33682 : 125;
33683 : 125;
33684 : 135;
33685 : 141;
33686 : 148;
33687 : 148;
33688 : 162;
33689 : 170;
33690 : 179;
33691 : 200;
33692 : 206;
33693 : 206;
33694 : 206;
33695 : 179;
33696 : 49;
33697 : 49;
33698 : 42;
33699 : 42;
33700 : 57;
33701 : 86;
33702 : 94;
33703 : 179;
33704 : 141;
33705 : 100;
33706 : 42;
33707 : 42;
33708 : 49;
33709 : 57;
33710 : 57;
33711 : 49;
33712 : 42;
33713 : 49;
33714 : 49;
33715 : 34;
33716 : 42;
33717 : 68;
33718 : 57;
33719 : 162;
33720 : 170;
33721 : 86;
33722 : 100;
33723 : 68;
33724 : 57;
33725 : 86;
33726 : 57;
33727 : 57;
33728 : 49;
33729 : 49;
33730 : 49;
33731 : 49;
33732 : 49;
33733 : 49;
33734 : 49;
33735 : 49;
33736 : 42;
33737 : 49;
33738 : 106;
33739 : 141;
33740 : 148;
33741 : 141;
33742 : 135;
33743 : 155;
33744 : 162;
33745 : 162;
33746 : 155;
33747 : 162;
33748 : 155;
33749 : 155;
33750 : 155;
33751 : 155;
33752 : 155;
33753 : 148;
33754 : 148;
33755 : 155;
33756 : 155;
33757 : 155;
33758 : 155;
33759 : 155;
33760 : 148;
33761 : 155;
33762 : 155;
33763 : 155;
33764 : 155;
33765 : 148;
33766 : 155;
33767 : 155;
33768 : 155;
33769 : 155;
33770 : 155;
33771 : 155;
33772 : 148;
33773 : 155;
33774 : 148;
33775 : 148;
33776 : 148;
33777 : 155;
33778 : 148;
33779 : 141;
33780 : 141;
33781 : 141;
33782 : 141;
33783 : 141;
33784 : 135;
33785 : 135;
33786 : 135;
33787 : 141;
33788 : 141;
33789 : 130;
33790 : 135;
33791 : 135;
33792 : 94;
33793 : 106;
33794 : 94;
33795 : 94;
33796 : 94;
33797 : 94;
33798 : 94;
33799 : 86;
33800 : 94;
33801 : 77;
33802 : 77;
33803 : 77;
33804 : 77;
33805 : 94;
33806 : 120;
33807 : 135;
33808 : 148;
33809 : 155;
33810 : 170;
33811 : 179;
33812 : 179;
33813 : 170;
33814 : 179;
33815 : 179;
33816 : 179;
33817 : 179;
33818 : 170;
33819 : 170;
33820 : 155;
33821 : 148;
33822 : 130;
33823 : 113;
33824 : 86;
33825 : 77;
33826 : 68;
33827 : 86;
33828 : 86;
33829 : 94;
33830 : 100;
33831 : 100;
33832 : 94;
33833 : 100;
33834 : 94;
33835 : 100;
33836 : 100;
33837 : 94;
33838 : 100;
33839 : 100;
33840 : 94;
33841 : 94;
33842 : 86;
33843 : 86;
33844 : 77;
33845 : 212;
33846 : 179;
33847 : 200;
33848 : 130;
33849 : 130;
33850 : 141;
33851 : 148;
33852 : 148;
33853 : 155;
33854 : 135;
33855 : 106;
33856 : 141;
33857 : 113;
33858 : 57;
33859 : 49;
33860 : 34;
33861 : 57;
33862 : 42;
33863 : 120;
33864 : 77;
33865 : 34;
33866 : 42;
33867 : 113;
33868 : 49;
33869 : 34;
33870 : 42;
33871 : 94;
33872 : 120;
33873 : 94;
33874 : 120;
33875 : 34;
33876 : 42;
33877 : 42;
33878 : 49;
33879 : 49;
33880 : 34;
33881 : 49;
33882 : 42;
33883 : 141;
33884 : 57;
33885 : 49;
33886 : 42;
33887 : 42;
33888 : 42;
33889 : 49;
33890 : 49;
33891 : 49;
33892 : 42;
33893 : 68;
33894 : 68;
33895 : 57;
33896 : 34;
33897 : 34;
33898 : 77;
33899 : 162;
33900 : 94;
33901 : 155;
33902 : 192;
33903 : 170;
33904 : 179;
33905 : 179;
33906 : 179;
33907 : 200;
33908 : 200;
33909 : 200;
33910 : 200;
33911 : 206;
33912 : 86;
33913 : 86;
33914 : 86;
33915 : 68;
33916 : 49;
33917 : 42;
33918 : 42;
33919 : 68;
33920 : 86;
33921 : 49;
33922 : 86;
33923 : 42;
33924 : 34;
33925 : 42;
33926 : 57;
33927 : 42;
33928 : 206;
33929 : 200;
33930 : 192;
33931 : 135;
33932 : 68;
33933 : 57;
33934 : 113;
33935 : 77;
33936 : 125;
33937 : 120;
33938 : 120;
33939 : 130;
33940 : 130;
33941 : 141;
33942 : 148;
33943 : 148;
33944 : 155;
33945 : 170;
33946 : 192;
33947 : 206;
33948 : 212;
33949 : 212;
33950 : 206;
33951 : 77;
33952 : 49;
33953 : 49;
33954 : 57;
33955 : 42;
33956 : 57;
33957 : 57;
33958 : 162;
33959 : 162;
33960 : 162;
33961 : 125;
33962 : 68;
33963 : 42;
33964 : 42;
33965 : 49;
33966 : 49;
33967 : 49;
33968 : 49;
33969 : 49;
33970 : 49;
33971 : 34;
33972 : 68;
33973 : 77;
33974 : 34;
33975 : 162;
33976 : 170;
33977 : 94;
33978 : 86;
33979 : 57;
33980 : 68;
33981 : 94;
33982 : 57;
33983 : 57;
33984 : 57;
33985 : 49;
33986 : 42;
33987 : 42;
33988 : 57;
33989 : 57;
33990 : 49;
33991 : 49;
33992 : 49;
33993 : 68;
33994 : 120;
33995 : 141;
33996 : 148;
33997 : 141;
33998 : 141;
33999 : 155;
34000 : 162;
34001 : 162;
34002 : 155;
34003 : 155;
34004 : 162;
34005 : 155;
34006 : 155;
34007 : 148;
34008 : 155;
34009 : 155;
34010 : 148;
34011 : 155;
34012 : 155;
34013 : 148;
34014 : 155;
34015 : 155;
34016 : 148;
34017 : 155;
34018 : 155;
34019 : 155;
34020 : 155;
34021 : 155;
34022 : 155;
34023 : 155;
34024 : 155;
34025 : 148;
34026 : 148;
34027 : 155;
34028 : 148;
34029 : 148;
34030 : 148;
34031 : 155;
34032 : 148;
34033 : 155;
34034 : 148;
34035 : 141;
34036 : 148;
34037 : 141;
34038 : 141;
34039 : 135;
34040 : 135;
34041 : 135;
34042 : 135;
34043 : 135;
34044 : 135;
34045 : 135;
34046 : 130;
34047 : 130;
34048 : 106;
34049 : 94;
34050 : 100;
34051 : 100;
34052 : 94;
34053 : 100;
34054 : 100;
34055 : 94;
34056 : 86;
34057 : 86;
34058 : 86;
34059 : 77;
34060 : 77;
34061 : 94;
34062 : 120;
34063 : 135;
34064 : 148;
34065 : 162;
34066 : 170;
34067 : 179;
34068 : 179;
34069 : 179;
34070 : 179;
34071 : 179;
34072 : 179;
34073 : 179;
34074 : 179;
34075 : 162;
34076 : 162;
34077 : 141;
34078 : 130;
34079 : 113;
34080 : 86;
34081 : 68;
34082 : 77;
34083 : 86;
34084 : 86;
34085 : 86;
34086 : 100;
34087 : 100;
34088 : 100;
34089 : 100;
34090 : 100;
34091 : 94;
34092 : 100;
34093 : 100;
34094 : 100;
34095 : 100;
34096 : 100;
34097 : 94;
34098 : 94;
34099 : 86;
34100 : 57;
34101 : 148;
34102 : 148;
34103 : 192;
34104 : 192;
34105 : 162;
34106 : 148;
34107 : 141;
34108 : 148;
34109 : 148;
34110 : 113;
34111 : 162;
34112 : 162;
34113 : 34;
34114 : 42;
34115 : 34;
34116 : 42;
34117 : 68;
34118 : 106;
34119 : 68;
34120 : 34;
34121 : 42;
34122 : 86;
34123 : 57;
34124 : 57;
34125 : 49;
34126 : 57;
34127 : 77;
34128 : 86;
34129 : 94;
34130 : 135;
34131 : 57;
34132 : 57;
34133 : 49;
34134 : 42;
34135 : 42;
34136 : 49;
34137 : 49;
34138 : 34;
34139 : 77;
34140 : 68;
34141 : 68;
34142 : 49;
34143 : 34;
34144 : 49;
34145 : 49;
34146 : 57;
34147 : 42;
34148 : 34;
34149 : 57;
34150 : 42;
34151 : 42;
34152 : 49;
34153 : 77;
34154 : 148;
34155 : 113;
34156 : 106;
34157 : 206;
34158 : 170;
34159 : 179;
34160 : 179;
34161 : 179;
34162 : 192;
34163 : 200;
34164 : 200;
34165 : 206;
34166 : 200;
34167 : 135;
34168 : 94;
34169 : 100;
34170 : 86;
34171 : 57;
34172 : 49;
34173 : 49;
34174 : 49;
34175 : 68;
34176 : 113;
34177 : 68;
34178 : 100;
34179 : 86;
34180 : 68;
34181 : 94;
34182 : 77;
34183 : 68;
34184 : 206;
34185 : 200;
34186 : 200;
34187 : 192;
34188 : 130;
34189 : 68;
34190 : 130;
34191 : 94;
34192 : 106;
34193 : 113;
34194 : 113;
34195 : 120;
34196 : 130;
34197 : 135;
34198 : 141;
34199 : 148;
34200 : 155;
34201 : 179;
34202 : 192;
34203 : 206;
34204 : 222;
34205 : 212;
34206 : 113;
34207 : 77;
34208 : 86;
34209 : 57;
34210 : 77;
34211 : 34;
34212 : 68;
34213 : 68;
34214 : 77;
34215 : 162;
34216 : 170;
34217 : 141;
34218 : 86;
34219 : 57;
34220 : 49;
34221 : 42;
34222 : 49;
34223 : 49;
34224 : 42;
34225 : 42;
34226 : 77;
34227 : 42;
34228 : 57;
34229 : 57;
34230 : 49;
34231 : 179;
34232 : 179;
34233 : 130;
34234 : 86;
34235 : 86;
34236 : 68;
34237 : 86;
34238 : 57;
34239 : 57;
34240 : 49;
34241 : 49;
34242 : 49;
34243 : 49;
34244 : 49;
34245 : 49;
34246 : 42;
34247 : 49;
34248 : 57;
34249 : 86;
34250 : 130;
34251 : 141;
34252 : 141;
34253 : 141;
34254 : 141;
34255 : 155;
34256 : 162;
34257 : 162;
34258 : 155;
34259 : 155;
34260 : 155;
34261 : 162;
34262 : 155;
34263 : 155;
34264 : 148;
34265 : 155;
34266 : 155;
34267 : 148;
34268 : 155;
34269 : 148;
34270 : 155;
34271 : 148;
34272 : 155;
34273 : 148;
34274 : 148;
34275 : 148;
34276 : 148;
34277 : 148;
34278 : 155;
34279 : 148;
34280 : 155;
34281 : 155;
34282 : 148;
34283 : 155;
34284 : 148;
34285 : 148;
34286 : 148;
34287 : 148;
34288 : 148;
34289 : 141;
34290 : 148;
34291 : 141;
34292 : 141;
34293 : 141;
34294 : 141;
34295 : 135;
34296 : 135;
34297 : 135;
34298 : 130;
34299 : 130;
34300 : 125;
34301 : 120;
34302 : 135;
34303 : 141;
34304 : 100;
34305 : 100;
34306 : 100;
34307 : 94;
34308 : 100;
34309 : 94;
34310 : 94;
34311 : 86;
34312 : 86;
34313 : 94;
34314 : 77;
34315 : 77;
34316 : 77;
34317 : 94;
34318 : 120;
34319 : 130;
34320 : 148;
34321 : 162;
34322 : 170;
34323 : 179;
34324 : 179;
34325 : 179;
34326 : 179;
34327 : 179;
34328 : 179;
34329 : 179;
34330 : 170;
34331 : 170;
34332 : 162;
34333 : 141;
34334 : 130;
34335 : 113;
34336 : 86;
34337 : 77;
34338 : 77;
34339 : 86;
34340 : 86;
34341 : 100;
34342 : 100;
34343 : 100;
34344 : 106;
34345 : 106;
34346 : 100;
34347 : 106;
34348 : 100;
34349 : 106;
34350 : 100;
34351 : 100;
34352 : 106;
34353 : 100;
34354 : 86;
34355 : 57;
34356 : 49;
34357 : 120;
34358 : 170;
34359 : 57;
34360 : 77;
34361 : 212;
34362 : 200;
34363 : 170;
34364 : 162;
34365 : 148;
34366 : 77;
34367 : 49;
34368 : 49;
34369 : 42;
34370 : 34;
34371 : 42;
34372 : 68;
34373 : 113;
34374 : 77;
34375 : 49;
34376 : 42;
34377 : 86;
34378 : 68;
34379 : 57;
34380 : 94;
34381 : 42;
34382 : 68;
34383 : 130;
34384 : 106;
34385 : 86;
34386 : 155;
34387 : 49;
34388 : 42;
34389 : 42;
34390 : 49;
34391 : 42;
34392 : 57;
34393 : 34;
34394 : 42;
34395 : 57;
34396 : 130;
34397 : 49;
34398 : 49;
34399 : 49;
34400 : 42;
34401 : 42;
34402 : 57;
34403 : 42;
34404 : 34;
34405 : 42;
34406 : 34;
34407 : 34;
34408 : 34;
34409 : 86;
34410 : 113;
34411 : 86;
34412 : 148;
34413 : 155;
34414 : 148;
34415 : 148;
34416 : 170;
34417 : 192;
34418 : 200;
34419 : 200;
34420 : 200;
34421 : 192;
34422 : 155;
34423 : 106;
34424 : 113;
34425 : 120;
34426 : 113;
34427 : 94;
34428 : 86;
34429 : 49;
34430 : 49;
34431 : 86;
34432 : 106;
34433 : 120;
34434 : 57;
34435 : 77;
34436 : 94;
34437 : 77;
34438 : 49;
34439 : 179;
34440 : 212;
34441 : 212;
34442 : 206;
34443 : 200;
34444 : 162;
34445 : 86;
34446 : 94;
34447 : 120;
34448 : 100;
34449 : 113;
34450 : 113;
34451 : 120;
34452 : 125;
34453 : 135;
34454 : 135;
34455 : 148;
34456 : 162;
34457 : 179;
34458 : 200;
34459 : 212;
34460 : 212;
34461 : 206;
34462 : 100;
34463 : 106;
34464 : 125;
34465 : 57;
34466 : 94;
34467 : 94;
34468 : 86;
34469 : 86;
34470 : 42;
34471 : 192;
34472 : 170;
34473 : 148;
34474 : 86;
34475 : 57;
34476 : 42;
34477 : 42;
34478 : 42;
34479 : 49;
34480 : 42;
34481 : 42;
34482 : 49;
34483 : 42;
34484 : 68;
34485 : 42;
34486 : 34;
34487 : 192;
34488 : 179;
34489 : 141;
34490 : 68;
34491 : 86;
34492 : 77;
34493 : 94;
34494 : 57;
34495 : 57;
34496 : 57;
34497 : 42;
34498 : 49;
34499 : 57;
34500 : 49;
34501 : 49;
34502 : 42;
34503 : 49;
34504 : 49;
34505 : 106;
34506 : 141;
34507 : 141;
34508 : 135;
34509 : 130;
34510 : 148;
34511 : 155;
34512 : 155;
34513 : 155;
34514 : 155;
34515 : 155;
34516 : 162;
34517 : 155;
34518 : 148;
34519 : 148;
34520 : 148;
34521 : 155;
34522 : 155;
34523 : 148;
34524 : 148;
34525 : 148;
34526 : 155;
34527 : 155;
34528 : 155;
34529 : 155;
34530 : 155;
34531 : 155;
34532 : 155;
34533 : 155;
34534 : 148;
34535 : 148;
34536 : 155;
34537 : 148;
34538 : 148;
34539 : 141;
34540 : 148;
34541 : 155;
34542 : 148;
34543 : 148;
34544 : 148;
34545 : 141;
34546 : 141;
34547 : 148;
34548 : 135;
34549 : 141;
34550 : 135;
34551 : 130;
34552 : 130;
34553 : 130;
34554 : 125;
34555 : 130;
34556 : 135;
34557 : 148;
34558 : 155;
34559 : 162;
34560 : 100;
34561 : 100;
34562 : 100;
34563 : 100;
34564 : 100;
34565 : 94;
34566 : 100;
34567 : 86;
34568 : 94;
34569 : 94;
34570 : 77;
34571 : 68;
34572 : 77;
34573 : 86;
34574 : 113;
34575 : 135;
34576 : 148;
34577 : 155;
34578 : 170;
34579 : 179;
34580 : 179;
34581 : 179;
34582 : 179;
34583 : 179;
34584 : 179;
34585 : 179;
34586 : 179;
34587 : 170;
34588 : 162;
34589 : 148;
34590 : 125;
34591 : 113;
34592 : 94;
34593 : 77;
34594 : 77;
34595 : 86;
34596 : 86;
34597 : 94;
34598 : 100;
34599 : 100;
34600 : 106;
34601 : 100;
34602 : 106;
34603 : 100;
34604 : 106;
34605 : 100;
34606 : 106;
34607 : 113;
34608 : 113;
34609 : 49;
34610 : 57;
34611 : 49;
34612 : 49;
34613 : 49;
34614 : 170;
34615 : 135;
34616 : 200;
34617 : 179;
34618 : 222;
34619 : 222;
34620 : 212;
34621 : 42;
34622 : 42;
34623 : 42;
34624 : 42;
34625 : 42;
34626 : 42;
34627 : 42;
34628 : 94;
34629 : 57;
34630 : 57;
34631 : 68;
34632 : 57;
34633 : 86;
34634 : 57;
34635 : 57;
34636 : 68;
34637 : 77;
34638 : 77;
34639 : 148;
34640 : 100;
34641 : 77;
34642 : 148;
34643 : 68;
34644 : 34;
34645 : 42;
34646 : 49;
34647 : 49;
34648 : 57;
34649 : 42;
34650 : 42;
34651 : 49;
34652 : 77;
34653 : 42;
34654 : 49;
34655 : 49;
34656 : 42;
34657 : 42;
34658 : 57;
34659 : 42;
34660 : 34;
34661 : 34;
34662 : 42;
34663 : 49;
34664 : 49;
34665 : 155;
34666 : 77;
34667 : 120;
34668 : 179;
34669 : 155;
34670 : 179;
34671 : 179;
34672 : 192;
34673 : 200;
34674 : 200;
34675 : 192;
34676 : 200;
34677 : 170;
34678 : 106;
34679 : 113;
34680 : 120;
34681 : 130;
34682 : 130;
34683 : 130;
34684 : 120;
34685 : 86;
34686 : 42;
34687 : 68;
34688 : 113;
34689 : 113;
34690 : 113;
34691 : 86;
34692 : 57;
34693 : 77;
34694 : 162;
34695 : 200;
34696 : 200;
34697 : 206;
34698 : 200;
34699 : 192;
34700 : 148;
34701 : 135;
34702 : 106;
34703 : 125;
34704 : 113;
34705 : 113;
34706 : 125;
34707 : 120;
34708 : 120;
34709 : 130;
34710 : 135;
34711 : 148;
34712 : 162;
34713 : 170;
34714 : 206;
34715 : 222;
34716 : 212;
34717 : 192;
34718 : 94;
34719 : 113;
34720 : 141;
34721 : 106;
34722 : 77;
34723 : 86;
34724 : 86;
34725 : 57;
34726 : 170;
34727 : 179;
34728 : 170;
34729 : 130;
34730 : 77;
34731 : 49;
34732 : 49;
34733 : 42;
34734 : 49;
34735 : 49;
34736 : 49;
34737 : 42;
34738 : 42;
34739 : 42;
34740 : 77;
34741 : 57;
34742 : 49;
34743 : 192;
34744 : 179;
34745 : 141;
34746 : 57;
34747 : 94;
34748 : 86;
34749 : 77;
34750 : 57;
34751 : 57;
34752 : 49;
34753 : 49;
34754 : 49;
34755 : 49;
34756 : 57;
34757 : 49;
34758 : 42;
34759 : 42;
34760 : 49;
34761 : 113;
34762 : 141;
34763 : 141;
34764 : 141;
34765 : 141;
34766 : 155;
34767 : 162;
34768 : 162;
34769 : 155;
34770 : 155;
34771 : 148;
34772 : 155;
34773 : 155;
34774 : 148;
34775 : 155;
34776 : 148;
34777 : 148;
34778 : 148;
34779 : 155;
34780 : 155;
34781 : 155;
34782 : 148;
34783 : 148;
34784 : 155;
34785 : 155;
34786 : 155;
34787 : 148;
34788 : 148;
34789 : 148;
34790 : 148;
34791 : 155;
34792 : 148;
34793 : 155;
34794 : 148;
34795 : 148;
34796 : 148;
34797 : 141;
34798 : 148;
34799 : 148;
34800 : 141;
34801 : 141;
34802 : 135;
34803 : 135;
34804 : 135;
34805 : 135;
34806 : 135;
34807 : 130;
34808 : 130;
34809 : 135;
34810 : 141;
34811 : 148;
34812 : 155;
34813 : 162;
34814 : 170;
34815 : 179;
34816 : 100;
34817 : 94;
34818 : 106;
34819 : 100;
34820 : 94;
34821 : 100;
34822 : 94;
34823 : 86;
34824 : 94;
34825 : 86;
34826 : 86;
34827 : 77;
34828 : 68;
34829 : 86;
34830 : 113;
34831 : 135;
34832 : 148;
34833 : 155;
34834 : 170;
34835 : 170;
34836 : 179;
34837 : 179;
34838 : 179;
34839 : 179;
34840 : 179;
34841 : 179;
34842 : 179;
34843 : 170;
34844 : 155;
34845 : 148;
34846 : 125;
34847 : 113;
34848 : 94;
34849 : 86;
34850 : 86;
34851 : 94;
34852 : 94;
34853 : 100;
34854 : 100;
34855 : 100;
34856 : 113;
34857 : 113;
34858 : 106;
34859 : 113;
34860 : 106;
34861 : 106;
34862 : 77;
34863 : 49;
34864 : 42;
34865 : 49;
34866 : 113;
34867 : 68;
34868 : 130;
34869 : 155;
34870 : 179;
34871 : 148;
34872 : 170;
34873 : 222;
34874 : 222;
34875 : 222;
34876 : 34;
34877 : 68;
34878 : 68;
34879 : 42;
34880 : 42;
34881 : 34;
34882 : 34;
34883 : 106;
34884 : 113;
34885 : 86;
34886 : 77;
34887 : 49;
34888 : 42;
34889 : 86;
34890 : 86;
34891 : 94;
34892 : 86;
34893 : 86;
34894 : 57;
34895 : 135;
34896 : 130;
34897 : 86;
34898 : 155;
34899 : 86;
34900 : 42;
34901 : 57;
34902 : 42;
34903 : 49;
34904 : 49;
34905 : 34;
34906 : 34;
34907 : 49;
34908 : 57;
34909 : 49;
34910 : 68;
34911 : 49;
34912 : 57;
34913 : 42;
34914 : 49;
34915 : 34;
34916 : 42;
34917 : 34;
34918 : 34;
34919 : 34;
34920 : 148;
34921 : 120;
34922 : 94;
34923 : 212;
34924 : 148;
34925 : 162;
34926 : 179;
34927 : 179;
34928 : 200;
34929 : 192;
34930 : 200;
34931 : 192;
34932 : 148;
34933 : 106;
34934 : 125;
34935 : 120;
34936 : 125;
34937 : 120;
34938 : 141;
34939 : 141;
34940 : 135;
34941 : 113;
34942 : 94;
34943 : 94;
34944 : 94;
34945 : 120;
34946 : 141;
34947 : 130;
34948 : 141;
34949 : 155;
34950 : 192;
34951 : 200;
34952 : 200;
34953 : 206;
34954 : 200;
34955 : 155;
34956 : 141;
34957 : 155;
34958 : 113;
34959 : 125;
34960 : 130;
34961 : 120;
34962 : 113;
34963 : 125;
34964 : 130;
34965 : 130;
34966 : 130;
34967 : 141;
34968 : 162;
34969 : 179;
34970 : 206;
34971 : 222;
34972 : 212;
34973 : 162;
34974 : 100;
34975 : 86;
34976 : 120;
34977 : 135;
34978 : 130;
34979 : 113;
34980 : 148;
34981 : 162;
34982 : 179;
34983 : 170;
34984 : 162;
34985 : 120;
34986 : 86;
34987 : 49;
34988 : 57;
34989 : 57;
34990 : 49;
34991 : 57;
34992 : 49;
34993 : 49;
34994 : 57;
34995 : 49;
34996 : 94;
34997 : 49;
34998 : 57;
34999 : 170;
35000 : 192;
35001 : 135;
35002 : 68;
35003 : 100;
35004 : 94;
35005 : 77;
35006 : 57;
35007 : 42;
35008 : 49;
35009 : 49;
35010 : 42;
35011 : 49;
35012 : 57;
35013 : 49;
35014 : 49;
35015 : 42;
35016 : 77;
35017 : 130;
35018 : 141;
35019 : 135;
35020 : 135;
35021 : 141;
35022 : 155;
35023 : 162;
35024 : 155;
35025 : 155;
35026 : 155;
35027 : 155;
35028 : 148;
35029 : 155;
35030 : 155;
35031 : 148;
35032 : 148;
35033 : 155;
35034 : 148;
35035 : 155;
35036 : 162;
35037 : 155;
35038 : 148;
35039 : 155;
35040 : 148;
35041 : 148;
35042 : 155;
35043 : 155;
35044 : 148;
35045 : 155;
35046 : 148;
35047 : 148;
35048 : 155;
35049 : 148;
35050 : 148;
35051 : 148;
35052 : 148;
35053 : 141;
35054 : 141;
35055 : 135;
35056 : 135;
35057 : 148;
35058 : 141;
35059 : 141;
35060 : 135;
35061 : 135;
35062 : 130;
35063 : 130;
35064 : 141;
35065 : 155;
35066 : 162;
35067 : 162;
35068 : 170;
35069 : 179;
35070 : 179;
35071 : 179;
35072 : 106;
35073 : 106;
35074 : 100;
35075 : 94;
35076 : 100;
35077 : 94;
35078 : 100;
35079 : 86;
35080 : 86;
35081 : 86;
35082 : 77;
35083 : 77;
35084 : 68;
35085 : 86;
35086 : 120;
35087 : 135;
35088 : 155;
35089 : 155;
35090 : 162;
35091 : 170;
35092 : 179;
35093 : 179;
35094 : 179;
35095 : 179;
35096 : 179;
35097 : 179;
35098 : 179;
35099 : 170;
35100 : 162;
35101 : 148;
35102 : 135;
35103 : 113;
35104 : 94;
35105 : 86;
35106 : 86;
35107 : 86;
35108 : 94;
35109 : 100;
35110 : 100;
35111 : 106;
35112 : 106;
35113 : 113;
35114 : 113;
35115 : 113;
35116 : 113;
35117 : 77;
35118 : 49;
35119 : 42;
35120 : 49;
35121 : 68;
35122 : 141;
35123 : 148;
35124 : 162;
35125 : 148;
35126 : 179;
35127 : 200;
35128 : 212;
35129 : 179;
35130 : 57;
35131 : 42;
35132 : 49;
35133 : 49;
35134 : 100;
35135 : 34;
35136 : 49;
35137 : 113;
35138 : 135;
35139 : 148;
35140 : 86;
35141 : 34;
35142 : 34;
35143 : 34;
35144 : 49;
35145 : 120;
35146 : 49;
35147 : 86;
35148 : 77;
35149 : 77;
35150 : 77;
35151 : 148;
35152 : 130;
35153 : 77;
35154 : 170;
35155 : 113;
35156 : 68;
35157 : 49;
35158 : 94;
35159 : 49;
35160 : 42;
35161 : 34;
35162 : 34;
35163 : 49;
35164 : 49;
35165 : 49;
35166 : 57;
35167 : 49;
35168 : 49;
35169 : 49;
35170 : 57;
35171 : 34;
35172 : 42;
35173 : 34;
35174 : 34;
35175 : 77;
35176 : 162;
35177 : 86;
35178 : 162;
35179 : 200;
35180 : 162;
35181 : 170;
35182 : 179;
35183 : 192;
35184 : 200;
35185 : 200;
35186 : 200;
35187 : 155;
35188 : 94;
35189 : 120;
35190 : 125;
35191 : 130;
35192 : 125;
35193 : 125;
35194 : 148;
35195 : 148;
35196 : 141;
35197 : 135;
35198 : 130;
35199 : 106;
35200 : 100;
35201 : 120;
35202 : 113;
35203 : 135;
35204 : 148;
35205 : 155;
35206 : 155;
35207 : 170;
35208 : 179;
35209 : 170;
35210 : 179;
35211 : 192;
35212 : 162;
35213 : 148;
35214 : 135;
35215 : 135;
35216 : 130;
35217 : 120;
35218 : 120;
35219 : 120;
35220 : 130;
35221 : 130;
35222 : 130;
35223 : 148;
35224 : 155;
35225 : 179;
35226 : 206;
35227 : 222;
35228 : 212;
35229 : 162;
35230 : 148;
35231 : 120;
35232 : 120;
35233 : 130;
35234 : 148;
35235 : 148;
35236 : 148;
35237 : 162;
35238 : 155;
35239 : 135;
35240 : 135;
35241 : 94;
35242 : 57;
35243 : 49;
35244 : 77;
35245 : 57;
35246 : 57;
35247 : 57;
35248 : 49;
35249 : 49;
35250 : 57;
35251 : 57;
35252 : 94;
35253 : 42;
35254 : 49;
35255 : 170;
35256 : 192;
35257 : 148;
35258 : 86;
35259 : 86;
35260 : 106;
35261 : 57;
35262 : 68;
35263 : 49;
35264 : 42;
35265 : 57;
35266 : 42;
35267 : 49;
35268 : 49;
35269 : 57;
35270 : 42;
35271 : 57;
35272 : 100;
35273 : 135;
35274 : 148;
35275 : 141;
35276 : 135;
35277 : 148;
35278 : 162;
35279 : 162;
35280 : 155;
35281 : 155;
35282 : 162;
35283 : 155;
35284 : 148;
35285 : 155;
35286 : 155;
35287 : 155;
35288 : 141;
35289 : 148;
35290 : 155;
35291 : 155;
35292 : 162;
35293 : 170;
35294 : 155;
35295 : 155;
35296 : 155;
35297 : 155;
35298 : 155;
35299 : 148;
35300 : 148;
35301 : 148;
35302 : 148;
35303 : 148;
35304 : 148;
35305 : 148;
35306 : 148;
35307 : 148;
35308 : 135;
35309 : 148;
35310 : 141;
35311 : 141;
35312 : 135;
35313 : 135;
35314 : 141;
35315 : 135;
35316 : 135;
35317 : 125;
35318 : 141;
35319 : 155;
35320 : 162;
35321 : 170;
35322 : 170;
35323 : 179;
35324 : 179;
35325 : 179;
35326 : 192;
35327 : 192;
35328 : 106;
35329 : 106;
35330 : 106;
35331 : 100;
35332 : 106;
35333 : 94;
35334 : 94;
35335 : 86;
35336 : 86;
35337 : 77;
35338 : 77;
35339 : 77;
35340 : 68;
35341 : 86;
35342 : 125;
35343 : 135;
35344 : 148;
35345 : 162;
35346 : 170;
35347 : 170;
35348 : 179;
35349 : 179;
35350 : 179;
35351 : 179;
35352 : 179;
35353 : 179;
35354 : 179;
35355 : 170;
35356 : 162;
35357 : 148;
35358 : 135;
35359 : 113;
35360 : 94;
35361 : 86;
35362 : 86;
35363 : 86;
35364 : 94;
35365 : 100;
35366 : 106;
35367 : 100;
35368 : 113;
35369 : 106;
35370 : 113;
35371 : 113;
35372 : 148;
35373 : 42;
35374 : 42;
35375 : 42;
35376 : 100;
35377 : 120;
35378 : 179;
35379 : 155;
35380 : 141;
35381 : 141;
35382 : 130;
35383 : 162;
35384 : 222;
35385 : 42;
35386 : 49;
35387 : 57;
35388 : 42;
35389 : 57;
35390 : 125;
35391 : 113;
35392 : 106;
35393 : 86;
35394 : 34;
35395 : 57;
35396 : 120;
35397 : 42;
35398 : 34;
35399 : 42;
35400 : 57;
35401 : 141;
35402 : 49;
35403 : 100;
35404 : 68;
35405 : 68;
35406 : 86;
35407 : 106;
35408 : 125;
35409 : 94;
35410 : 162;
35411 : 68;
35412 : 57;
35413 : 120;
35414 : 49;
35415 : 42;
35416 : 42;
35417 : 42;
35418 : 49;
35419 : 49;
35420 : 42;
35421 : 49;
35422 : 42;
35423 : 49;
35424 : 49;
35425 : 49;
35426 : 42;
35427 : 34;
35428 : 34;
35429 : 34;
35430 : 34;
35431 : 141;
35432 : 100;
35433 : 86;
35434 : 192;
35435 : 155;
35436 : 170;
35437 : 179;
35438 : 192;
35439 : 200;
35440 : 200;
35441 : 200;
35442 : 155;
35443 : 94;
35444 : 113;
35445 : 120;
35446 : 135;
35447 : 135;
35448 : 130;
35449 : 135;
35450 : 141;
35451 : 148;
35452 : 148;
35453 : 148;
35454 : 135;
35455 : 130;
35456 : 141;
35457 : 120;
35458 : 106;
35459 : 125;
35460 : 86;
35461 : 130;
35462 : 130;
35463 : 100;
35464 : 130;
35465 : 94;
35466 : 162;
35467 : 170;
35468 : 179;
35469 : 179;
35470 : 162;
35471 : 135;
35472 : 120;
35473 : 120;
35474 : 125;
35475 : 130;
35476 : 130;
35477 : 135;
35478 : 130;
35479 : 141;
35480 : 155;
35481 : 179;
35482 : 206;
35483 : 222;
35484 : 222;
35485 : 179;
35486 : 170;
35487 : 162;
35488 : 148;
35489 : 148;
35490 : 148;
35491 : 125;
35492 : 106;
35493 : 113;
35494 : 130;
35495 : 42;
35496 : 57;
35497 : 57;
35498 : 68;
35499 : 68;
35500 : 86;
35501 : 68;
35502 : 57;
35503 : 57;
35504 : 49;
35505 : 49;
35506 : 49;
35507 : 57;
35508 : 86;
35509 : 49;
35510 : 49;
35511 : 170;
35512 : 179;
35513 : 141;
35514 : 86;
35515 : 68;
35516 : 100;
35517 : 68;
35518 : 57;
35519 : 49;
35520 : 42;
35521 : 49;
35522 : 49;
35523 : 57;
35524 : 68;
35525 : 49;
35526 : 57;
35527 : 68;
35528 : 113;
35529 : 135;
35530 : 135;
35531 : 130;
35532 : 135;
35533 : 155;
35534 : 155;
35535 : 155;
35536 : 155;
35537 : 155;
35538 : 155;
35539 : 155;
35540 : 155;
35541 : 155;
35542 : 148;
35543 : 148;
35544 : 148;
35545 : 155;
35546 : 155;
35547 : 162;
35548 : 155;
35549 : 148;
35550 : 155;
35551 : 155;
35552 : 148;
35553 : 148;
35554 : 148;
35555 : 155;
35556 : 148;
35557 : 148;
35558 : 148;
35559 : 148;
35560 : 148;
35561 : 148;
35562 : 141;
35563 : 141;
35564 : 141;
35565 : 135;
35566 : 141;
35567 : 141;
35568 : 135;
35569 : 135;
35570 : 135;
35571 : 135;
35572 : 141;
35573 : 148;
35574 : 162;
35575 : 170;
35576 : 179;
35577 : 179;
35578 : 179;
35579 : 192;
35580 : 192;
35581 : 179;
35582 : 192;
35583 : 192;
35584 : 100;
35585 : 94;
35586 : 106;
35587 : 106;
35588 : 100;
35589 : 100;
35590 : 94;
35591 : 86;
35592 : 86;
35593 : 86;
35594 : 77;
35595 : 68;
35596 : 77;
35597 : 86;
35598 : 113;
35599 : 135;
35600 : 148;
35601 : 155;
35602 : 170;
35603 : 179;
35604 : 179;
35605 : 179;
35606 : 179;
35607 : 179;
35608 : 192;
35609 : 179;
35610 : 179;
35611 : 170;
35612 : 170;
35613 : 148;
35614 : 135;
35615 : 113;
35616 : 100;
35617 : 77;
35618 : 86;
35619 : 86;
35620 : 100;
35621 : 94;
35622 : 100;
35623 : 100;
35624 : 113;
35625 : 106;
35626 : 113;
35627 : 106;
35628 : 113;
35629 : 94;
35630 : 57;
35631 : 86;
35632 : 141;
35633 : 130;
35634 : 162;
35635 : 120;
35636 : 135;
35637 : 135;
35638 : 135;
35639 : 106;
35640 : 77;
35641 : 68;
35642 : 68;
35643 : 42;
35644 : 49;
35645 : 49;
35646 : 34;
35647 : 170;
35648 : 113;
35649 : 57;
35650 : 68;
35651 : 148;
35652 : 49;
35653 : 42;
35654 : 42;
35655 : 49;
35656 : 42;
35657 : 120;
35658 : 77;
35659 : 94;
35660 : 100;
35661 : 34;
35662 : 86;
35663 : 113;
35664 : 106;
35665 : 113;
35666 : 135;
35667 : 100;
35668 : 120;
35669 : 113;
35670 : 34;
35671 : 42;
35672 : 49;
35673 : 49;
35674 : 42;
35675 : 42;
35676 : 49;
35677 : 49;
35678 : 42;
35679 : 42;
35680 : 49;
35681 : 49;
35682 : 42;
35683 : 34;
35684 : 34;
35685 : 34;
35686 : 113;
35687 : 155;
35688 : 100;
35689 : 141;
35690 : 179;
35691 : 162;
35692 : 170;
35693 : 179;
35694 : 192;
35695 : 200;
35696 : 200;
35697 : 162;
35698 : 77;
35699 : 100;
35700 : 120;
35701 : 130;
35702 : 135;
35703 : 141;
35704 : 148;
35705 : 141;
35706 : 148;
35707 : 148;
35708 : 141;
35709 : 141;
35710 : 141;
35711 : 148;
35712 : 148;
35713 : 130;
35714 : 130;
35715 : 120;
35716 : 106;
35717 : 125;
35718 : 135;
35719 : 120;
35720 : 135;
35721 : 130;
35722 : 162;
35723 : 148;
35724 : 155;
35725 : 155;
35726 : 141;
35727 : 135;
35728 : 113;
35729 : 125;
35730 : 130;
35731 : 130;
35732 : 130;
35733 : 125;
35734 : 130;
35735 : 135;
35736 : 155;
35737 : 170;
35738 : 206;
35739 : 222;
35740 : 222;
35741 : 179;
35742 : 162;
35743 : 148;
35744 : 141;
35745 : 130;
35746 : 135;
35747 : 113;
35748 : 113;
35749 : 120;
35750 : 120;
35751 : 86;
35752 : 94;
35753 : 77;
35754 : 94;
35755 : 86;
35756 : 86;
35757 : 68;
35758 : 57;
35759 : 57;
35760 : 42;
35761 : 49;
35762 : 49;
35763 : 57;
35764 : 77;
35765 : 49;
35766 : 49;
35767 : 162;
35768 : 179;
35769 : 162;
35770 : 106;
35771 : 57;
35772 : 100;
35773 : 57;
35774 : 57;
35775 : 49;
35776 : 49;
35777 : 49;
35778 : 49;
35779 : 57;
35780 : 49;
35781 : 42;
35782 : 49;
35783 : 106;
35784 : 130;
35785 : 141;
35786 : 135;
35787 : 130;
35788 : 148;
35789 : 155;
35790 : 155;
35791 : 162;
35792 : 155;
35793 : 155;
35794 : 155;
35795 : 155;
35796 : 148;
35797 : 155;
35798 : 155;
35799 : 148;
35800 : 148;
35801 : 155;
35802 : 148;
35803 : 155;
35804 : 148;
35805 : 148;
35806 : 148;
35807 : 155;
35808 : 148;
35809 : 155;
35810 : 148;
35811 : 155;
35812 : 148;
35813 : 155;
35814 : 148;
35815 : 148;
35816 : 141;
35817 : 148;
35818 : 141;
35819 : 141;
35820 : 135;
35821 : 135;
35822 : 130;
35823 : 135;
35824 : 141;
35825 : 130;
35826 : 141;
35827 : 148;
35828 : 162;
35829 : 170;
35830 : 179;
35831 : 179;
35832 : 192;
35833 : 179;
35834 : 192;
35835 : 192;
35836 : 192;
35837 : 179;
35838 : 192;
35839 : 192;
35840 : 100;
35841 : 100;
35842 : 100;
35843 : 94;
35844 : 100;
35845 : 94;
35846 : 94;
35847 : 94;
35848 : 86;
35849 : 86;
35850 : 77;
35851 : 68;
35852 : 68;
35853 : 77;
35854 : 113;
35855 : 135;
35856 : 148;
35857 : 155;
35858 : 170;
35859 : 170;
35860 : 179;
35861 : 179;
35862 : 179;
35863 : 179;
35864 : 192;
35865 : 179;
35866 : 179;
35867 : 179;
35868 : 162;
35869 : 148;
35870 : 135;
35871 : 113;
35872 : 94;
35873 : 77;
35874 : 86;
35875 : 86;
35876 : 94;
35877 : 100;
35878 : 100;
35879 : 106;
35880 : 106;
35881 : 113;
35882 : 106;
35883 : 106;
35884 : 113;
35885 : 170;
35886 : 135;
35887 : 155;
35888 : 141;
35889 : 141;
35890 : 162;
35891 : 170;
35892 : 77;
35893 : 68;
35894 : 68;
35895 : 68;
35896 : 106;
35897 : 49;
35898 : 49;
35899 : 42;
35900 : 42;
35901 : 34;
35902 : 49;
35903 : 49;
35904 : 155;
35905 : 125;
35906 : 135;
35907 : 135;
35908 : 100;
35909 : 125;
35910 : 42;
35911 : 57;
35912 : 42;
35913 : 106;
35914 : 68;
35915 : 57;
35916 : 113;
35917 : 57;
35918 : 120;
35919 : 77;
35920 : 120;
35921 : 135;
35922 : 148;
35923 : 135;
35924 : 130;
35925 : 34;
35926 : 42;
35927 : 49;
35928 : 49;
35929 : 42;
35930 : 49;
35931 : 49;
35932 : 42;
35933 : 57;
35934 : 49;
35935 : 49;
35936 : 57;
35937 : 49;
35938 : 34;
35939 : 34;
35940 : 34;
35941 : 42;
35942 : 155;
35943 : 100;
35944 : 106;
35945 : 192;
35946 : 162;
35947 : 179;
35948 : 179;
35949 : 192;
35950 : 200;
35951 : 206;
35952 : 179;
35953 : 77;
35954 : 94;
35955 : 113;
35956 : 120;
35957 : 130;
35958 : 135;
35959 : 141;
35960 : 148;
35961 : 148;
35962 : 148;
35963 : 141;
35964 : 155;
35965 : 148;
35966 : 141;
35967 : 148;
35968 : 148;
35969 : 141;
35970 : 148;
35971 : 141;
35972 : 135;
35973 : 141;
35974 : 141;
35975 : 148;
35976 : 148;
35977 : 155;
35978 : 162;
35979 : 162;
35980 : 155;
35981 : 148;
35982 : 155;
35983 : 141;
35984 : 120;
35985 : 130;
35986 : 135;
35987 : 135;
35988 : 130;
35989 : 125;
35990 : 125;
35991 : 135;
35992 : 162;
35993 : 170;
35994 : 200;
35995 : 222;
35996 : 222;
35997 : 192;
35998 : 170;
35999 : 162;
36000 : 155;
36001 : 148;
36002 : 135;
36003 : 135;
36004 : 135;
36005 : 120;
36006 : 130;
36007 : 106;
36008 : 100;
36009 : 77;
36010 : 106;
36011 : 100;
36012 : 94;
36013 : 77;
36014 : 57;
36015 : 57;
36016 : 34;
36017 : 49;
36018 : 49;
36019 : 57;
36020 : 77;
36021 : 49;
36022 : 57;
36023 : 162;
36024 : 170;
36025 : 170;
36026 : 120;
36027 : 57;
36028 : 100;
36029 : 68;
36030 : 42;
36031 : 49;
36032 : 49;
36033 : 42;
36034 : 49;
36035 : 68;
36036 : 42;
36037 : 34;
36038 : 57;
36039 : 94;
36040 : 135;
36041 : 135;
36042 : 130;
36043 : 130;
36044 : 148;
36045 : 162;
36046 : 155;
36047 : 155;
36048 : 155;
36049 : 155;
36050 : 155;
36051 : 155;
36052 : 155;
36053 : 148;
36054 : 148;
36055 : 148;
36056 : 155;
36057 : 148;
36058 : 148;
36059 : 155;
36060 : 148;
36061 : 148;
36062 : 155;
36063 : 148;
36064 : 155;
36065 : 148;
36066 : 155;
36067 : 148;
36068 : 155;
36069 : 148;
36070 : 148;
36071 : 148;
36072 : 141;
36073 : 148;
36074 : 141;
36075 : 141;
36076 : 141;
36077 : 135;
36078 : 141;
36079 : 135;
36080 : 135;
36081 : 135;
36082 : 155;
36083 : 162;
36084 : 179;
36085 : 179;
36086 : 192;
36087 : 192;
36088 : 192;
36089 : 192;
36090 : 192;
36091 : 192;
36092 : 192;
36093 : 192;
36094 : 179;
36095 : 192;
36096 : 100;
36097 : 100;
36098 : 100;
36099 : 100;
36100 : 94;
36101 : 94;
36102 : 86;
36103 : 86;
36104 : 77;
36105 : 77;
36106 : 77;
36107 : 68;
36108 : 57;
36109 : 86;
36110 : 113;
36111 : 135;
36112 : 148;
36113 : 162;
36114 : 162;
36115 : 170;
36116 : 179;
36117 : 170;
36118 : 179;
36119 : 179;
36120 : 179;
36121 : 179;
36122 : 179;
36123 : 170;
36124 : 162;
36125 : 148;
36126 : 135;
36127 : 113;
36128 : 94;
36129 : 77;
36130 : 86;
36131 : 94;
36132 : 94;
36133 : 94;
36134 : 106;
36135 : 113;
36136 : 106;
36137 : 113;
36138 : 106;
36139 : 106;
36140 : 106;
36141 : 130;
36142 : 148;
36143 : 155;
36144 : 170;
36145 : 162;
36146 : 113;
36147 : 94;
36148 : 77;
36149 : 68;
36150 : 68;
36151 : 94;
36152 : 77;
36153 : 57;
36154 : 34;
36155 : 42;
36156 : 86;
36157 : 49;
36158 : 68;
36159 : 49;
36160 : 68;
36161 : 141;
36162 : 125;
36163 : 120;
36164 : 125;
36165 : 68;
36166 : 49;
36167 : 49;
36168 : 42;
36169 : 86;
36170 : 77;
36171 : 57;
36172 : 141;
36173 : 113;
36174 : 94;
36175 : 68;
36176 : 57;
36177 : 113;
36178 : 86;
36179 : 155;
36180 : 86;
36181 : 94;
36182 : 86;
36183 : 77;
36184 : 42;
36185 : 42;
36186 : 49;
36187 : 49;
36188 : 42;
36189 : 49;
36190 : 57;
36191 : 49;
36192 : 42;
36193 : 42;
36194 : 34;
36195 : 34;
36196 : 34;
36197 : 130;
36198 : 148;
36199 : 106;
36200 : 155;
36201 : 179;
36202 : 162;
36203 : 179;
36204 : 192;
36205 : 200;
36206 : 206;
36207 : 212;
36208 : 57;
36209 : 94;
36210 : 100;
36211 : 113;
36212 : 120;
36213 : 130;
36214 : 135;
36215 : 148;
36216 : 155;
36217 : 155;
36218 : 148;
36219 : 148;
36220 : 148;
36221 : 155;
36222 : 155;
36223 : 155;
36224 : 148;
36225 : 141;
36226 : 148;
36227 : 141;
36228 : 141;
36229 : 148;
36230 : 148;
36231 : 155;
36232 : 162;
36233 : 170;
36234 : 170;
36235 : 162;
36236 : 155;
36237 : 162;
36238 : 162;
36239 : 135;
36240 : 135;
36241 : 130;
36242 : 135;
36243 : 135;
36244 : 130;
36245 : 125;
36246 : 125;
36247 : 130;
36248 : 162;
36249 : 170;
36250 : 200;
36251 : 212;
36252 : 222;
36253 : 200;
36254 : 192;
36255 : 170;
36256 : 162;
36257 : 155;
36258 : 148;
36259 : 141;
36260 : 135;
36261 : 130;
36262 : 125;
36263 : 120;
36264 : 113;
36265 : 106;
36266 : 106;
36267 : 106;
36268 : 100;
36269 : 86;
36270 : 57;
36271 : 57;
36272 : 42;
36273 : 57;
36274 : 42;
36275 : 57;
36276 : 68;
36277 : 49;
36278 : 49;
36279 : 155;
36280 : 170;
36281 : 170;
36282 : 135;
36283 : 49;
36284 : 94;
36285 : 57;
36286 : 42;
36287 : 57;
36288 : 57;
36289 : 42;
36290 : 49;
36291 : 57;
36292 : 42;
36293 : 42;
36294 : 68;
36295 : 113;
36296 : 141;
36297 : 135;
36298 : 135;
36299 : 135;
36300 : 148;
36301 : 155;
36302 : 155;
36303 : 155;
36304 : 155;
36305 : 148;
36306 : 155;
36307 : 155;
36308 : 155;
36309 : 148;
36310 : 148;
36311 : 155;
36312 : 148;
36313 : 155;
36314 : 148;
36315 : 155;
36316 : 148;
36317 : 148;
36318 : 148;
36319 : 155;
36320 : 148;
36321 : 148;
36322 : 148;
36323 : 148;
36324 : 148;
36325 : 141;
36326 : 148;
36327 : 141;
36328 : 141;
36329 : 141;
36330 : 141;
36331 : 141;
36332 : 135;
36333 : 135;
36334 : 135;
36335 : 125;
36336 : 148;
36337 : 162;
36338 : 179;
36339 : 179;
36340 : 192;
36341 : 192;
36342 : 192;
36343 : 192;
36344 : 192;
36345 : 192;
36346 : 179;
36347 : 192;
36348 : 192;
36349 : 192;
36350 : 192;
36351 : 192;
36352 : 100;
36353 : 100;
36354 : 86;
36355 : 86;
36356 : 94;
36357 : 77;
36358 : 86;
36359 : 86;
36360 : 86;
36361 : 77;
36362 : 68;
36363 : 57;
36364 : 57;
36365 : 77;
36366 : 113;
36367 : 135;
36368 : 148;
36369 : 155;
36370 : 170;
36371 : 170;
36372 : 179;
36373 : 179;
36374 : 179;
36375 : 179;
36376 : 192;
36377 : 179;
36378 : 179;
36379 : 179;
36380 : 162;
36381 : 148;
36382 : 141;
36383 : 113;
36384 : 94;
36385 : 77;
36386 : 77;
36387 : 86;
36388 : 86;
36389 : 94;
36390 : 100;
36391 : 100;
36392 : 106;
36393 : 113;
36394 : 106;
36395 : 113;
36396 : 106;
36397 : 113;
36398 : 135;
36399 : 162;
36400 : 130;
36401 : 106;
36402 : 120;
36403 : 86;
36404 : 57;
36405 : 57;
36406 : 106;
36407 : 86;
36408 : 57;
36409 : 57;
36410 : 34;
36411 : 42;
36412 : 86;
36413 : 57;
36414 : 86;
36415 : 86;
36416 : 100;
36417 : 68;
36418 : 77;
36419 : 57;
36420 : 106;
36421 : 77;
36422 : 42;
36423 : 34;
36424 : 49;
36425 : 57;
36426 : 86;
36427 : 49;
36428 : 42;
36429 : 125;
36430 : 130;
36431 : 130;
36432 : 120;
36433 : 68;
36434 : 113;
36435 : 49;
36436 : 86;
36437 : 68;
36438 : 42;
36439 : 49;
36440 : 42;
36441 : 42;
36442 : 49;
36443 : 42;
36444 : 42;
36445 : 42;
36446 : 49;
36447 : 42;
36448 : 49;
36449 : 49;
36450 : 34;
36451 : 42;
36452 : 57;
36453 : 155;
36454 : 100;
36455 : 100;
36456 : 192;
36457 : 179;
36458 : 179;
36459 : 192;
36460 : 192;
36461 : 206;
36462 : 212;
36463 : 34;
36464 : 86;
36465 : 100;
36466 : 113;
36467 : 113;
36468 : 125;
36469 : 135;
36470 : 130;
36471 : 141;
36472 : 148;
36473 : 155;
36474 : 155;
36475 : 162;
36476 : 162;
36477 : 162;
36478 : 155;
36479 : 162;
36480 : 162;
36481 : 155;
36482 : 155;
36483 : 162;
36484 : 155;
36485 : 162;
36486 : 170;
36487 : 162;
36488 : 179;
36489 : 170;
36490 : 162;
36491 : 170;
36492 : 162;
36493 : 162;
36494 : 148;
36495 : 141;
36496 : 135;
36497 : 135;
36498 : 141;
36499 : 135;
36500 : 130;
36501 : 130;
36502 : 125;
36503 : 125;
36504 : 148;
36505 : 170;
36506 : 192;
36507 : 212;
36508 : 222;
36509 : 200;
36510 : 192;
36511 : 179;
36512 : 162;
36513 : 155;
36514 : 155;
36515 : 148;
36516 : 148;
36517 : 130;
36518 : 130;
36519 : 130;
36520 : 120;
36521 : 120;
36522 : 120;
36523 : 113;
36524 : 106;
36525 : 86;
36526 : 57;
36527 : 57;
36528 : 34;
36529 : 57;
36530 : 49;
36531 : 57;
36532 : 86;
36533 : 49;
36534 : 49;
36535 : 155;
36536 : 162;
36537 : 179;
36538 : 148;
36539 : 57;
36540 : 86;
36541 : 42;
36542 : 57;
36543 : 57;
36544 : 42;
36545 : 42;
36546 : 49;
36547 : 42;
36548 : 42;
36549 : 49;
36550 : 77;
36551 : 125;
36552 : 141;
36553 : 135;
36554 : 130;
36555 : 141;
36556 : 155;
36557 : 155;
36558 : 155;
36559 : 155;
36560 : 155;
36561 : 162;
36562 : 148;
36563 : 155;
36564 : 155;
36565 : 148;
36566 : 148;
36567 : 155;
36568 : 148;
36569 : 155;
36570 : 148;
36571 : 148;
36572 : 155;
36573 : 148;
36574 : 148;
36575 : 148;
36576 : 155;
36577 : 148;
36578 : 148;
36579 : 148;
36580 : 148;
36581 : 148;
36582 : 148;
36583 : 141;
36584 : 141;
36585 : 141;
36586 : 141;
36587 : 141;
36588 : 135;
36589 : 135;
36590 : 130;
36591 : 148;
36592 : 162;
36593 : 179;
36594 : 192;
36595 : 192;
36596 : 192;
36597 : 192;
36598 : 192;
36599 : 192;
36600 : 192;
36601 : 192;
36602 : 192;
36603 : 192;
36604 : 179;
36605 : 192;
36606 : 192;
36607 : 192;
36608 : 100;
36609 : 94;
36610 : 86;
36611 : 94;
36612 : 86;
36613 : 86;
36614 : 86;
36615 : 77;
36616 : 86;
36617 : 77;
36618 : 68;
36619 : 57;
36620 : 57;
36621 : 77;
36622 : 106;
36623 : 130;
36624 : 148;
36625 : 148;
36626 : 162;
36627 : 170;
36628 : 179;
36629 : 179;
36630 : 192;
36631 : 179;
36632 : 179;
36633 : 192;
36634 : 179;
36635 : 170;
36636 : 162;
36637 : 148;
36638 : 135;
36639 : 120;
36640 : 94;
36641 : 77;
36642 : 86;
36643 : 86;
36644 : 86;
36645 : 100;
36646 : 106;
36647 : 106;
36648 : 113;
36649 : 113;
36650 : 113;
36651 : 106;
36652 : 113;
36653 : 113;
36654 : 130;
36655 : 113;
36656 : 106;
36657 : 113;
36658 : 77;
36659 : 86;
36660 : 130;
36661 : 125;
36662 : 86;
36663 : 57;
36664 : 57;
36665 : 49;
36666 : 49;
36667 : 49;
36668 : 94;
36669 : 68;
36670 : 120;
36671 : 113;
36672 : 130;
36673 : 77;
36674 : 49;
36675 : 113;
36676 : 86;
36677 : 34;
36678 : 34;
36679 : 49;
36680 : 42;
36681 : 86;
36682 : 106;
36683 : 77;
36684 : 57;
36685 : 34;
36686 : 162;
36687 : 148;
36688 : 68;
36689 : 57;
36690 : 106;
36691 : 120;
36692 : 192;
36693 : 34;
36694 : 42;
36695 : 49;
36696 : 49;
36697 : 49;
36698 : 49;
36699 : 34;
36700 : 42;
36701 : 42;
36702 : 49;
36703 : 49;
36704 : 57;
36705 : 49;
36706 : 42;
36707 : 34;
36708 : 135;
36709 : 120;
36710 : 100;
36711 : 135;
36712 : 162;
36713 : 179;
36714 : 192;
36715 : 192;
36716 : 200;
36717 : 222;
36718 : 34;
36719 : 68;
36720 : 94;
36721 : 106;
36722 : 113;
36723 : 120;
36724 : 130;
36725 : 135;
36726 : 135;
36727 : 141;
36728 : 148;
36729 : 148;
36730 : 155;
36731 : 162;
36732 : 170;
36733 : 170;
36734 : 162;
36735 : 170;
36736 : 170;
36737 : 170;
36738 : 170;
36739 : 162;
36740 : 162;
36741 : 170;
36742 : 179;
36743 : 170;
36744 : 162;
36745 : 162;
36746 : 170;
36747 : 170;
36748 : 162;
36749 : 155;
36750 : 148;
36751 : 135;
36752 : 141;
36753 : 148;
36754 : 135;
36755 : 135;
36756 : 130;
36757 : 125;
36758 : 130;
36759 : 130;
36760 : 155;
36761 : 162;
36762 : 192;
36763 : 212;
36764 : 222;
36765 : 206;
36766 : 192;
36767 : 179;
36768 : 170;
36769 : 162;
36770 : 155;
36771 : 148;
36772 : 148;
36773 : 141;
36774 : 135;
36775 : 130;
36776 : 125;
36777 : 120;
36778 : 120;
36779 : 113;
36780 : 106;
36781 : 94;
36782 : 57;
36783 : 57;
36784 : 42;
36785 : 49;
36786 : 57;
36787 : 57;
36788 : 68;
36789 : 49;
36790 : 42;
36791 : 148;
36792 : 170;
36793 : 179;
36794 : 148;
36795 : 42;
36796 : 86;
36797 : 34;
36798 : 49;
36799 : 68;
36800 : 42;
36801 : 42;
36802 : 57;
36803 : 49;
36804 : 42;
36805 : 49;
36806 : 86;
36807 : 130;
36808 : 135;
36809 : 130;
36810 : 130;
36811 : 148;
36812 : 155;
36813 : 162;
36814 : 155;
36815 : 155;
36816 : 155;
36817 : 155;
36818 : 148;
36819 : 148;
36820 : 148;
36821 : 148;
36822 : 148;
36823 : 148;
36824 : 155;
36825 : 155;
36826 : 155;
36827 : 155;
36828 : 148;
36829 : 148;
36830 : 148;
36831 : 155;
36832 : 148;
36833 : 148;
36834 : 148;
36835 : 148;
36836 : 148;
36837 : 141;
36838 : 141;
36839 : 148;
36840 : 141;
36841 : 141;
36842 : 135;
36843 : 135;
36844 : 130;
36845 : 130;
36846 : 141;
36847 : 170;
36848 : 179;
36849 : 192;
36850 : 192;
36851 : 200;
36852 : 192;
36853 : 192;
36854 : 192;
36855 : 192;
36856 : 192;
36857 : 192;
36858 : 192;
36859 : 192;
36860 : 192;
36861 : 192;
36862 : 192;
36863 : 192;
36864 : 86;
36865 : 94;
36866 : 94;
36867 : 86;
36868 : 86;
36869 : 86;
36870 : 86;
36871 : 77;
36872 : 68;
36873 : 77;
36874 : 68;
36875 : 57;
36876 : 57;
36877 : 77;
36878 : 113;
36879 : 135;
36880 : 141;
36881 : 148;
36882 : 162;
36883 : 170;
36884 : 179;
36885 : 179;
36886 : 179;
36887 : 179;
36888 : 179;
36889 : 179;
36890 : 179;
36891 : 179;
36892 : 162;
36893 : 148;
36894 : 135;
36895 : 120;
36896 : 94;
36897 : 77;
36898 : 77;
36899 : 86;
36900 : 86;
36901 : 94;
36902 : 100;
36903 : 106;
36904 : 113;
36905 : 106;
36906 : 113;
36907 : 113;
36908 : 113;
36909 : 125;
36910 : 100;
36911 : 113;
36912 : 179;
36913 : 141;
36914 : 148;
36915 : 155;
36916 : 155;
36917 : 130;
36918 : 77;
36919 : 57;
36920 : 57;
36921 : 68;
36922 : 57;
36923 : 77;
36924 : 106;
36925 : 68;
36926 : 130;
36927 : 120;
36928 : 86;
36929 : 86;
36930 : 106;
36931 : 120;
36932 : 68;
36933 : 34;
36934 : 42;
36935 : 42;
36936 : 42;
36937 : 57;
36938 : 100;
36939 : 125;
36940 : 86;
36941 : 86;
36942 : 68;
36943 : 100;
36944 : 125;
36945 : 120;
36946 : 148;
36947 : 170;
36948 : 34;
36949 : 68;
36950 : 68;
36951 : 68;
36952 : 49;
36953 : 42;
36954 : 57;
36955 : 49;
36956 : 42;
36957 : 42;
36958 : 49;
36959 : 49;
36960 : 57;
36961 : 42;
36962 : 42;
36963 : 77;
36964 : 162;
36965 : 100;
36966 : 113;
36967 : 200;
36968 : 170;
36969 : 192;
36970 : 192;
36971 : 192;
36972 : 200;
36973 : 68;
36974 : 57;
36975 : 77;
36976 : 94;
36977 : 113;
36978 : 113;
36979 : 125;
36980 : 130;
36981 : 130;
36982 : 141;
36983 : 141;
36984 : 148;
36985 : 155;
36986 : 162;
36987 : 155;
36988 : 162;
36989 : 170;
36990 : 162;
36991 : 170;
36992 : 170;
36993 : 170;
36994 : 170;
36995 : 170;
36996 : 179;
36997 : 170;
36998 : 170;
36999 : 170;
37000 : 170;
37001 : 170;
37002 : 170;
37003 : 170;
37004 : 162;
37005 : 155;
37006 : 148;
37007 : 141;
37008 : 141;
37009 : 148;
37010 : 141;
37011 : 130;
37012 : 130;
37013 : 130;
37014 : 135;
37015 : 125;
37016 : 141;
37017 : 162;
37018 : 200;
37019 : 206;
37020 : 222;
37021 : 206;
37022 : 192;
37023 : 179;
37024 : 179;
37025 : 170;
37026 : 155;
37027 : 148;
37028 : 141;
37029 : 135;
37030 : 135;
37031 : 130;
37032 : 135;
37033 : 125;
37034 : 120;
37035 : 113;
37036 : 113;
37037 : 94;
37038 : 68;
37039 : 57;
37040 : 42;
37041 : 57;
37042 : 68;
37043 : 57;
37044 : 86;
37045 : 49;
37046 : 42;
37047 : 135;
37048 : 170;
37049 : 179;
37050 : 141;
37051 : 34;
37052 : 77;
37053 : 42;
37054 : 49;
37055 : 57;
37056 : 49;
37057 : 42;
37058 : 49;
37059 : 49;
37060 : 42;
37061 : 57;
37062 : 113;
37063 : 141;
37064 : 135;
37065 : 130;
37066 : 135;
37067 : 148;
37068 : 162;
37069 : 155;
37070 : 155;
37071 : 148;
37072 : 155;
37073 : 155;
37074 : 155;
37075 : 155;
37076 : 148;
37077 : 148;
37078 : 155;
37079 : 148;
37080 : 148;
37081 : 148;
37082 : 148;
37083 : 148;
37084 : 155;
37085 : 148;
37086 : 148;
37087 : 141;
37088 : 148;
37089 : 148;
37090 : 141;
37091 : 148;
37092 : 141;
37093 : 148;
37094 : 141;
37095 : 141;
37096 : 141;
37097 : 135;
37098 : 130;
37099 : 135;
37100 : 130;
37101 : 148;
37102 : 162;
37103 : 179;
37104 : 192;
37105 : 192;
37106 : 200;
37107 : 200;
37108 : 200;
37109 : 192;
37110 : 192;
37111 : 192;
37112 : 192;
37113 : 179;
37114 : 192;
37115 : 179;
37116 : 192;
37117 : 192;
37118 : 179;
37119 : 192;
37120 : 94;
37121 : 94;
37122 : 100;
37123 : 86;
37124 : 94;
37125 : 86;
37126 : 86;
37127 : 77;
37128 : 77;
37129 : 77;
37130 : 68;
37131 : 57;
37132 : 57;
37133 : 77;
37134 : 100;
37135 : 135;
37136 : 148;
37137 : 162;
37138 : 170;
37139 : 170;
37140 : 179;
37141 : 179;
37142 : 179;
37143 : 179;
37144 : 192;
37145 : 179;
37146 : 179;
37147 : 170;
37148 : 162;
37149 : 155;
37150 : 135;
37151 : 113;
37152 : 94;
37153 : 77;
37154 : 77;
37155 : 86;
37156 : 94;
37157 : 100;
37158 : 94;
37159 : 100;
37160 : 106;
37161 : 113;
37162 : 130;
37163 : 141;
37164 : 162;
37165 : 155;
37166 : 162;
37167 : 170;
37168 : 155;
37169 : 148;
37170 : 86;
37171 : 57;
37172 : 68;
37173 : 86;
37174 : 57;
37175 : 57;
37176 : 57;
37177 : 68;
37178 : 49;
37179 : 100;
37180 : 86;
37181 : 94;
37182 : 120;
37183 : 77;
37184 : 94;
37185 : 113;
37186 : 120;
37187 : 68;
37188 : 42;
37189 : 42;
37190 : 34;
37191 : 42;
37192 : 49;
37193 : 49;
37194 : 49;
37195 : 77;
37196 : 106;
37197 : 120;
37198 : 125;
37199 : 106;
37200 : 86;
37201 : 155;
37202 : 155;
37203 : 49;
37204 : 106;
37205 : 130;
37206 : 106;
37207 : 86;
37208 : 86;
37209 : 34;
37210 : 49;
37211 : 42;
37212 : 49;
37213 : 42;
37214 : 49;
37215 : 42;
37216 : 42;
37217 : 34;
37218 : 34;
37219 : 162;
37220 : 120;
37221 : 100;
37222 : 125;
37223 : 179;
37224 : 179;
37225 : 192;
37226 : 192;
37227 : 206;
37228 : 162;
37229 : 49;
37230 : 57;
37231 : 86;
37232 : 94;
37233 : 113;
37234 : 120;
37235 : 120;
37236 : 130;
37237 : 130;
37238 : 135;
37239 : 141;
37240 : 148;
37241 : 155;
37242 : 155;
37243 : 162;
37244 : 162;
37245 : 170;
37246 : 170;
37247 : 170;
37248 : 170;
37249 : 179;
37250 : 170;
37251 : 179;
37252 : 170;
37253 : 179;
37254 : 170;
37255 : 162;
37256 : 170;
37257 : 170;
37258 : 170;
37259 : 170;
37260 : 162;
37261 : 155;
37262 : 148;
37263 : 141;
37264 : 141;
37265 : 148;
37266 : 141;
37267 : 135;
37268 : 125;
37269 : 135;
37270 : 125;
37271 : 130;
37272 : 141;
37273 : 155;
37274 : 192;
37275 : 212;
37276 : 222;
37277 : 212;
37278 : 192;
37279 : 170;
37280 : 170;
37281 : 170;
37282 : 155;
37283 : 148;
37284 : 148;
37285 : 135;
37286 : 141;
37287 : 135;
37288 : 135;
37289 : 130;
37290 : 120;
37291 : 120;
37292 : 113;
37293 : 94;
37294 : 57;
37295 : 57;
37296 : 42;
37297 : 57;
37298 : 57;
37299 : 68;
37300 : 86;
37301 : 49;
37302 : 34;
37303 : 125;
37304 : 155;
37305 : 170;
37306 : 162;
37307 : 68;
37308 : 68;
37309 : 34;
37310 : 34;
37311 : 57;
37312 : 34;
37313 : 57;
37314 : 57;
37315 : 49;
37316 : 49;
37317 : 68;
37318 : 120;
37319 : 141;
37320 : 135;
37321 : 130;
37322 : 135;
37323 : 155;
37324 : 162;
37325 : 162;
37326 : 155;
37327 : 155;
37328 : 155;
37329 : 155;
37330 : 148;
37331 : 148;
37332 : 155;
37333 : 148;
37334 : 148;
37335 : 148;
37336 : 155;
37337 : 155;
37338 : 148;
37339 : 155;
37340 : 148;
37341 : 148;
37342 : 155;
37343 : 148;
37344 : 148;
37345 : 141;
37346 : 148;
37347 : 141;
37348 : 141;
37349 : 141;
37350 : 135;
37351 : 135;
37352 : 141;
37353 : 135;
37354 : 135;
37355 : 135;
37356 : 135;
37357 : 162;
37358 : 179;
37359 : 192;
37360 : 192;
37361 : 192;
37362 : 200;
37363 : 192;
37364 : 200;
37365 : 192;
37366 : 192;
37367 : 192;
37368 : 192;
37369 : 192;
37370 : 192;
37371 : 192;
37372 : 192;
37373 : 192;
37374 : 192;
37375 : 192;
37376 : 86;
37377 : 86;
37378 : 86;
37379 : 86;
37380 : 86;
37381 : 86;
37382 : 77;
37383 : 77;
37384 : 77;
37385 : 68;
37386 : 57;
37387 : 57;
37388 : 57;
37389 : 77;
37390 : 120;
37391 : 125;
37392 : 148;
37393 : 155;
37394 : 162;
37395 : 170;
37396 : 179;
37397 : 170;
37398 : 179;
37399 : 179;
37400 : 179;
37401 : 179;
37402 : 179;
37403 : 179;
37404 : 162;
37405 : 148;
37406 : 135;
37407 : 113;
37408 : 86;
37409 : 77;
37410 : 77;
37411 : 86;
37412 : 86;
37413 : 86;
37414 : 106;
37415 : 100;
37416 : 135;
37417 : 148;
37418 : 155;
37419 : 130;
37420 : 141;
37421 : 120;
37422 : 141;
37423 : 130;
37424 : 120;
37425 : 42;
37426 : 49;
37427 : 86;
37428 : 86;
37429 : 57;
37430 : 57;
37431 : 68;
37432 : 68;
37433 : 57;
37434 : 68;
37435 : 106;
37436 : 86;
37437 : 86;
37438 : 86;
37439 : 106;
37440 : 125;
37441 : 135;
37442 : 68;
37443 : 49;
37444 : 49;
37445 : 49;
37446 : 42;
37447 : 42;
37448 : 49;
37449 : 49;
37450 : 49;
37451 : 57;
37452 : 77;
37453 : 68;
37454 : 130;
37455 : 148;
37456 : 113;
37457 : 34;
37458 : 34;
37459 : 42;
37460 : 100;
37461 : 148;
37462 : 125;
37463 : 106;
37464 : 57;
37465 : 49;
37466 : 49;
37467 : 49;
37468 : 42;
37469 : 49;
37470 : 42;
37471 : 49;
37472 : 49;
37473 : 42;
37474 : 77;
37475 : 170;
37476 : 113;
37477 : 113;
37478 : 192;
37479 : 179;
37480 : 192;
37481 : 192;
37482 : 206;
37483 : 222;
37484 : 34;
37485 : 49;
37486 : 68;
37487 : 86;
37488 : 106;
37489 : 120;
37490 : 120;
37491 : 125;
37492 : 125;
37493 : 130;
37494 : 141;
37495 : 141;
37496 : 148;
37497 : 148;
37498 : 148;
37499 : 162;
37500 : 162;
37501 : 170;
37502 : 170;
37503 : 170;
37504 : 170;
37505 : 179;
37506 : 179;
37507 : 170;
37508 : 179;
37509 : 179;
37510 : 179;
37511 : 179;
37512 : 179;
37513 : 179;
37514 : 170;
37515 : 170;
37516 : 170;
37517 : 155;
37518 : 148;
37519 : 148;
37520 : 148;
37521 : 141;
37522 : 141;
37523 : 130;
37524 : 135;
37525 : 130;
37526 : 130;
37527 : 130;
37528 : 135;
37529 : 155;
37530 : 179;
37531 : 212;
37532 : 222;
37533 : 212;
37534 : 200;
37535 : 179;
37536 : 162;
37537 : 162;
37538 : 162;
37539 : 155;
37540 : 148;
37541 : 135;
37542 : 135;
37543 : 135;
37544 : 130;
37545 : 130;
37546 : 130;
37547 : 120;
37548 : 113;
37549 : 94;
37550 : 57;
37551 : 57;
37552 : 42;
37553 : 57;
37554 : 57;
37555 : 68;
37556 : 86;
37557 : 42;
37558 : 42;
37559 : 94;
37560 : 170;
37561 : 170;
37562 : 162;
37563 : 100;
37564 : 68;
37565 : 42;
37566 : 42;
37567 : 49;
37568 : 49;
37569 : 57;
37570 : 42;
37571 : 42;
37572 : 42;
37573 : 86;
37574 : 130;
37575 : 135;
37576 : 135;
37577 : 130;
37578 : 148;
37579 : 162;
37580 : 162;
37581 : 155;
37582 : 155;
37583 : 155;
37584 : 155;
37585 : 155;
37586 : 155;
37587 : 148;
37588 : 148;
37589 : 155;
37590 : 155;
37591 : 155;
37592 : 148;
37593 : 148;
37594 : 148;
37595 : 148;
37596 : 148;
37597 : 148;
37598 : 141;
37599 : 148;
37600 : 148;
37601 : 148;
37602 : 141;
37603 : 141;
37604 : 141;
37605 : 141;
37606 : 141;
37607 : 135;
37608 : 135;
37609 : 135;
37610 : 130;
37611 : 135;
37612 : 162;
37613 : 179;
37614 : 179;
37615 : 192;
37616 : 192;
37617 : 200;
37618 : 192;
37619 : 200;
37620 : 200;
37621 : 192;
37622 : 200;
37623 : 192;
37624 : 192;
37625 : 192;
37626 : 192;
37627 : 192;
37628 : 192;
37629 : 192;
37630 : 200;
37631 : 200;
37632 : 86;
37633 : 86;
37634 : 94;
37635 : 77;
37636 : 77;
37637 : 77;
37638 : 86;
37639 : 77;
37640 : 68;
37641 : 68;
37642 : 77;
37643 : 57;
37644 : 57;
37645 : 77;
37646 : 106;
37647 : 130;
37648 : 148;
37649 : 155;
37650 : 162;
37651 : 170;
37652 : 179;
37653 : 179;
37654 : 179;
37655 : 179;
37656 : 179;
37657 : 179;
37658 : 179;
37659 : 170;
37660 : 162;
37661 : 155;
37662 : 135;
37663 : 120;
37664 : 86;
37665 : 77;
37666 : 77;
37667 : 86;
37668 : 94;
37669 : 94;
37670 : 106;
37671 : 130;
37672 : 120;
37673 : 113;
37674 : 106;
37675 : 125;
37676 : 130;
37677 : 120;
37678 : 130;
37679 : 94;
37680 : 86;
37681 : 68;
37682 : 77;
37683 : 77;
37684 : 77;
37685 : 57;
37686 : 68;
37687 : 57;
37688 : 57;
37689 : 86;
37690 : 113;
37691 : 57;
37692 : 100;
37693 : 130;
37694 : 120;
37695 : 141;
37696 : 135;
37697 : 106;
37698 : 49;
37699 : 42;
37700 : 49;
37701 : 42;
37702 : 49;
37703 : 42;
37704 : 49;
37705 : 49;
37706 : 49;
37707 : 49;
37708 : 49;
37709 : 100;
37710 : 42;
37711 : 68;
37712 : 86;
37713 : 42;
37714 : 34;
37715 : 49;
37716 : 94;
37717 : 141;
37718 : 125;
37719 : 86;
37720 : 86;
37721 : 49;
37722 : 34;
37723 : 42;
37724 : 49;
37725 : 42;
37726 : 49;
37727 : 34;
37728 : 42;
37729 : 42;
37730 : 148;
37731 : 125;
37732 : 120;
37733 : 113;
37734 : 179;
37735 : 192;
37736 : 192;
37737 : 200;
37738 : 222;
37739 : 34;
37740 : 34;
37741 : 49;
37742 : 68;
37743 : 94;
37744 : 113;
37745 : 120;
37746 : 120;
37747 : 125;
37748 : 125;
37749 : 135;
37750 : 135;
37751 : 141;
37752 : 148;
37753 : 148;
37754 : 155;
37755 : 155;
37756 : 162;
37757 : 170;
37758 : 170;
37759 : 170;
37760 : 179;
37761 : 179;
37762 : 179;
37763 : 170;
37764 : 179;
37765 : 170;
37766 : 179;
37767 : 170;
37768 : 179;
37769 : 179;
37770 : 170;
37771 : 162;
37772 : 162;
37773 : 155;
37774 : 155;
37775 : 141;
37776 : 148;
37777 : 141;
37778 : 141;
37779 : 135;
37780 : 130;
37781 : 130;
37782 : 125;
37783 : 130;
37784 : 141;
37785 : 162;
37786 : 192;
37787 : 206;
37788 : 222;
37789 : 222;
37790 : 200;
37791 : 179;
37792 : 162;
37793 : 170;
37794 : 162;
37795 : 155;
37796 : 148;
37797 : 141;
37798 : 135;
37799 : 135;
37800 : 130;
37801 : 125;
37802 : 130;
37803 : 125;
37804 : 106;
37805 : 86;
37806 : 49;
37807 : 57;
37808 : 49;
37809 : 68;
37810 : 57;
37811 : 86;
37812 : 86;
37813 : 42;
37814 : 42;
37815 : 94;
37816 : 170;
37817 : 162;
37818 : 162;
37819 : 125;
37820 : 49;
37821 : 34;
37822 : 34;
37823 : 49;
37824 : 42;
37825 : 57;
37826 : 49;
37827 : 42;
37828 : 42;
37829 : 100;
37830 : 141;
37831 : 141;
37832 : 141;
37833 : 135;
37834 : 148;
37835 : 162;
37836 : 162;
37837 : 155;
37838 : 155;
37839 : 155;
37840 : 155;
37841 : 148;
37842 : 155;
37843 : 155;
37844 : 148;
37845 : 148;
37846 : 162;
37847 : 148;
37848 : 148;
37849 : 148;
37850 : 148;
37851 : 148;
37852 : 148;
37853 : 148;
37854 : 148;
37855 : 141;
37856 : 148;
37857 : 141;
37858 : 148;
37859 : 141;
37860 : 141;
37861 : 141;
37862 : 141;
37863 : 135;
37864 : 135;
37865 : 130;
37866 : 135;
37867 : 148;
37868 : 170;
37869 : 192;
37870 : 192;
37871 : 192;
37872 : 192;
37873 : 192;
37874 : 192;
37875 : 200;
37876 : 192;
37877 : 192;
37878 : 192;
37879 : 192;
37880 : 192;
37881 : 192;
37882 : 192;
37883 : 192;
37884 : 200;
37885 : 200;
37886 : 200;
37887 : 200;
37888 : 86;
37889 : 77;
37890 : 77;
37891 : 77;
37892 : 86;
37893 : 77;
37894 : 77;
37895 : 77;
37896 : 77;
37897 : 68;
37898 : 68;
37899 : 57;
37900 : 57;
37901 : 68;
37902 : 106;
37903 : 130;
37904 : 148;
37905 : 155;
37906 : 162;
37907 : 170;
37908 : 179;
37909 : 179;
37910 : 179;
37911 : 179;
37912 : 179;
37913 : 179;
37914 : 179;
37915 : 170;
37916 : 162;
37917 : 148;
37918 : 135;
37919 : 113;
37920 : 94;
37921 : 77;
37922 : 77;
37923 : 94;
37924 : 86;
37925 : 94;
37926 : 106;
37927 : 100;
37928 : 106;
37929 : 113;
37930 : 113;
37931 : 125;
37932 : 130;
37933 : 86;
37934 : 94;
37935 : 68;
37936 : 100;
37937 : 86;
37938 : 106;
37939 : 77;
37940 : 57;
37941 : 77;
37942 : 49;
37943 : 68;
37944 : 86;
37945 : 113;
37946 : 94;
37947 : 57;
37948 : 77;
37949 : 135;
37950 : 135;
37951 : 100;
37952 : 57;
37953 : 77;
37954 : 49;
37955 : 57;
37956 : 49;
37957 : 49;
37958 : 49;
37959 : 49;
37960 : 42;
37961 : 42;
37962 : 57;
37963 : 42;
37964 : 42;
37965 : 49;
37966 : 94;
37967 : 49;
37968 : 77;
37969 : 42;
37970 : 34;
37971 : 34;
37972 : 100;
37973 : 148;
37974 : 141;
37975 : 125;
37976 : 86;
37977 : 49;
37978 : 49;
37979 : 34;
37980 : 42;
37981 : 42;
37982 : 42;
37983 : 42;
37984 : 34;
37985 : 94;
37986 : 162;
37987 : 113;
37988 : 113;
37989 : 200;
37990 : 179;
37991 : 192;
37992 : 179;
37993 : 206;
37994 : 77;
37995 : 34;
37996 : 42;
37997 : 57;
37998 : 68;
37999 : 94;
38000 : 113;
38001 : 120;
38002 : 120;
38003 : 130;
38004 : 125;
38005 : 125;
38006 : 135;
38007 : 141;
38008 : 141;
38009 : 148;
38010 : 148;
38011 : 155;
38012 : 155;
38013 : 162;
38014 : 170;
38015 : 179;
38016 : 170;
38017 : 179;
38018 : 170;
38019 : 179;
38020 : 179;
38021 : 179;
38022 : 179;
38023 : 170;
38024 : 179;
38025 : 170;
38026 : 179;
38027 : 162;
38028 : 155;
38029 : 162;
38030 : 148;
38031 : 148;
38032 : 148;
38033 : 148;
38034 : 141;
38035 : 141;
38036 : 135;
38037 : 130;
38038 : 130;
38039 : 130;
38040 : 135;
38041 : 148;
38042 : 179;
38043 : 206;
38044 : 222;
38045 : 222;
38046 : 200;
38047 : 170;
38048 : 162;
38049 : 162;
38050 : 155;
38051 : 162;
38052 : 148;
38053 : 148;
38054 : 141;
38055 : 135;
38056 : 130;
38057 : 125;
38058 : 130;
38059 : 125;
38060 : 113;
38061 : 86;
38062 : 57;
38063 : 57;
38064 : 49;
38065 : 49;
38066 : 49;
38067 : 68;
38068 : 77;
38069 : 42;
38070 : 34;
38071 : 68;
38072 : 162;
38073 : 170;
38074 : 148;
38075 : 162;
38076 : 34;
38077 : 34;
38078 : 42;
38079 : 49;
38080 : 49;
38081 : 57;
38082 : 49;
38083 : 49;
38084 : 57;
38085 : 113;
38086 : 135;
38087 : 141;
38088 : 135;
38089 : 141;
38090 : 162;
38091 : 162;
38092 : 162;
38093 : 155;
38094 : 155;
38095 : 148;
38096 : 155;
38097 : 155;
38098 : 155;
38099 : 148;
38100 : 148;
38101 : 148;
38102 : 148;
38103 : 148;
38104 : 148;
38105 : 148;
38106 : 148;
38107 : 148;
38108 : 148;
38109 : 148;
38110 : 148;
38111 : 141;
38112 : 148;
38113 : 148;
38114 : 148;
38115 : 141;
38116 : 141;
38117 : 141;
38118 : 135;
38119 : 135;
38120 : 130;
38121 : 130;
38122 : 148;
38123 : 170;
38124 : 179;
38125 : 192;
38126 : 192;
38127 : 192;
38128 : 192;
38129 : 192;
38130 : 192;
38131 : 192;
38132 : 192;
38133 : 192;
38134 : 192;
38135 : 200;
38136 : 192;
38137 : 192;
38138 : 192;
38139 : 200;
38140 : 200;
38141 : 200;
38142 : 200;
38143 : 200;
38144 : 77;
38145 : 77;
38146 : 77;
38147 : 77;
38148 : 77;
38149 : 77;
38150 : 68;
38151 : 68;
38152 : 77;
38153 : 68;
38154 : 57;
38155 : 57;
38156 : 57;
38157 : 68;
38158 : 106;
38159 : 130;
38160 : 148;
38161 : 148;
38162 : 162;
38163 : 170;
38164 : 179;
38165 : 179;
38166 : 179;
38167 : 179;
38168 : 179;
38169 : 179;
38170 : 179;
38171 : 170;
38172 : 162;
38173 : 148;
38174 : 130;
38175 : 113;
38176 : 94;
38177 : 77;
38178 : 86;
38179 : 86;
38180 : 86;
38181 : 100;
38182 : 94;
38183 : 106;
38184 : 113;
38185 : 113;
38186 : 113;
38187 : 113;
38188 : 125;
38189 : 77;
38190 : 86;
38191 : 94;
38192 : 57;
38193 : 120;
38194 : 94;
38195 : 100;
38196 : 100;
38197 : 68;
38198 : 57;
38199 : 86;
38200 : 113;
38201 : 94;
38202 : 49;
38203 : 57;
38204 : 113;
38205 : 148;
38206 : 86;
38207 : 113;
38208 : 49;
38209 : 113;
38210 : 57;
38211 : 34;
38212 : 42;
38213 : 49;
38214 : 57;
38215 : 49;
38216 : 49;
38217 : 49;
38218 : 57;
38219 : 49;
38220 : 49;
38221 : 57;
38222 : 49;
38223 : 49;
38224 : 86;
38225 : 34;
38226 : 34;
38227 : 57;
38228 : 100;
38229 : 135;
38230 : 113;
38231 : 155;
38232 : 86;
38233 : 34;
38234 : 34;
38235 : 42;
38236 : 34;
38237 : 34;
38238 : 34;
38239 : 34;
38240 : 34;
38241 : 148;
38242 : 113;
38243 : 113;
38244 : 120;
38245 : 200;
38246 : 192;
38247 : 192;
38248 : 200;
38249 : 200;
38250 : 42;
38251 : 42;
38252 : 49;
38253 : 57;
38254 : 77;
38255 : 100;
38256 : 113;
38257 : 120;
38258 : 120;
38259 : 130;
38260 : 125;
38261 : 135;
38262 : 135;
38263 : 130;
38264 : 141;
38265 : 148;
38266 : 141;
38267 : 148;
38268 : 155;
38269 : 162;
38270 : 170;
38271 : 170;
38272 : 170;
38273 : 179;
38274 : 179;
38275 : 179;
38276 : 179;
38277 : 179;
38278 : 179;
38279 : 170;
38280 : 179;
38281 : 170;
38282 : 170;
38283 : 162;
38284 : 155;
38285 : 155;
38286 : 148;
38287 : 148;
38288 : 141;
38289 : 148;
38290 : 148;
38291 : 135;
38292 : 135;
38293 : 125;
38294 : 130;
38295 : 135;
38296 : 135;
38297 : 155;
38298 : 170;
38299 : 212;
38300 : 222;
38301 : 222;
38302 : 206;
38303 : 179;
38304 : 162;
38305 : 170;
38306 : 162;
38307 : 155;
38308 : 148;
38309 : 141;
38310 : 141;
38311 : 135;
38312 : 135;
38313 : 130;
38314 : 130;
38315 : 120;
38316 : 106;
38317 : 68;
38318 : 57;
38319 : 49;
38320 : 49;
38321 : 57;
38322 : 49;
38323 : 68;
38324 : 77;
38325 : 42;
38326 : 34;
38327 : 68;
38328 : 170;
38329 : 162;
38330 : 155;
38331 : 162;
38332 : 34;
38333 : 34;
38334 : 57;
38335 : 49;
38336 : 57;
38337 : 49;
38338 : 42;
38339 : 42;
38340 : 68;
38341 : 120;
38342 : 141;
38343 : 135;
38344 : 135;
38345 : 148;
38346 : 162;
38347 : 162;
38348 : 155;
38349 : 155;
38350 : 148;
38351 : 148;
38352 : 155;
38353 : 155;
38354 : 155;
38355 : 155;
38356 : 155;
38357 : 148;
38358 : 148;
38359 : 148;
38360 : 148;
38361 : 148;
38362 : 148;
38363 : 148;
38364 : 148;
38365 : 141;
38366 : 148;
38367 : 141;
38368 : 141;
38369 : 148;
38370 : 148;
38371 : 141;
38372 : 141;
38373 : 135;
38374 : 135;
38375 : 130;
38376 : 130;
38377 : 130;
38378 : 155;
38379 : 179;
38380 : 192;
38381 : 200;
38382 : 200;
38383 : 192;
38384 : 200;
38385 : 192;
38386 : 192;
38387 : 192;
38388 : 200;
38389 : 192;
38390 : 192;
38391 : 192;
38392 : 192;
38393 : 200;
38394 : 200;
38395 : 200;
38396 : 206;
38397 : 206;
38398 : 206;
38399 : 200;
38400 : 77;
38401 : 77;
38402 : 77;
38403 : 77;
38404 : 68;
38405 : 77;
38406 : 68;
38407 : 68;
38408 : 77;
38409 : 68;
38410 : 68;
38411 : 57;
38412 : 57;
38413 : 68;
38414 : 100;
38415 : 130;
38416 : 148;
38417 : 155;
38418 : 170;
38419 : 170;
38420 : 170;
38421 : 179;
38422 : 179;
38423 : 170;
38424 : 179;
38425 : 179;
38426 : 170;
38427 : 170;
38428 : 162;
38429 : 148;
38430 : 135;
38431 : 120;
38432 : 94;
38433 : 77;
38434 : 86;
38435 : 86;
38436 : 94;
38437 : 86;
38438 : 100;
38439 : 106;
38440 : 100;
38441 : 106;
38442 : 113;
38443 : 113;
38444 : 113;
38445 : 57;
38446 : 130;
38447 : 135;
38448 : 148;
38449 : 86;
38450 : 68;
38451 : 100;
38452 : 94;
38453 : 68;
38454 : 106;
38455 : 130;
38456 : 57;
38457 : 57;
38458 : 57;
38459 : 57;
38460 : 42;
38461 : 148;
38462 : 106;
38463 : 94;
38464 : 42;
38465 : 57;
38466 : 57;
38467 : 49;
38468 : 57;
38469 : 49;
38470 : 49;
38471 : 49;
38472 : 57;
38473 : 42;
38474 : 49;
38475 : 49;
38476 : 57;
38477 : 42;
38478 : 68;
38479 : 49;
38480 : 77;
38481 : 34;
38482 : 34;
38483 : 57;
38484 : 100;
38485 : 120;
38486 : 86;
38487 : 192;
38488 : 148;
38489 : 57;
38490 : 34;
38491 : 49;
38492 : 34;
38493 : 34;
38494 : 42;
38495 : 34;
38496 : 77;
38497 : 162;
38498 : 113;
38499 : 120;
38500 : 192;
38501 : 179;
38502 : 192;
38503 : 200;
38504 : 222;
38505 : 34;
38506 : 42;
38507 : 49;
38508 : 42;
38509 : 57;
38510 : 77;
38511 : 94;
38512 : 113;
38513 : 125;
38514 : 120;
38515 : 120;
38516 : 130;
38517 : 141;
38518 : 130;
38519 : 135;
38520 : 141;
38521 : 148;
38522 : 148;
38523 : 148;
38524 : 155;
38525 : 155;
38526 : 155;
38527 : 170;
38528 : 170;
38529 : 170;
38530 : 179;
38531 : 170;
38532 : 179;
38533 : 179;
38534 : 170;
38535 : 170;
38536 : 170;
38537 : 162;
38538 : 162;
38539 : 155;
38540 : 155;
38541 : 148;
38542 : 141;
38543 : 141;
38544 : 141;
38545 : 141;
38546 : 135;
38547 : 135;
38548 : 130;
38549 : 113;
38550 : 125;
38551 : 130;
38552 : 141;
38553 : 148;
38554 : 170;
38555 : 192;
38556 : 222;
38557 : 222;
38558 : 212;
38559 : 170;
38560 : 162;
38561 : 162;
38562 : 155;
38563 : 155;
38564 : 148;
38565 : 148;
38566 : 141;
38567 : 135;
38568 : 130;
38569 : 130;
38570 : 130;
38571 : 120;
38572 : 100;
38573 : 68;
38574 : 57;
38575 : 42;
38576 : 57;
38577 : 49;
38578 : 49;
38579 : 68;
38580 : 77;
38581 : 42;
38582 : 34;
38583 : 57;
38584 : 179;
38585 : 179;
38586 : 135;
38587 : 162;
38588 : 49;
38589 : 42;
38590 : 34;
38591 : 49;
38592 : 68;
38593 : 42;
38594 : 57;
38595 : 49;
38596 : 86;
38597 : 130;
38598 : 135;
38599 : 141;
38600 : 135;
38601 : 179;
38602 : 200;
38603 : 162;
38604 : 155;
38605 : 155;
38606 : 155;
38607 : 155;
38608 : 155;
38609 : 155;
38610 : 148;
38611 : 155;
38612 : 148;
38613 : 148;
38614 : 148;
38615 : 148;
38616 : 148;
38617 : 148;
38618 : 141;
38619 : 148;
38620 : 141;
38621 : 141;
38622 : 148;
38623 : 141;
38624 : 135;
38625 : 148;
38626 : 148;
38627 : 141;
38628 : 141;
38629 : 135;
38630 : 135;
38631 : 130;
38632 : 130;
38633 : 148;
38634 : 179;
38635 : 192;
38636 : 192;
38637 : 192;
38638 : 192;
38639 : 200;
38640 : 192;
38641 : 192;
38642 : 192;
38643 : 192;
38644 : 200;
38645 : 192;
38646 : 200;
38647 : 200;
38648 : 200;
38649 : 200;
38650 : 206;
38651 : 206;
38652 : 206;
38653 : 200;
38654 : 206;
38655 : 206;
38656 : 77;
38657 : 77;
38658 : 77;
38659 : 68;
38660 : 77;
38661 : 77;
38662 : 77;
38663 : 68;
38664 : 68;
38665 : 68;
38666 : 57;
38667 : 49;
38668 : 57;
38669 : 68;
38670 : 106;
38671 : 130;
38672 : 148;
38673 : 155;
38674 : 162;
38675 : 170;
38676 : 170;
38677 : 170;
38678 : 170;
38679 : 170;
38680 : 179;
38681 : 170;
38682 : 179;
38683 : 170;
38684 : 162;
38685 : 148;
38686 : 135;
38687 : 113;
38688 : 94;
38689 : 77;
38690 : 68;
38691 : 86;
38692 : 106;
38693 : 113;
38694 : 94;
38695 : 100;
38696 : 106;
38697 : 113;
38698 : 106;
38699 : 113;
38700 : 113;
38701 : 130;
38702 : 162;
38703 : 113;
38704 : 42;
38705 : 68;
38706 : 113;
38707 : 106;
38708 : 68;
38709 : 86;
38710 : 130;
38711 : 42;
38712 : 57;
38713 : 68;
38714 : 57;
38715 : 49;
38716 : 49;
38717 : 77;
38718 : 125;
38719 : 77;
38720 : 100;
38721 : 49;
38722 : 68;
38723 : 57;
38724 : 57;
38725 : 49;
38726 : 57;
38727 : 49;
38728 : 49;
38729 : 49;
38730 : 49;
38731 : 49;
38732 : 42;
38733 : 68;
38734 : 100;
38735 : 34;
38736 : 42;
38737 : 49;
38738 : 49;
38739 : 49;
38740 : 113;
38741 : 125;
38742 : 86;
38743 : 113;
38744 : 170;
38745 : 155;
38746 : 68;
38747 : 34;
38748 : 34;
38749 : 42;
38750 : 42;
38751 : 34;
38752 : 135;
38753 : 120;
38754 : 113;
38755 : 113;
38756 : 206;
38757 : 192;
38758 : 200;
38759 : 212;
38760 : 113;
38761 : 42;
38762 : 34;
38763 : 68;
38764 : 49;
38765 : 57;
38766 : 68;
38767 : 100;
38768 : 106;
38769 : 120;
38770 : 120;
38771 : 130;
38772 : 125;
38773 : 125;
38774 : 135;
38775 : 141;
38776 : 141;
38777 : 148;
38778 : 148;
38779 : 155;
38780 : 155;
38781 : 155;
38782 : 162;
38783 : 162;
38784 : 162;
38785 : 170;
38786 : 179;
38787 : 170;
38788 : 179;
38789 : 179;
38790 : 179;
38791 : 170;
38792 : 170;
38793 : 170;
38794 : 162;
38795 : 162;
38796 : 155;
38797 : 148;
38798 : 148;
38799 : 141;
38800 : 141;
38801 : 135;
38802 : 141;
38803 : 130;
38804 : 125;
38805 : 125;
38806 : 125;
38807 : 130;
38808 : 135;
38809 : 148;
38810 : 162;
38811 : 179;
38812 : 212;
38813 : 222;
38814 : 206;
38815 : 170;
38816 : 162;
38817 : 162;
38818 : 162;
38819 : 155;
38820 : 148;
38821 : 155;
38822 : 141;
38823 : 141;
38824 : 130;
38825 : 130;
38826 : 125;
38827 : 120;
38828 : 94;
38829 : 57;
38830 : 42;
38831 : 49;
38832 : 57;
38833 : 49;
38834 : 57;
38835 : 77;
38836 : 68;
38837 : 34;
38838 : 42;
38839 : 49;
38840 : 170;
38841 : 162;
38842 : 141;
38843 : 148;
38844 : 77;
38845 : 57;
38846 : 34;
38847 : 49;
38848 : 57;
38849 : 49;
38850 : 49;
38851 : 49;
38852 : 100;
38853 : 135;
38854 : 135;
38855 : 135;
38856 : 141;
38857 : 155;
38858 : 162;
38859 : 162;
38860 : 155;
38861 : 155;
38862 : 155;
38863 : 155;
38864 : 155;
38865 : 155;
38866 : 155;
38867 : 148;
38868 : 155;
38869 : 148;
38870 : 148;
38871 : 148;
38872 : 148;
38873 : 141;
38874 : 148;
38875 : 148;
38876 : 141;
38877 : 148;
38878 : 141;
38879 : 141;
38880 : 148;
38881 : 141;
38882 : 141;
38883 : 135;
38884 : 141;
38885 : 135;
38886 : 130;
38887 : 130;
38888 : 135;
38889 : 162;
38890 : 179;
38891 : 192;
38892 : 192;
38893 : 200;
38894 : 192;
38895 : 192;
38896 : 192;
38897 : 192;
38898 : 192;
38899 : 192;
38900 : 192;
38901 : 192;
38902 : 200;
38903 : 200;
38904 : 206;
38905 : 200;
38906 : 206;
38907 : 200;
38908 : 206;
38909 : 200;
38910 : 200;
38911 : 200;
38912 : 77;
38913 : 77;
38914 : 68;
38915 : 68;
38916 : 77;
38917 : 68;
38918 : 68;
38919 : 68;
38920 : 68;
38921 : 68;
38922 : 57;
38923 : 49;
38924 : 49;
38925 : 77;
38926 : 106;
38927 : 125;
38928 : 148;
38929 : 155;
38930 : 162;
38931 : 170;
38932 : 179;
38933 : 179;
38934 : 170;
38935 : 179;
38936 : 179;
38937 : 179;
38938 : 170;
38939 : 170;
38940 : 155;
38941 : 148;
38942 : 141;
38943 : 120;
38944 : 86;
38945 : 68;
38946 : 77;
38947 : 77;
38948 : 120;
38949 : 130;
38950 : 94;
38951 : 94;
38952 : 106;
38953 : 113;
38954 : 135;
38955 : 162;
38956 : 162;
38957 : 86;
38958 : 42;
38959 : 57;
38960 : 68;
38961 : 113;
38962 : 148;
38963 : 86;
38964 : 86;
38965 : 155;
38966 : 42;
38967 : 42;
38968 : 49;
38969 : 120;
38970 : 68;
38971 : 49;
38972 : 34;
38973 : 130;
38974 : 141;
38975 : 86;
38976 : 148;
38977 : 57;
38978 : 57;
38979 : 57;
38980 : 57;
38981 : 49;
38982 : 68;
38983 : 42;
38984 : 49;
38985 : 42;
38986 : 42;
38987 : 57;
38988 : 34;
38989 : 57;
38990 : 68;
38991 : 68;
38992 : 57;
38993 : 49;
38994 : 49;
38995 : 86;
38996 : 94;
38997 : 148;
38998 : 113;
38999 : 57;
39000 : 86;
39001 : 192;
39002 : 148;
39003 : 34;
39004 : 34;
39005 : 34;
39006 : 42;
39007 : 42;
39008 : 155;
39009 : 106;
39010 : 113;
39011 : 155;
39012 : 200;
39013 : 200;
39014 : 206;
39015 : 222;
39016 : 34;
39017 : 34;
39018 : 34;
39019 : 68;
39020 : 57;
39021 : 57;
39022 : 77;
39023 : 86;
39024 : 100;
39025 : 113;
39026 : 120;
39027 : 125;
39028 : 130;
39029 : 135;
39030 : 135;
39031 : 130;
39032 : 141;
39033 : 141;
39034 : 148;
39035 : 155;
39036 : 155;
39037 : 155;
39038 : 155;
39039 : 162;
39040 : 162;
39041 : 170;
39042 : 179;
39043 : 170;
39044 : 170;
39045 : 170;
39046 : 170;
39047 : 170;
39048 : 170;
39049 : 170;
39050 : 162;
39051 : 162;
39052 : 148;
39053 : 148;
39054 : 141;
39055 : 135;
39056 : 130;
39057 : 135;
39058 : 135;
39059 : 125;
39060 : 130;
39061 : 125;
39062 : 120;
39063 : 130;
39064 : 135;
39065 : 141;
39066 : 170;
39067 : 179;
39068 : 212;
39069 : 222;
39070 : 212;
39071 : 170;
39072 : 162;
39073 : 155;
39074 : 155;
39075 : 155;
39076 : 148;
39077 : 148;
39078 : 141;
39079 : 135;
39080 : 125;
39081 : 125;
39082 : 130;
39083 : 120;
39084 : 86;
39085 : 57;
39086 : 49;
39087 : 49;
39088 : 57;
39089 : 68;
39090 : 57;
39091 : 77;
39092 : 86;
39093 : 42;
39094 : 34;
39095 : 42;
39096 : 162;
39097 : 162;
39098 : 125;
39099 : 141;
39100 : 106;
39101 : 57;
39102 : 34;
39103 : 57;
39104 : 49;
39105 : 57;
39106 : 42;
39107 : 57;
39108 : 120;
39109 : 141;
39110 : 135;
39111 : 135;
39112 : 155;
39113 : 162;
39114 : 162;
39115 : 162;
39116 : 155;
39117 : 155;
39118 : 155;
39119 : 155;
39120 : 155;
39121 : 155;
39122 : 148;
39123 : 148;
39124 : 148;
39125 : 148;
39126 : 148;
39127 : 148;
39128 : 141;
39129 : 148;
39130 : 148;
39131 : 141;
39132 : 148;
39133 : 148;
39134 : 141;
39135 : 141;
39136 : 141;
39137 : 135;
39138 : 148;
39139 : 141;
39140 : 135;
39141 : 135;
39142 : 130;
39143 : 130;
39144 : 155;
39145 : 170;
39146 : 192;
39147 : 192;
39148 : 192;
39149 : 192;
39150 : 200;
39151 : 192;
39152 : 192;
39153 : 192;
39154 : 192;
39155 : 192;
39156 : 192;
39157 : 200;
39158 : 200;
39159 : 206;
39160 : 206;
39161 : 212;
39162 : 206;
39163 : 206;
39164 : 200;
39165 : 206;
39166 : 200;
39167 : 206;
39168 : 77;
39169 : 68;
39170 : 77;
39171 : 86;
39172 : 77;
39173 : 77;
39174 : 68;
39175 : 68;
39176 : 68;
39177 : 68;
39178 : 57;
39179 : 49;
39180 : 49;
39181 : 77;
39182 : 106;
39183 : 130;
39184 : 141;
39185 : 155;
39186 : 162;
39187 : 170;
39188 : 170;
39189 : 170;
39190 : 170;
39191 : 170;
39192 : 179;
39193 : 179;
39194 : 179;
39195 : 170;
39196 : 162;
39197 : 148;
39198 : 135;
39199 : 113;
39200 : 86;
39201 : 77;
39202 : 77;
39203 : 77;
39204 : 135;
39205 : 120;
39206 : 94;
39207 : 100;
39208 : 135;
39209 : 162;
39210 : 148;
39211 : 113;
39212 : 120;
39213 : 68;
39214 : 42;
39215 : 49;
39216 : 120;
39217 : 141;
39218 : 141;
39219 : 94;
39220 : 135;
39221 : 57;
39222 : 57;
39223 : 42;
39224 : 77;
39225 : 100;
39226 : 113;
39227 : 42;
39228 : 86;
39229 : 141;
39230 : 125;
39231 : 86;
39232 : 130;
39233 : 68;
39234 : 49;
39235 : 57;
39236 : 68;
39237 : 49;
39238 : 57;
39239 : 42;
39240 : 34;
39241 : 34;
39242 : 34;
39243 : 49;
39244 : 49;
39245 : 86;
39246 : 94;
39247 : 77;
39248 : 77;
39249 : 42;
39250 : 100;
39251 : 77;
39252 : 141;
39253 : 170;
39254 : 170;
39255 : 68;
39256 : 68;
39257 : 125;
39258 : 125;
39259 : 34;
39260 : 34;
39261 : 34;
39262 : 34;
39263 : 148;
39264 : 125;
39265 : 113;
39266 : 120;
39267 : 206;
39268 : 200;
39269 : 200;
39270 : 222;
39271 : 34;
39272 : 34;
39273 : 34;
39274 : 34;
39275 : 68;
39276 : 57;
39277 : 49;
39278 : 68;
39279 : 94;
39280 : 100;
39281 : 113;
39282 : 120;
39283 : 120;
39284 : 130;
39285 : 130;
39286 : 135;
39287 : 130;
39288 : 135;
39289 : 141;
39290 : 141;
39291 : 148;
39292 : 148;
39293 : 155;
39294 : 155;
39295 : 162;
39296 : 162;
39297 : 162;
39298 : 170;
39299 : 170;
39300 : 162;
39301 : 170;
39302 : 170;
39303 : 170;
39304 : 170;
39305 : 170;
39306 : 162;
39307 : 155;
39308 : 155;
39309 : 148;
39310 : 135;
39311 : 130;
39312 : 135;
39313 : 135;
39314 : 130;
39315 : 130;
39316 : 130;
39317 : 120;
39318 : 125;
39319 : 125;
39320 : 130;
39321 : 135;
39322 : 162;
39323 : 192;
39324 : 206;
39325 : 222;
39326 : 222;
39327 : 192;
39328 : 162;
39329 : 162;
39330 : 155;
39331 : 155;
39332 : 148;
39333 : 141;
39334 : 141;
39335 : 135;
39336 : 130;
39337 : 135;
39338 : 120;
39339 : 113;
39340 : 77;
39341 : 57;
39342 : 34;
39343 : 49;
39344 : 49;
39345 : 68;
39346 : 57;
39347 : 77;
39348 : 94;
39349 : 34;
39350 : 42;
39351 : 42;
39352 : 141;
39353 : 170;
39354 : 125;
39355 : 155;
39356 : 120;
39357 : 42;
39358 : 34;
39359 : 57;
39360 : 49;
39361 : 42;
39362 : 42;
39363 : 86;
39364 : 125;
39365 : 148;
39366 : 141;
39367 : 135;
39368 : 155;
39369 : 162;
39370 : 155;
39371 : 162;
39372 : 162;
39373 : 155;
39374 : 155;
39375 : 155;
39376 : 155;
39377 : 155;
39378 : 148;
39379 : 148;
39380 : 148;
39381 : 155;
39382 : 148;
39383 : 148;
39384 : 148;
39385 : 148;
39386 : 148;
39387 : 148;
39388 : 148;
39389 : 141;
39390 : 141;
39391 : 148;
39392 : 141;
39393 : 135;
39394 : 148;
39395 : 135;
39396 : 141;
39397 : 135;
39398 : 130;
39399 : 141;
39400 : 162;
39401 : 179;
39402 : 192;
39403 : 192;
39404 : 200;
39405 : 192;
39406 : 192;
39407 : 192;
39408 : 192;
39409 : 192;
39410 : 192;
39411 : 200;
39412 : 200;
39413 : 200;
39414 : 206;
39415 : 206;
39416 : 212;
39417 : 206;
39418 : 206;
39419 : 206;
39420 : 206;
39421 : 200;
39422 : 200;
39423 : 200;
39424 : 77;
39425 : 77;
39426 : 77;
39427 : 77;
39428 : 86;
39429 : 77;
39430 : 77;
39431 : 68;
39432 : 57;
39433 : 68;
39434 : 57;
39435 : 57;
39436 : 49;
39437 : 68;
39438 : 100;
39439 : 125;
39440 : 148;
39441 : 148;
39442 : 162;
39443 : 170;
39444 : 179;
39445 : 170;
39446 : 170;
39447 : 170;
39448 : 179;
39449 : 179;
39450 : 179;
39451 : 162;
39452 : 162;
39453 : 148;
39454 : 141;
39455 : 113;
39456 : 86;
39457 : 68;
39458 : 77;
39459 : 77;
39460 : 94;
39461 : 155;
39462 : 106;
39463 : 141;
39464 : 162;
39465 : 113;
39466 : 113;
39467 : 141;
39468 : 113;
39469 : 49;
39470 : 57;
39471 : 113;
39472 : 125;
39473 : 135;
39474 : 57;
39475 : 120;
39476 : 57;
39477 : 57;
39478 : 49;
39479 : 68;
39480 : 106;
39481 : 68;
39482 : 141;
39483 : 57;
39484 : 148;
39485 : 120;
39486 : 113;
39487 : 125;
39488 : 68;
39489 : 130;
39490 : 57;
39491 : 49;
39492 : 57;
39493 : 49;
39494 : 57;
39495 : 42;
39496 : 34;
39497 : 42;
39498 : 34;
39499 : 57;
39500 : 57;
39501 : 120;
39502 : 125;
39503 : 86;
39504 : 57;
39505 : 42;
39506 : 86;
39507 : 125;
39508 : 135;
39509 : 179;
39510 : 179;
39511 : 94;
39512 : 49;
39513 : 86;
39514 : 135;
39515 : 34;
39516 : 34;
39517 : 34;
39518 : 42;
39519 : 162;
39520 : 106;
39521 : 120;
39522 : 141;
39523 : 192;
39524 : 200;
39525 : 206;
39526 : 86;
39527 : 34;
39528 : 34;
39529 : 34;
39530 : 34;
39531 : 77;
39532 : 68;
39533 : 57;
39534 : 77;
39535 : 86;
39536 : 106;
39537 : 113;
39538 : 120;
39539 : 125;
39540 : 130;
39541 : 125;
39542 : 130;
39543 : 135;
39544 : 141;
39545 : 135;
39546 : 148;
39547 : 148;
39548 : 148;
39549 : 155;
39550 : 155;
39551 : 155;
39552 : 162;
39553 : 155;
39554 : 162;
39555 : 170;
39556 : 170;
39557 : 170;
39558 : 170;
39559 : 170;
39560 : 162;
39561 : 162;
39562 : 162;
39563 : 162;
39564 : 148;
39565 : 148;
39566 : 141;
39567 : 135;
39568 : 130;
39569 : 135;
39570 : 135;
39571 : 125;
39572 : 125;
39573 : 120;
39574 : 120;
39575 : 120;
39576 : 130;
39577 : 141;
39578 : 162;
39579 : 179;
39580 : 200;
39581 : 222;
39582 : 222;
39583 : 206;
39584 : 148;
39585 : 162;
39586 : 155;
39587 : 155;
39588 : 148;
39589 : 148;
39590 : 141;
39591 : 130;
39592 : 130;
39593 : 130;
39594 : 120;
39595 : 100;
39596 : 68;
39597 : 42;
39598 : 42;
39599 : 49;
39600 : 42;
39601 : 68;
39602 : 68;
39603 : 68;
39604 : 94;
39605 : 42;
39606 : 34;
39607 : 49;
39608 : 135;
39609 : 170;
39610 : 148;
39611 : 170;
39612 : 130;
39613 : 34;
39614 : 34;
39615 : 57;
39616 : 42;
39617 : 42;
39618 : 49;
39619 : 106;
39620 : 141;
39621 : 141;
39622 : 135;
39623 : 135;
39624 : 155;
39625 : 162;
39626 : 162;
39627 : 155;
39628 : 155;
39629 : 155;
39630 : 148;
39631 : 155;
39632 : 155;
39633 : 155;
39634 : 155;
39635 : 155;
39636 : 148;
39637 : 148;
39638 : 148;
39639 : 148;
39640 : 148;
39641 : 141;
39642 : 141;
39643 : 148;
39644 : 148;
39645 : 148;
39646 : 148;
39647 : 141;
39648 : 141;
39649 : 141;
39650 : 141;
39651 : 141;
39652 : 135;
39653 : 130;
39654 : 135;
39655 : 155;
39656 : 179;
39657 : 192;
39658 : 192;
39659 : 200;
39660 : 192;
39661 : 192;
39662 : 192;
39663 : 192;
39664 : 192;
39665 : 192;
39666 : 192;
39667 : 200;
39668 : 206;
39669 : 206;
39670 : 206;
39671 : 206;
39672 : 212;
39673 : 206;
39674 : 212;
39675 : 206;
39676 : 200;
39677 : 206;
39678 : 200;
39679 : 206;
39680 : 77;
39681 : 77;
39682 : 86;
39683 : 68;
39684 : 77;
39685 : 68;
39686 : 68;
39687 : 68;
39688 : 68;
39689 : 57;
39690 : 57;
39691 : 49;
39692 : 42;
39693 : 68;
39694 : 100;
39695 : 130;
39696 : 141;
39697 : 155;
39698 : 162;
39699 : 179;
39700 : 170;
39701 : 179;
39702 : 170;
39703 : 179;
39704 : 170;
39705 : 179;
39706 : 170;
39707 : 170;
39708 : 162;
39709 : 148;
39710 : 141;
39711 : 113;
39712 : 86;
39713 : 68;
39714 : 86;
39715 : 68;
39716 : 86;
39717 : 100;
39718 : 148;
39719 : 130;
39720 : 113;
39721 : 106;
39722 : 106;
39723 : 125;
39724 : 120;
39725 : 68;
39726 : 68;
39727 : 113;
39728 : 106;
39729 : 77;
39730 : 113;
39731 : 86;
39732 : 77;
39733 : 86;
39734 : 57;
39735 : 100;
39736 : 86;
39737 : 120;
39738 : 100;
39739 : 57;
39740 : 135;
39741 : 100;
39742 : 113;
39743 : 162;
39744 : 57;
39745 : 148;
39746 : 34;
39747 : 42;
39748 : 57;
39749 : 68;
39750 : 57;
39751 : 42;
39752 : 42;
39753 : 42;
39754 : 42;
39755 : 57;
39756 : 68;
39757 : 57;
39758 : 106;
39759 : 77;
39760 : 57;
39761 : 125;
39762 : 113;
39763 : 120;
39764 : 49;
39765 : 212;
39766 : 192;
39767 : 135;
39768 : 34;
39769 : 57;
39770 : 49;
39771 : 34;
39772 : 34;
39773 : 34;
39774 : 113;
39775 : 135;
39776 : 113;
39777 : 113;
39778 : 200;
39779 : 206;
39780 : 200;
39781 : 192;
39782 : 34;
39783 : 34;
39784 : 34;
39785 : 42;
39786 : 34;
39787 : 77;
39788 : 77;
39789 : 68;
39790 : 68;
39791 : 86;
39792 : 100;
39793 : 113;
39794 : 120;
39795 : 130;
39796 : 125;
39797 : 130;
39798 : 130;
39799 : 135;
39800 : 135;
39801 : 141;
39802 : 141;
39803 : 148;
39804 : 148;
39805 : 155;
39806 : 148;
39807 : 155;
39808 : 162;
39809 : 155;
39810 : 162;
39811 : 162;
39812 : 162;
39813 : 170;
39814 : 162;
39815 : 162;
39816 : 162;
39817 : 162;
39818 : 170;
39819 : 155;
39820 : 148;
39821 : 141;
39822 : 135;
39823 : 130;
39824 : 130;
39825 : 130;
39826 : 125;
39827 : 130;
39828 : 130;
39829 : 120;
39830 : 120;
39831 : 125;
39832 : 130;
39833 : 141;
39834 : 155;
39835 : 170;
39836 : 192;
39837 : 222;
39838 : 222;
39839 : 212;
39840 : 148;
39841 : 162;
39842 : 155;
39843 : 148;
39844 : 148;
39845 : 141;
39846 : 135;
39847 : 135;
39848 : 130;
39849 : 125;
39850 : 113;
39851 : 100;
39852 : 68;
39853 : 42;
39854 : 49;
39855 : 49;
39856 : 42;
39857 : 68;
39858 : 57;
39859 : 68;
39860 : 86;
39861 : 34;
39862 : 34;
39863 : 49;
39864 : 113;
39865 : 170;
39866 : 155;
39867 : 162;
39868 : 130;
39869 : 34;
39870 : 34;
39871 : 57;
39872 : 42;
39873 : 49;
39874 : 57;
39875 : 120;
39876 : 141;
39877 : 141;
39878 : 135;
39879 : 141;
39880 : 155;
39881 : 162;
39882 : 155;
39883 : 162;
39884 : 162;
39885 : 155;
39886 : 148;
39887 : 148;
39888 : 155;
39889 : 155;
39890 : 148;
39891 : 148;
39892 : 148;
39893 : 155;
39894 : 148;
39895 : 148;
39896 : 148;
39897 : 148;
39898 : 148;
39899 : 148;
39900 : 148;
39901 : 141;
39902 : 148;
39903 : 148;
39904 : 141;
39905 : 135;
39906 : 141;
39907 : 135;
39908 : 135;
39909 : 135;
39910 : 141;
39911 : 170;
39912 : 179;
39913 : 192;
39914 : 200;
39915 : 192;
39916 : 192;
39917 : 192;
39918 : 192;
39919 : 200;
39920 : 192;
39921 : 192;
39922 : 200;
39923 : 206;
39924 : 206;
39925 : 206;
39926 : 206;
39927 : 206;
39928 : 206;
39929 : 206;
39930 : 206;
39931 : 206;
39932 : 206;
39933 : 200;
39934 : 206;
39935 : 206;
39936 : 77;
39937 : 77;
39938 : 77;
39939 : 77;
39940 : 77;
39941 : 77;
39942 : 68;
39943 : 68;
39944 : 68;
39945 : 57;
39946 : 49;
39947 : 49;
39948 : 42;
39949 : 68;
39950 : 106;
39951 : 130;
39952 : 148;
39953 : 155;
39954 : 162;
39955 : 170;
39956 : 170;
39957 : 179;
39958 : 170;
39959 : 179;
39960 : 179;
39961 : 179;
39962 : 170;
39963 : 170;
39964 : 162;
39965 : 148;
39966 : 135;
39967 : 113;
39968 : 86;
39969 : 68;
39970 : 77;
39971 : 77;
39972 : 86;
39973 : 94;
39974 : 94;
39975 : 106;
39976 : 125;
39977 : 135;
39978 : 135;
39979 : 130;
39980 : 125;
39981 : 68;
39982 : 57;
39983 : 120;
39984 : 106;
39985 : 68;
39986 : 106;
39987 : 86;
39988 : 100;
39989 : 49;
39990 : 113;
39991 : 86;
39992 : 57;
39993 : 148;
39994 : 94;
39995 : 68;
39996 : 125;
39997 : 77;
39998 : 130;
39999 : 162;
40000 : 49;
40001 : 135;
40002 : 34;
40003 : 34;
40004 : 49;
40005 : 49;
40006 : 57;
40007 : 49;
40008 : 49;
40009 : 42;
40010 : 57;
40011 : 49;
40012 : 113;
40013 : 106;
40014 : 77;
40015 : 77;
40016 : 86;
40017 : 162;
40018 : 113;
40019 : 113;
40020 : 68;
40021 : 34;
40022 : 57;
40023 : 68;
40024 : 42;
40025 : 42;
40026 : 49;
40027 : 34;
40028 : 34;
40029 : 34;
40030 : 141;
40031 : 113;
40032 : 120;
40033 : 141;
40034 : 200;
40035 : 206;
40036 : 222;
40037 : 34;
40038 : 34;
40039 : 42;
40040 : 34;
40041 : 34;
40042 : 42;
40043 : 86;
40044 : 94;
40045 : 57;
40046 : 68;
40047 : 86;
40048 : 94;
40049 : 113;
40050 : 120;
40051 : 125;
40052 : 130;
40053 : 135;
40054 : 130;
40055 : 135;
40056 : 135;
40057 : 141;
40058 : 135;
40059 : 141;
40060 : 148;
40061 : 148;
40062 : 148;
40063 : 148;
40064 : 155;
40065 : 155;
40066 : 155;
40067 : 155;
40068 : 162;
40069 : 162;
40070 : 162;
40071 : 170;
40072 : 162;
40073 : 162;
40074 : 155;
40075 : 148;
40076 : 148;
40077 : 141;
40078 : 135;
40079 : 125;
40080 : 120;
40081 : 120;
40082 : 130;
40083 : 135;
40084 : 125;
40085 : 125;
40086 : 120;
40087 : 120;
40088 : 130;
40089 : 135;
40090 : 155;
40091 : 170;
40092 : 179;
40093 : 222;
40094 : 222;
40095 : 212;
40096 : 148;
40097 : 155;
40098 : 155;
40099 : 148;
40100 : 148;
40101 : 141;
40102 : 135;
40103 : 135;
40104 : 130;
40105 : 130;
40106 : 106;
40107 : 86;
40108 : 49;
40109 : 42;
40110 : 49;
40111 : 49;
40112 : 68;
40113 : 68;
40114 : 68;
40115 : 68;
40116 : 77;
40117 : 57;
40118 : 34;
40119 : 49;
40120 : 86;
40121 : 162;
40122 : 155;
40123 : 162;
40124 : 135;
40125 : 34;
40126 : 42;
40127 : 49;
40128 : 34;
40129 : 42;
40130 : 68;
40131 : 125;
40132 : 141;
40133 : 141;
40134 : 135;
40135 : 148;
40136 : 162;
40137 : 155;
40138 : 155;
40139 : 155;
40140 : 148;
40141 : 155;
40142 : 155;
40143 : 148;
40144 : 155;
40145 : 148;
40146 : 148;
40147 : 155;
40148 : 148;
40149 : 148;
40150 : 148;
40151 : 148;
40152 : 148;
40153 : 148;
40154 : 148;
40155 : 148;
40156 : 148;
40157 : 148;
40158 : 141;
40159 : 141;
40160 : 141;
40161 : 135;
40162 : 141;
40163 : 135;
40164 : 130;
40165 : 135;
40166 : 162;
40167 : 179;
40168 : 192;
40169 : 200;
40170 : 192;
40171 : 200;
40172 : 192;
40173 : 192;
40174 : 192;
40175 : 192;
40176 : 192;
40177 : 206;
40178 : 206;
40179 : 206;
40180 : 212;
40181 : 206;
40182 : 206;
40183 : 206;
40184 : 206;
40185 : 206;
40186 : 206;
40187 : 206;
40188 : 212;
40189 : 206;
40190 : 206;
40191 : 206;
40192 : 77;
40193 : 77;
40194 : 77;
40195 : 77;
40196 : 77;
40197 : 77;
40198 : 77;
40199 : 77;
40200 : 57;
40201 : 57;
40202 : 49;
40203 : 57;
40204 : 34;
40205 : 57;
40206 : 94;
40207 : 125;
40208 : 141;
40209 : 155;
40210 : 162;
40211 : 170;
40212 : 179;
40213 : 170;
40214 : 179;
40215 : 170;
40216 : 179;
40217 : 179;
40218 : 179;
40219 : 170;
40220 : 162;
40221 : 148;
40222 : 141;
40223 : 120;
40224 : 86;
40225 : 68;
40226 : 68;
40227 : 77;
40228 : 86;
40229 : 94;
40230 : 120;
40231 : 130;
40232 : 106;
40233 : 106;
40234 : 120;
40235 : 125;
40236 : 113;
40237 : 57;
40238 : 86;
40239 : 94;
40240 : 57;
40241 : 106;
40242 : 113;
40243 : 94;
40244 : 57;
40245 : 106;
40246 : 77;
40247 : 68;
40248 : 100;
40249 : 113;
40250 : 49;
40251 : 57;
40252 : 120;
40253 : 57;
40254 : 141;
40255 : 162;
40256 : 57;
40257 : 49;
40258 : 77;
40259 : 42;
40260 : 49;
40261 : 42;
40262 : 49;
40263 : 77;
40264 : 57;
40265 : 42;
40266 : 42;
40267 : 42;
40268 : 49;
40269 : 42;
40270 : 86;
40271 : 77;
40272 : 120;
40273 : 141;
40274 : 94;
40275 : 68;
40276 : 57;
40277 : 135;
40278 : 77;
40279 : 49;
40280 : 34;
40281 : 49;
40282 : 42;
40283 : 34;
40284 : 86;
40285 : 106;
40286 : 135;
40287 : 113;
40288 : 113;
40289 : 192;
40290 : 200;
40291 : 120;
40292 : 125;
40293 : 34;
40294 : 34;
40295 : 34;
40296 : 34;
40297 : 42;
40298 : 42;
40299 : 100;
40300 : 94;
40301 : 57;
40302 : 68;
40303 : 86;
40304 : 100;
40305 : 106;
40306 : 120;
40307 : 120;
40308 : 125;
40309 : 130;
40310 : 130;
40311 : 135;
40312 : 135;
40313 : 135;
40314 : 141;
40315 : 141;
40316 : 148;
40317 : 148;
40318 : 155;
40319 : 148;
40320 : 148;
40321 : 155;
40322 : 155;
40323 : 162;
40324 : 162;
40325 : 162;
40326 : 162;
40327 : 162;
40328 : 162;
40329 : 162;
40330 : 155;
40331 : 148;
40332 : 148;
40333 : 141;
40334 : 125;
40335 : 113;
40336 : 120;
40337 : 130;
40338 : 130;
40339 : 135;
40340 : 130;
40341 : 125;
40342 : 120;
40343 : 120;
40344 : 135;
40345 : 141;
40346 : 148;
40347 : 170;
40348 : 179;
40349 : 222;
40350 : 222;
40351 : 212;
40352 : 141;
40353 : 141;
40354 : 148;
40355 : 148;
40356 : 148;
40357 : 141;
40358 : 135;
40359 : 135;
40360 : 125;
40361 : 120;
40362 : 113;
40363 : 77;
40364 : 42;
40365 : 42;
40366 : 42;
40367 : 57;
40368 : 49;
40369 : 68;
40370 : 77;
40371 : 68;
40372 : 68;
40373 : 42;
40374 : 34;
40375 : 49;
40376 : 77;
40377 : 162;
40378 : 155;
40379 : 148;
40380 : 141;
40381 : 106;
40382 : 49;
40383 : 34;
40384 : 42;
40385 : 42;
40386 : 86;
40387 : 135;
40388 : 141;
40389 : 141;
40390 : 141;
40391 : 148;
40392 : 162;
40393 : 162;
40394 : 162;
40395 : 155;
40396 : 155;
40397 : 155;
40398 : 155;
40399 : 155;
40400 : 148;
40401 : 148;
40402 : 148;
40403 : 148;
40404 : 148;
40405 : 148;
40406 : 155;
40407 : 148;
40408 : 148;
40409 : 148;
40410 : 148;
40411 : 148;
40412 : 148;
40413 : 141;
40414 : 141;
40415 : 141;
40416 : 141;
40417 : 135;
40418 : 141;
40419 : 135;
40420 : 130;
40421 : 148;
40422 : 170;
40423 : 192;
40424 : 192;
40425 : 200;
40426 : 192;
40427 : 192;
40428 : 200;
40429 : 192;
40430 : 192;
40431 : 192;
40432 : 200;
40433 : 206;
40434 : 206;
40435 : 206;
40436 : 206;
40437 : 206;
40438 : 206;
40439 : 200;
40440 : 206;
40441 : 206;
40442 : 206;
40443 : 206;
40444 : 206;
40445 : 206;
40446 : 206;
40447 : 206;
40448 : 86;
40449 : 77;
40450 : 86;
40451 : 77;
40452 : 77;
40453 : 68;
40454 : 68;
40455 : 68;
40456 : 57;
40457 : 57;
40458 : 57;
40459 : 49;
40460 : 34;
40461 : 57;
40462 : 94;
40463 : 125;
40464 : 141;
40465 : 162;
40466 : 162;
40467 : 170;
40468 : 170;
40469 : 179;
40470 : 179;
40471 : 170;
40472 : 179;
40473 : 179;
40474 : 179;
40475 : 170;
40476 : 162;
40477 : 148;
40478 : 135;
40479 : 120;
40480 : 86;
40481 : 68;
40482 : 68;
40483 : 86;
40484 : 120;
40485 : 141;
40486 : 130;
40487 : 106;
40488 : 106;
40489 : 106;
40490 : 120;
40491 : 113;
40492 : 68;
40493 : 77;
40494 : 68;
40495 : 100;
40496 : 57;
40497 : 113;
40498 : 130;
40499 : 68;
40500 : 86;
40501 : 68;
40502 : 68;
40503 : 49;
40504 : 148;
40505 : 68;
40506 : 42;
40507 : 94;
40508 : 141;
40509 : 57;
40510 : 148;
40511 : 155;
40512 : 77;
40513 : 49;
40514 : 148;
40515 : 42;
40516 : 42;
40517 : 49;
40518 : 77;
40519 : 57;
40520 : 42;
40521 : 49;
40522 : 34;
40523 : 77;
40524 : 57;
40525 : 94;
40526 : 135;
40527 : 77;
40528 : 77;
40529 : 94;
40530 : 170;
40531 : 135;
40532 : 68;
40533 : 68;
40534 : 49;
40535 : 34;
40536 : 34;
40537 : 42;
40538 : 34;
40539 : 57;
40540 : 162;
40541 : 155;
40542 : 130;
40543 : 106;
40544 : 100;
40545 : 125;
40546 : 148;
40547 : 179;
40548 : 106;
40549 : 34;
40550 : 34;
40551 : 34;
40552 : 49;
40553 : 49;
40554 : 34;
40555 : 86;
40556 : 86;
40557 : 68;
40558 : 68;
40559 : 86;
40560 : 100;
40561 : 120;
40562 : 120;
40563 : 120;
40564 : 125;
40565 : 130;
40566 : 130;
40567 : 135;
40568 : 135;
40569 : 135;
40570 : 141;
40571 : 148;
40572 : 141;
40573 : 148;
40574 : 148;
40575 : 148;
40576 : 148;
40577 : 155;
40578 : 155;
40579 : 155;
40580 : 155;
40581 : 155;
40582 : 162;
40583 : 162;
40584 : 155;
40585 : 162;
40586 : 155;
40587 : 148;
40588 : 141;
40589 : 141;
40590 : 113;
40591 : 106;
40592 : 125;
40593 : 135;
40594 : 141;
40595 : 135;
40596 : 141;
40597 : 141;
40598 : 135;
40599 : 130;
40600 : 125;
40601 : 130;
40602 : 148;
40603 : 170;
40604 : 192;
40605 : 212;
40606 : 222;
40607 : 212;
40608 : 141;
40609 : 148;
40610 : 141;
40611 : 148;
40612 : 148;
40613 : 141;
40614 : 135;
40615 : 130;
40616 : 125;
40617 : 113;
40618 : 106;
40619 : 49;
40620 : 42;
40621 : 49;
40622 : 42;
40623 : 49;
40624 : 57;
40625 : 68;
40626 : 77;
40627 : 68;
40628 : 68;
40629 : 57;
40630 : 34;
40631 : 49;
40632 : 49;
40633 : 148;
40634 : 162;
40635 : 148;
40636 : 148;
40637 : 94;
40638 : 57;
40639 : 34;
40640 : 34;
40641 : 42;
40642 : 113;
40643 : 141;
40644 : 148;
40645 : 148;
40646 : 135;
40647 : 155;
40648 : 162;
40649 : 155;
40650 : 155;
40651 : 148;
40652 : 148;
40653 : 155;
40654 : 148;
40655 : 155;
40656 : 148;
40657 : 155;
40658 : 148;
40659 : 148;
40660 : 155;
40661 : 148;
40662 : 148;
40663 : 148;
40664 : 148;
40665 : 148;
40666 : 148;
40667 : 148;
40668 : 148;
40669 : 148;
40670 : 148;
40671 : 141;
40672 : 141;
40673 : 141;
40674 : 135;
40675 : 130;
40676 : 130;
40677 : 155;
40678 : 179;
40679 : 192;
40680 : 200;
40681 : 192;
40682 : 192;
40683 : 192;
40684 : 192;
40685 : 200;
40686 : 192;
40687 : 200;
40688 : 200;
40689 : 206;
40690 : 206;
40691 : 206;
40692 : 206;
40693 : 206;
40694 : 206;
40695 : 206;
40696 : 200;
40697 : 206;
40698 : 206;
40699 : 206;
40700 : 206;
40701 : 206;
40702 : 206;
40703 : 206;
40704 : 86;
40705 : 86;
40706 : 77;
40707 : 77;
40708 : 68;
40709 : 77;
40710 : 77;
40711 : 77;
40712 : 68;
40713 : 68;
40714 : 57;
40715 : 49;
40716 : 42;
40717 : 68;
40718 : 106;
40719 : 125;
40720 : 148;
40721 : 155;
40722 : 162;
40723 : 179;
40724 : 170;
40725 : 170;
40726 : 170;
40727 : 179;
40728 : 179;
40729 : 179;
40730 : 179;
40731 : 170;
40732 : 162;
40733 : 148;
40734 : 135;
40735 : 113;
40736 : 86;
40737 : 77;
40738 : 94;
40739 : 130;
40740 : 141;
40741 : 113;
40742 : 94;
40743 : 106;
40744 : 106;
40745 : 120;
40746 : 113;
40747 : 113;
40748 : 68;
40749 : 68;
40750 : 57;
40751 : 86;
40752 : 113;
40753 : 120;
40754 : 77;
40755 : 86;
40756 : 68;
40757 : 68;
40758 : 86;
40759 : 57;
40760 : 141;
40761 : 77;
40762 : 42;
40763 : 77;
40764 : 141;
40765 : 68;
40766 : 100;
40767 : 155;
40768 : 94;
40769 : 49;
40770 : 155;
40771 : 34;
40772 : 57;
40773 : 68;
40774 : 49;
40775 : 42;
40776 : 57;
40777 : 57;
40778 : 34;
40779 : 42;
40780 : 57;
40781 : 49;
40782 : 68;
40783 : 49;
40784 : 42;
40785 : 57;
40786 : 86;
40787 : 113;
40788 : 42;
40789 : 34;
40790 : 34;
40791 : 34;
40792 : 42;
40793 : 34;
40794 : 34;
40795 : 192;
40796 : 162;
40797 : 162;
40798 : 162;
40799 : 162;
40800 : 155;
40801 : 170;
40802 : 179;
40803 : 148;
40804 : 57;
40805 : 34;
40806 : 34;
40807 : 49;
40808 : 49;
40809 : 42;
40810 : 42;
40811 : 94;
40812 : 100;
40813 : 68;
40814 : 57;
40815 : 86;
40816 : 106;
40817 : 113;
40818 : 120;
40819 : 130;
40820 : 125;
40821 : 130;
40822 : 125;
40823 : 130;
40824 : 135;
40825 : 135;
40826 : 141;
40827 : 141;
40828 : 148;
40829 : 148;
40830 : 148;
40831 : 155;
40832 : 148;
40833 : 155;
40834 : 155;
40835 : 155;
40836 : 155;
40837 : 155;
40838 : 155;
40839 : 155;
40840 : 155;
40841 : 162;
40842 : 155;
40843 : 148;
40844 : 141;
40845 : 148;
40846 : 113;
40847 : 113;
40848 : 125;
40849 : 141;
40850 : 141;
40851 : 135;
40852 : 148;
40853 : 141;
40854 : 141;
40855 : 125;
40856 : 120;
40857 : 125;
40858 : 148;
40859 : 170;
40860 : 192;
40861 : 206;
40862 : 222;
40863 : 206;
40864 : 135;
40865 : 155;
40866 : 148;
40867 : 148;
40868 : 135;
40869 : 141;
40870 : 130;
40871 : 125;
40872 : 125;
40873 : 113;
40874 : 77;
40875 : 42;
40876 : 42;
40877 : 42;
40878 : 49;
40879 : 49;
40880 : 57;
40881 : 68;
40882 : 68;
40883 : 77;
40884 : 57;
40885 : 49;
40886 : 34;
40887 : 57;
40888 : 34;
40889 : 148;
40890 : 162;
40891 : 148;
40892 : 148;
40893 : 113;
40894 : 49;
40895 : 34;
40896 : 34;
40897 : 49;
40898 : 141;
40899 : 148;
40900 : 148;
40901 : 141;
40902 : 141;
40903 : 162;
40904 : 155;
40905 : 162;
40906 : 155;
40907 : 148;
40908 : 155;
40909 : 155;
40910 : 148;
40911 : 148;
40912 : 148;
40913 : 148;
40914 : 148;
40915 : 148;
40916 : 148;
40917 : 148;
40918 : 148;
40919 : 148;
40920 : 148;
40921 : 148;
40922 : 155;
40923 : 148;
40924 : 148;
40925 : 141;
40926 : 141;
40927 : 148;
40928 : 148;
40929 : 135;
40930 : 135;
40931 : 125;
40932 : 141;
40933 : 162;
40934 : 179;
40935 : 192;
40936 : 200;
40937 : 192;
40938 : 200;
40939 : 192;
40940 : 192;
40941 : 192;
40942 : 200;
40943 : 200;
40944 : 200;
40945 : 206;
40946 : 206;
40947 : 206;
40948 : 206;
40949 : 206;
40950 : 206;
40951 : 206;
40952 : 200;
40953 : 206;
40954 : 206;
40955 : 212;
40956 : 206;
40957 : 206;
40958 : 206;
40959 : 206;
40960 : 86;
40961 : 77;
40962 : 77;
40963 : 94;
40964 : 77;
40965 : 86;
40966 : 68;
40967 : 68;
40968 : 68;
40969 : 57;
40970 : 57;
40971 : 49;
40972 : 42;
40973 : 77;
40974 : 100;
40975 : 125;
40976 : 141;
40977 : 148;
40978 : 162;
40979 : 170;
40980 : 170;
40981 : 170;
40982 : 179;
40983 : 170;
40984 : 170;
40985 : 179;
40986 : 179;
40987 : 170;
40988 : 162;
40989 : 155;
40990 : 135;
40991 : 125;
40992 : 100;
40993 : 106;
40994 : 106;
40995 : 86;
40996 : 86;
40997 : 94;
40998 : 94;
40999 : 100;
41000 : 106;
41001 : 120;
41002 : 120;
41003 : 100;
41004 : 86;
41005 : 49;
41006 : 77;
41007 : 100;
41008 : 100;
41009 : 120;
41010 : 106;
41011 : 77;
41012 : 77;
41013 : 34;
41014 : 77;
41015 : 155;
41016 : 77;
41017 : 57;
41018 : 42;
41019 : 49;
41020 : 125;
41021 : 86;
41022 : 86;
41023 : 162;
41024 : 141;
41025 : 57;
41026 : 135;
41027 : 86;
41028 : 42;
41029 : 49;
41030 : 49;
41031 : 42;
41032 : 57;
41033 : 77;
41034 : 34;
41035 : 42;
41036 : 57;
41037 : 68;
41038 : 57;
41039 : 42;
41040 : 42;
41041 : 57;
41042 : 113;
41043 : 77;
41044 : 49;
41045 : 34;
41046 : 34;
41047 : 34;
41048 : 42;
41049 : 34;
41050 : 34;
41051 : 179;
41052 : 170;
41053 : 179;
41054 : 170;
41055 : 179;
41056 : 179;
41057 : 179;
41058 : 162;
41059 : 68;
41060 : 42;
41061 : 34;
41062 : 34;
41063 : 49;
41064 : 42;
41065 : 42;
41066 : 34;
41067 : 106;
41068 : 100;
41069 : 68;
41070 : 77;
41071 : 94;
41072 : 100;
41073 : 113;
41074 : 120;
41075 : 125;
41076 : 125;
41077 : 130;
41078 : 125;
41079 : 130;
41080 : 135;
41081 : 141;
41082 : 148;
41083 : 141;
41084 : 141;
41085 : 148;
41086 : 148;
41087 : 148;
41088 : 155;
41089 : 148;
41090 : 148;
41091 : 155;
41092 : 155;
41093 : 155;
41094 : 155;
41095 : 162;
41096 : 162;
41097 : 155;
41098 : 155;
41099 : 148;
41100 : 148;
41101 : 141;
41102 : 113;
41103 : 113;
41104 : 125;
41105 : 135;
41106 : 135;
41107 : 130;
41108 : 125;
41109 : 135;
41110 : 130;
41111 : 125;
41112 : 120;
41113 : 120;
41114 : 135;
41115 : 148;
41116 : 179;
41117 : 200;
41118 : 200;
41119 : 192;
41120 : 148;
41121 : 141;
41122 : 148;
41123 : 148;
41124 : 148;
41125 : 135;
41126 : 141;
41127 : 130;
41128 : 120;
41129 : 106;
41130 : 42;
41131 : 42;
41132 : 42;
41133 : 49;
41134 : 49;
41135 : 49;
41136 : 57;
41137 : 57;
41138 : 68;
41139 : 57;
41140 : 68;
41141 : 49;
41142 : 42;
41143 : 49;
41144 : 34;
41145 : 141;
41146 : 170;
41147 : 162;
41148 : 141;
41149 : 120;
41150 : 34;
41151 : 49;
41152 : 34;
41153 : 57;
41154 : 130;
41155 : 141;
41156 : 141;
41157 : 141;
41158 : 148;
41159 : 162;
41160 : 162;
41161 : 155;
41162 : 155;
41163 : 148;
41164 : 155;
41165 : 148;
41166 : 148;
41167 : 148;
41168 : 148;
41169 : 155;
41170 : 148;
41171 : 155;
41172 : 148;
41173 : 155;
41174 : 148;
41175 : 148;
41176 : 141;
41177 : 148;
41178 : 148;
41179 : 148;
41180 : 141;
41181 : 141;
41182 : 141;
41183 : 141;
41184 : 135;
41185 : 135;
41186 : 130;
41187 : 130;
41188 : 148;
41189 : 170;
41190 : 192;
41191 : 192;
41192 : 200;
41193 : 192;
41194 : 192;
41195 : 192;
41196 : 200;
41197 : 192;
41198 : 200;
41199 : 206;
41200 : 200;
41201 : 206;
41202 : 200;
41203 : 206;
41204 : 206;
41205 : 206;
41206 : 206;
41207 : 206;
41208 : 206;
41209 : 212;
41210 : 206;
41211 : 212;
41212 : 206;
41213 : 206;
41214 : 206;
41215 : 206;
41216 : 77;
41217 : 77;
41218 : 77;
41219 : 86;
41220 : 68;
41221 : 68;
41222 : 77;
41223 : 68;
41224 : 68;
41225 : 57;
41226 : 68;
41227 : 57;
41228 : 49;
41229 : 86;
41230 : 113;
41231 : 130;
41232 : 148;
41233 : 155;
41234 : 162;
41235 : 170;
41236 : 170;
41237 : 179;
41238 : 170;
41239 : 170;
41240 : 179;
41241 : 179;
41242 : 179;
41243 : 170;
41244 : 170;
41245 : 148;
41246 : 148;
41247 : 125;
41248 : 106;
41249 : 86;
41250 : 77;
41251 : 77;
41252 : 86;
41253 : 86;
41254 : 100;
41255 : 106;
41256 : 106;
41257 : 113;
41258 : 113;
41259 : 94;
41260 : 77;
41261 : 77;
41262 : 86;
41263 : 86;
41264 : 100;
41265 : 148;
41266 : 100;
41267 : 77;
41268 : 49;
41269 : 34;
41270 : 100;
41271 : 141;
41272 : 94;
41273 : 57;
41274 : 57;
41275 : 57;
41276 : 125;
41277 : 94;
41278 : 86;
41279 : 148;
41280 : 179;
41281 : 34;
41282 : 68;
41283 : 135;
41284 : 42;
41285 : 49;
41286 : 49;
41287 : 77;
41288 : 57;
41289 : 57;
41290 : 34;
41291 : 42;
41292 : 34;
41293 : 42;
41294 : 57;
41295 : 68;
41296 : 42;
41297 : 206;
41298 : 135;
41299 : 34;
41300 : 34;
41301 : 42;
41302 : 49;
41303 : 42;
41304 : 34;
41305 : 34;
41306 : 77;
41307 : 179;
41308 : 179;
41309 : 192;
41310 : 179;
41311 : 192;
41312 : 179;
41313 : 179;
41314 : 34;
41315 : 42;
41316 : 34;
41317 : 34;
41318 : 34;
41319 : 42;
41320 : 49;
41321 : 49;
41322 : 42;
41323 : 86;
41324 : 100;
41325 : 77;
41326 : 77;
41327 : 94;
41328 : 100;
41329 : 113;
41330 : 113;
41331 : 120;
41332 : 120;
41333 : 130;
41334 : 130;
41335 : 130;
41336 : 135;
41337 : 135;
41338 : 135;
41339 : 135;
41340 : 141;
41341 : 141;
41342 : 148;
41343 : 148;
41344 : 155;
41345 : 155;
41346 : 148;
41347 : 155;
41348 : 155;
41349 : 155;
41350 : 162;
41351 : 155;
41352 : 162;
41353 : 162;
41354 : 162;
41355 : 148;
41356 : 148;
41357 : 141;
41358 : 130;
41359 : 120;
41360 : 130;
41361 : 135;
41362 : 100;
41363 : 49;
41364 : 49;
41365 : 77;
41366 : 94;
41367 : 100;
41368 : 120;
41369 : 125;
41370 : 120;
41371 : 141;
41372 : 170;
41373 : 192;
41374 : 200;
41375 : 162;
41376 : 148;
41377 : 148;
41378 : 148;
41379 : 148;
41380 : 141;
41381 : 141;
41382 : 130;
41383 : 130;
41384 : 120;
41385 : 77;
41386 : 42;
41387 : 49;
41388 : 49;
41389 : 42;
41390 : 57;
41391 : 49;
41392 : 57;
41393 : 68;
41394 : 68;
41395 : 68;
41396 : 57;
41397 : 49;
41398 : 49;
41399 : 42;
41400 : 34;
41401 : 148;
41402 : 170;
41403 : 162;
41404 : 130;
41405 : 120;
41406 : 49;
41407 : 49;
41408 : 34;
41409 : 100;
41410 : 130;
41411 : 155;
41412 : 148;
41413 : 141;
41414 : 155;
41415 : 162;
41416 : 155;
41417 : 155;
41418 : 155;
41419 : 155;
41420 : 155;
41421 : 148;
41422 : 155;
41423 : 148;
41424 : 148;
41425 : 148;
41426 : 148;
41427 : 148;
41428 : 148;
41429 : 148;
41430 : 148;
41431 : 148;
41432 : 148;
41433 : 141;
41434 : 148;
41435 : 141;
41436 : 148;
41437 : 148;
41438 : 141;
41439 : 141;
41440 : 135;
41441 : 130;
41442 : 135;
41443 : 135;
41444 : 155;
41445 : 179;
41446 : 192;
41447 : 200;
41448 : 200;
41449 : 200;
41450 : 192;
41451 : 192;
41452 : 200;
41453 : 200;
41454 : 206;
41455 : 200;
41456 : 206;
41457 : 206;
41458 : 200;
41459 : 206;
41460 : 206;
41461 : 206;
41462 : 206;
41463 : 206;
41464 : 206;
41465 : 212;
41466 : 206;
41467 : 206;
41468 : 212;
41469 : 206;
41470 : 206;
41471 : 206;
41472 : 77;
41473 : 77;
41474 : 68;
41475 : 77;
41476 : 77;
41477 : 77;
41478 : 77;
41479 : 77;
41480 : 68;
41481 : 57;
41482 : 68;
41483 : 57;
41484 : 68;
41485 : 86;
41486 : 120;
41487 : 141;
41488 : 148;
41489 : 155;
41490 : 170;
41491 : 162;
41492 : 170;
41493 : 170;
41494 : 179;
41495 : 179;
41496 : 170;
41497 : 179;
41498 : 170;
41499 : 179;
41500 : 170;
41501 : 148;
41502 : 141;
41503 : 125;
41504 : 94;
41505 : 77;
41506 : 68;
41507 : 86;
41508 : 86;
41509 : 86;
41510 : 100;
41511 : 100;
41512 : 106;
41513 : 113;
41514 : 113;
41515 : 86;
41516 : 100;
41517 : 77;
41518 : 94;
41519 : 94;
41520 : 113;
41521 : 125;
41522 : 86;
41523 : 77;
41524 : 34;
41525 : 34;
41526 : 155;
41527 : 106;
41528 : 49;
41529 : 113;
41530 : 68;
41531 : 86;
41532 : 113;
41533 : 94;
41534 : 86;
41535 : 125;
41536 : 170;
41537 : 77;
41538 : 49;
41539 : 162;
41540 : 34;
41541 : 49;
41542 : 42;
41543 : 68;
41544 : 49;
41545 : 57;
41546 : 57;
41547 : 34;
41548 : 34;
41549 : 34;
41550 : 42;
41551 : 68;
41552 : 68;
41553 : 162;
41554 : 86;
41555 : 42;
41556 : 49;
41557 : 49;
41558 : 49;
41559 : 34;
41560 : 34;
41561 : 34;
41562 : 162;
41563 : 155;
41564 : 162;
41565 : 192;
41566 : 192;
41567 : 200;
41568 : 192;
41569 : 34;
41570 : 34;
41571 : 34;
41572 : 42;
41573 : 34;
41574 : 42;
41575 : 49;
41576 : 42;
41577 : 49;
41578 : 34;
41579 : 106;
41580 : 113;
41581 : 77;
41582 : 86;
41583 : 100;
41584 : 106;
41585 : 113;
41586 : 120;
41587 : 120;
41588 : 120;
41589 : 125;
41590 : 130;
41591 : 130;
41592 : 130;
41593 : 135;
41594 : 135;
41595 : 148;
41596 : 148;
41597 : 148;
41598 : 148;
41599 : 148;
41600 : 148;
41601 : 148;
41602 : 155;
41603 : 155;
41604 : 155;
41605 : 162;
41606 : 155;
41607 : 155;
41608 : 155;
41609 : 162;
41610 : 155;
41611 : 148;
41612 : 148;
41613 : 148;
41614 : 141;
41615 : 120;
41616 : 125;
41617 : 130;
41618 : 113;
41619 : 100;
41620 : 100;
41621 : 120;
41622 : 113;
41623 : 94;
41624 : 86;
41625 : 113;
41626 : 120;
41627 : 135;
41628 : 155;
41629 : 192;
41630 : 179;
41631 : 170;
41632 : 162;
41633 : 148;
41634 : 148;
41635 : 141;
41636 : 141;
41637 : 135;
41638 : 130;
41639 : 130;
41640 : 106;
41641 : 42;
41642 : 49;
41643 : 42;
41644 : 49;
41645 : 49;
41646 : 57;
41647 : 49;
41648 : 57;
41649 : 68;
41650 : 57;
41651 : 68;
41652 : 57;
41653 : 49;
41654 : 57;
41655 : 34;
41656 : 34;
41657 : 125;
41658 : 170;
41659 : 162;
41660 : 125;
41661 : 135;
41662 : 57;
41663 : 34;
41664 : 77;
41665 : 120;
41666 : 148;
41667 : 148;
41668 : 148;
41669 : 141;
41670 : 155;
41671 : 155;
41672 : 155;
41673 : 155;
41674 : 148;
41675 : 148;
41676 : 148;
41677 : 155;
41678 : 148;
41679 : 148;
41680 : 148;
41681 : 148;
41682 : 148;
41683 : 155;
41684 : 148;
41685 : 148;
41686 : 148;
41687 : 148;
41688 : 148;
41689 : 148;
41690 : 141;
41691 : 141;
41692 : 141;
41693 : 148;
41694 : 141;
41695 : 141;
41696 : 141;
41697 : 135;
41698 : 135;
41699 : 130;
41700 : 162;
41701 : 179;
41702 : 192;
41703 : 192;
41704 : 200;
41705 : 192;
41706 : 200;
41707 : 200;
41708 : 200;
41709 : 200;
41710 : 206;
41711 : 206;
41712 : 206;
41713 : 206;
41714 : 206;
41715 : 206;
41716 : 206;
41717 : 206;
41718 : 212;
41719 : 212;
41720 : 212;
41721 : 206;
41722 : 212;
41723 : 212;
41724 : 212;
41725 : 206;
41726 : 206;
41727 : 212;
41728 : 77;
41729 : 77;
41730 : 77;
41731 : 77;
41732 : 77;
41733 : 77;
41734 : 68;
41735 : 68;
41736 : 68;
41737 : 68;
41738 : 68;
41739 : 68;
41740 : 68;
41741 : 94;
41742 : 125;
41743 : 141;
41744 : 148;
41745 : 155;
41746 : 162;
41747 : 170;
41748 : 170;
41749 : 179;
41750 : 170;
41751 : 179;
41752 : 179;
41753 : 179;
41754 : 179;
41755 : 170;
41756 : 162;
41757 : 155;
41758 : 135;
41759 : 120;
41760 : 94;
41761 : 77;
41762 : 68;
41763 : 86;
41764 : 86;
41765 : 94;
41766 : 94;
41767 : 100;
41768 : 113;
41769 : 120;
41770 : 120;
41771 : 86;
41772 : 94;
41773 : 68;
41774 : 106;
41775 : 86;
41776 : 68;
41777 : 100;
41778 : 57;
41779 : 49;
41780 : 34;
41781 : 155;
41782 : 113;
41783 : 86;
41784 : 57;
41785 : 94;
41786 : 77;
41787 : 49;
41788 : 135;
41789 : 113;
41790 : 77;
41791 : 113;
41792 : 162;
41793 : 120;
41794 : 77;
41795 : 162;
41796 : 34;
41797 : 34;
41798 : 34;
41799 : 49;
41800 : 34;
41801 : 162;
41802 : 130;
41803 : 42;
41804 : 42;
41805 : 34;
41806 : 34;
41807 : 34;
41808 : 141;
41809 : 77;
41810 : 42;
41811 : 34;
41812 : 68;
41813 : 42;
41814 : 49;
41815 : 94;
41816 : 77;
41817 : 100;
41818 : 113;
41819 : 141;
41820 : 148;
41821 : 155;
41822 : 170;
41823 : 170;
41824 : 77;
41825 : 34;
41826 : 34;
41827 : 42;
41828 : 57;
41829 : 42;
41830 : 49;
41831 : 42;
41832 : 49;
41833 : 49;
41834 : 42;
41835 : 113;
41836 : 113;
41837 : 77;
41838 : 77;
41839 : 100;
41840 : 106;
41841 : 113;
41842 : 113;
41843 : 130;
41844 : 130;
41845 : 120;
41846 : 130;
41847 : 130;
41848 : 130;
41849 : 135;
41850 : 135;
41851 : 141;
41852 : 141;
41853 : 148;
41854 : 148;
41855 : 148;
41856 : 148;
41857 : 135;
41858 : 148;
41859 : 148;
41860 : 148;
41861 : 155;
41862 : 155;
41863 : 155;
41864 : 162;
41865 : 155;
41866 : 155;
41867 : 155;
41868 : 148;
41869 : 148;
41870 : 141;
41871 : 130;
41872 : 120;
41873 : 125;
41874 : 130;
41875 : 130;
41876 : 130;
41877 : 135;
41878 : 130;
41879 : 120;
41880 : 120;
41881 : 113;
41882 : 113;
41883 : 130;
41884 : 170;
41885 : 192;
41886 : 170;
41887 : 162;
41888 : 155;
41889 : 148;
41890 : 141;
41891 : 141;
41892 : 135;
41893 : 130;
41894 : 130;
41895 : 113;
41896 : 100;
41897 : 49;
41898 : 42;
41899 : 57;
41900 : 49;
41901 : 42;
41902 : 68;
41903 : 49;
41904 : 57;
41905 : 77;
41906 : 68;
41907 : 68;
41908 : 68;
41909 : 42;
41910 : 57;
41911 : 42;
41912 : 34;
41913 : 94;
41914 : 170;
41915 : 162;
41916 : 120;
41917 : 148;
41918 : 86;
41919 : 34;
41920 : 86;
41921 : 125;
41922 : 148;
41923 : 148;
41924 : 141;
41925 : 148;
41926 : 155;
41927 : 162;
41928 : 155;
41929 : 155;
41930 : 155;
41931 : 155;
41932 : 148;
41933 : 155;
41934 : 155;
41935 : 148;
41936 : 155;
41937 : 148;
41938 : 148;
41939 : 148;
41940 : 148;
41941 : 148;
41942 : 148;
41943 : 148;
41944 : 148;
41945 : 141;
41946 : 141;
41947 : 148;
41948 : 148;
41949 : 148;
41950 : 141;
41951 : 135;
41952 : 135;
41953 : 141;
41954 : 130;
41955 : 148;
41956 : 170;
41957 : 179;
41958 : 192;
41959 : 192;
41960 : 192;
41961 : 200;
41962 : 192;
41963 : 200;
41964 : 200;
41965 : 206;
41966 : 206;
41967 : 206;
41968 : 206;
41969 : 206;
41970 : 206;
41971 : 206;
41972 : 206;
41973 : 206;
41974 : 206;
41975 : 212;
41976 : 212;
41977 : 206;
41978 : 212;
41979 : 206;
41980 : 206;
41981 : 206;
41982 : 206;
41983 : 206;
41984 : 77;
41985 : 86;
41986 : 77;
41987 : 77;
41988 : 68;
41989 : 77;
41990 : 77;
41991 : 68;
41992 : 68;
41993 : 68;
41994 : 77;
41995 : 77;
41996 : 86;
41997 : 100;
41998 : 125;
41999 : 141;
42000 : 155;
42001 : 162;
42002 : 162;
42003 : 170;
42004 : 170;
42005 : 170;
42006 : 170;
42007 : 170;
42008 : 170;
42009 : 179;
42010 : 179;
42011 : 179;
42012 : 162;
42013 : 148;
42014 : 141;
42015 : 125;
42016 : 94;
42017 : 77;
42018 : 68;
42019 : 86;
42020 : 86;
42021 : 94;
42022 : 94;
42023 : 100;
42024 : 120;
42025 : 120;
42026 : 120;
42027 : 86;
42028 : 34;
42029 : 57;
42030 : 86;
42031 : 86;
42032 : 68;
42033 : 68;
42034 : 49;
42035 : 34;
42036 : 106;
42037 : 125;
42038 : 68;
42039 : 57;
42040 : 86;
42041 : 68;
42042 : 68;
42043 : 57;
42044 : 113;
42045 : 94;
42046 : 86;
42047 : 130;
42048 : 77;
42049 : 162;
42050 : 100;
42051 : 135;
42052 : 77;
42053 : 34;
42054 : 42;
42055 : 57;
42056 : 34;
42057 : 135;
42058 : 155;
42059 : 135;
42060 : 34;
42061 : 34;
42062 : 34;
42063 : 94;
42064 : 94;
42065 : 94;
42066 : 34;
42067 : 34;
42068 : 100;
42069 : 100;
42070 : 113;
42071 : 113;
42072 : 135;
42073 : 162;
42074 : 106;
42075 : 106;
42076 : 113;
42077 : 113;
42078 : 212;
42079 : 179;
42080 : 42;
42081 : 42;
42082 : 42;
42083 : 49;
42084 : 68;
42085 : 94;
42086 : 49;
42087 : 42;
42088 : 49;
42089 : 42;
42090 : 49;
42091 : 106;
42092 : 113;
42093 : 100;
42094 : 86;
42095 : 106;
42096 : 113;
42097 : 113;
42098 : 120;
42099 : 120;
42100 : 120;
42101 : 130;
42102 : 125;
42103 : 130;
42104 : 130;
42105 : 135;
42106 : 141;
42107 : 135;
42108 : 148;
42109 : 141;
42110 : 141;
42111 : 148;
42112 : 141;
42113 : 148;
42114 : 155;
42115 : 148;
42116 : 155;
42117 : 155;
42118 : 155;
42119 : 155;
42120 : 162;
42121 : 162;
42122 : 155;
42123 : 155;
42124 : 148;
42125 : 148;
42126 : 148;
42127 : 141;
42128 : 135;
42129 : 135;
42130 : 125;
42131 : 125;
42132 : 130;
42133 : 135;
42134 : 135;
42135 : 120;
42136 : 125;
42137 : 155;
42138 : 179;
42139 : 192;
42140 : 192;
42141 : 179;
42142 : 170;
42143 : 162;
42144 : 155;
42145 : 148;
42146 : 148;
42147 : 141;
42148 : 135;
42149 : 135;
42150 : 130;
42151 : 120;
42152 : 49;
42153 : 49;
42154 : 42;
42155 : 49;
42156 : 49;
42157 : 49;
42158 : 57;
42159 : 57;
42160 : 57;
42161 : 94;
42162 : 68;
42163 : 77;
42164 : 57;
42165 : 42;
42166 : 57;
42167 : 42;
42168 : 34;
42169 : 68;
42170 : 162;
42171 : 162;
42172 : 125;
42173 : 148;
42174 : 106;
42175 : 42;
42176 : 86;
42177 : 130;
42178 : 148;
42179 : 148;
42180 : 141;
42181 : 148;
42182 : 162;
42183 : 155;
42184 : 155;
42185 : 155;
42186 : 155;
42187 : 155;
42188 : 148;
42189 : 148;
42190 : 155;
42191 : 148;
42192 : 148;
42193 : 148;
42194 : 155;
42195 : 148;
42196 : 148;
42197 : 148;
42198 : 148;
42199 : 141;
42200 : 148;
42201 : 148;
42202 : 141;
42203 : 141;
42204 : 141;
42205 : 141;
42206 : 141;
42207 : 141;
42208 : 135;
42209 : 130;
42210 : 135;
42211 : 155;
42212 : 170;
42213 : 192;
42214 : 192;
42215 : 200;
42216 : 192;
42217 : 192;
42218 : 200;
42219 : 200;
42220 : 206;
42221 : 206;
42222 : 206;
42223 : 206;
42224 : 206;
42225 : 206;
42226 : 206;
42227 : 212;
42228 : 206;
42229 : 212;
42230 : 212;
42231 : 212;
42232 : 206;
42233 : 212;
42234 : 206;
42235 : 206;
42236 : 206;
42237 : 206;
42238 : 206;
42239 : 212;
42240 : 77;
42241 : 77;
42242 : 68;
42243 : 77;
42244 : 68;
42245 : 77;
42246 : 77;
42247 : 77;
42248 : 68;
42249 : 68;
42250 : 68;
42251 : 77;
42252 : 86;
42253 : 106;
42254 : 130;
42255 : 148;
42256 : 155;
42257 : 162;
42258 : 162;
42259 : 170;
42260 : 170;
42261 : 170;
42262 : 170;
42263 : 170;
42264 : 179;
42265 : 179;
42266 : 179;
42267 : 179;
42268 : 162;
42269 : 155;
42270 : 135;
42271 : 120;
42272 : 94;
42273 : 86;
42274 : 68;
42275 : 86;
42276 : 86;
42277 : 86;
42278 : 94;
42279 : 100;
42280 : 113;
42281 : 113;
42282 : 120;
42283 : 125;
42284 : 34;
42285 : 34;
42286 : 86;
42287 : 77;
42288 : 68;
42289 : 57;
42290 : 42;
42291 : 86;
42292 : 135;
42293 : 57;
42294 : 49;
42295 : 57;
42296 : 86;
42297 : 57;
42298 : 94;
42299 : 77;
42300 : 130;
42301 : 100;
42302 : 100;
42303 : 125;
42304 : 68;
42305 : 162;
42306 : 100;
42307 : 141;
42308 : 135;
42309 : 34;
42310 : 34;
42311 : 57;
42312 : 42;
42313 : 130;
42314 : 148;
42315 : 148;
42316 : 42;
42317 : 34;
42318 : 34;
42319 : 106;
42320 : 42;
42321 : 57;
42322 : 86;
42323 : 106;
42324 : 94;
42325 : 113;
42326 : 125;
42327 : 170;
42328 : 192;
42329 : 86;
42330 : 106;
42331 : 100;
42332 : 125;
42333 : 200;
42334 : 222;
42335 : 34;
42336 : 42;
42337 : 49;
42338 : 49;
42339 : 49;
42340 : 49;
42341 : 68;
42342 : 49;
42343 : 57;
42344 : 49;
42345 : 42;
42346 : 42;
42347 : 106;
42348 : 125;
42349 : 100;
42350 : 86;
42351 : 94;
42352 : 113;
42353 : 113;
42354 : 120;
42355 : 125;
42356 : 125;
42357 : 125;
42358 : 130;
42359 : 135;
42360 : 125;
42361 : 130;
42362 : 135;
42363 : 135;
42364 : 141;
42365 : 148;
42366 : 148;
42367 : 141;
42368 : 141;
42369 : 148;
42370 : 148;
42371 : 148;
42372 : 155;
42373 : 155;
42374 : 155;
42375 : 155;
42376 : 155;
42377 : 155;
42378 : 162;
42379 : 162;
42380 : 155;
42381 : 155;
42382 : 148;
42383 : 148;
42384 : 141;
42385 : 141;
42386 : 135;
42387 : 135;
42388 : 141;
42389 : 148;
42390 : 170;
42391 : 148;
42392 : 148;
42393 : 170;
42394 : 200;
42395 : 192;
42396 : 192;
42397 : 179;
42398 : 170;
42399 : 162;
42400 : 148;
42401 : 148;
42402 : 141;
42403 : 141;
42404 : 135;
42405 : 130;
42406 : 130;
42407 : 86;
42408 : 49;
42409 : 49;
42410 : 42;
42411 : 49;
42412 : 49;
42413 : 49;
42414 : 57;
42415 : 57;
42416 : 68;
42417 : 94;
42418 : 68;
42419 : 86;
42420 : 68;
42421 : 49;
42422 : 77;
42423 : 49;
42424 : 42;
42425 : 57;
42426 : 148;
42427 : 170;
42428 : 113;
42429 : 135;
42430 : 100;
42431 : 49;
42432 : 106;
42433 : 141;
42434 : 155;
42435 : 141;
42436 : 148;
42437 : 155;
42438 : 162;
42439 : 155;
42440 : 155;
42441 : 155;
42442 : 155;
42443 : 155;
42444 : 148;
42445 : 148;
42446 : 155;
42447 : 148;
42448 : 155;
42449 : 148;
42450 : 148;
42451 : 148;
42452 : 148;
42453 : 148;
42454 : 148;
42455 : 141;
42456 : 148;
42457 : 148;
42458 : 141;
42459 : 148;
42460 : 148;
42461 : 141;
42462 : 141;
42463 : 141;
42464 : 135;
42465 : 130;
42466 : 141;
42467 : 155;
42468 : 179;
42469 : 192;
42470 : 200;
42471 : 192;
42472 : 200;
42473 : 192;
42474 : 200;
42475 : 200;
42476 : 206;
42477 : 206;
42478 : 212;
42479 : 206;
42480 : 206;
42481 : 206;
42482 : 206;
42483 : 206;
42484 : 206;
42485 : 206;
42486 : 206;
42487 : 206;
42488 : 206;
42489 : 212;
42490 : 212;
42491 : 206;
42492 : 206;
42493 : 206;
42494 : 212;
42495 : 212;
42496 : 86;
42497 : 86;
42498 : 77;
42499 : 86;
42500 : 77;
42501 : 86;
42502 : 77;
42503 : 68;
42504 : 68;
42505 : 68;
42506 : 68;
42507 : 77;
42508 : 94;
42509 : 106;
42510 : 130;
42511 : 148;
42512 : 155;
42513 : 162;
42514 : 162;
42515 : 170;
42516 : 170;
42517 : 170;
42518 : 170;
42519 : 179;
42520 : 179;
42521 : 179;
42522 : 179;
42523 : 179;
42524 : 162;
42525 : 155;
42526 : 135;
42527 : 130;
42528 : 100;
42529 : 77;
42530 : 77;
42531 : 86;
42532 : 86;
42533 : 86;
42534 : 94;
42535 : 100;
42536 : 100;
42537 : 120;
42538 : 148;
42539 : 148;
42540 : 57;
42541 : 42;
42542 : 68;
42543 : 86;
42544 : 57;
42545 : 68;
42546 : 49;
42547 : 148;
42548 : 86;
42549 : 57;
42550 : 42;
42551 : 57;
42552 : 77;
42553 : 77;
42554 : 86;
42555 : 94;
42556 : 113;
42557 : 106;
42558 : 106;
42559 : 113;
42560 : 68;
42561 : 170;
42562 : 100;
42563 : 148;
42564 : 135;
42565 : 68;
42566 : 42;
42567 : 68;
42568 : 49;
42569 : 106;
42570 : 125;
42571 : 68;
42572 : 57;
42573 : 42;
42574 : 68;
42575 : 34;
42576 : 42;
42577 : 86;
42578 : 125;
42579 : 113;
42580 : 130;
42581 : 141;
42582 : 155;
42583 : 192;
42584 : 77;
42585 : 113;
42586 : 100;
42587 : 135;
42588 : 162;
42589 : 212;
42590 : 34;
42591 : 49;
42592 : 42;
42593 : 49;
42594 : 49;
42595 : 42;
42596 : 49;
42597 : 68;
42598 : 57;
42599 : 57;
42600 : 49;
42601 : 42;
42602 : 49;
42603 : 94;
42604 : 120;
42605 : 106;
42606 : 86;
42607 : 94;
42608 : 113;
42609 : 120;
42610 : 120;
42611 : 130;
42612 : 120;
42613 : 130;
42614 : 125;
42615 : 125;
42616 : 130;
42617 : 141;
42618 : 135;
42619 : 135;
42620 : 141;
42621 : 148;
42622 : 141;
42623 : 141;
42624 : 148;
42625 : 141;
42626 : 148;
42627 : 155;
42628 : 148;
42629 : 155;
42630 : 155;
42631 : 155;
42632 : 162;
42633 : 155;
42634 : 155;
42635 : 155;
42636 : 155;
42637 : 155;
42638 : 155;
42639 : 148;
42640 : 148;
42641 : 148;
42642 : 141;
42643 : 141;
42644 : 148;
42645 : 162;
42646 : 179;
42647 : 179;
42648 : 148;
42649 : 179;
42650 : 200;
42651 : 192;
42652 : 192;
42653 : 179;
42654 : 170;
42655 : 162;
42656 : 148;
42657 : 148;
42658 : 148;
42659 : 135;
42660 : 130;
42661 : 130;
42662 : 120;
42663 : 49;
42664 : 49;
42665 : 49;
42666 : 49;
42667 : 49;
42668 : 42;
42669 : 49;
42670 : 68;
42671 : 57;
42672 : 57;
42673 : 94;
42674 : 57;
42675 : 86;
42676 : 57;
42677 : 49;
42678 : 68;
42679 : 57;
42680 : 42;
42681 : 34;
42682 : 148;
42683 : 179;
42684 : 113;
42685 : 141;
42686 : 94;
42687 : 57;
42688 : 106;
42689 : 141;
42690 : 148;
42691 : 148;
42692 : 141;
42693 : 155;
42694 : 155;
42695 : 155;
42696 : 148;
42697 : 155;
42698 : 155;
42699 : 155;
42700 : 148;
42701 : 155;
42702 : 155;
42703 : 148;
42704 : 148;
42705 : 148;
42706 : 155;
42707 : 148;
42708 : 155;
42709 : 141;
42710 : 148;
42711 : 141;
42712 : 148;
42713 : 148;
42714 : 148;
42715 : 141;
42716 : 135;
42717 : 141;
42718 : 141;
42719 : 141;
42720 : 130;
42721 : 130;
42722 : 130;
42723 : 162;
42724 : 179;
42725 : 192;
42726 : 200;
42727 : 192;
42728 : 192;
42729 : 200;
42730 : 200;
42731 : 200;
42732 : 206;
42733 : 206;
42734 : 206;
42735 : 206;
42736 : 206;
42737 : 200;
42738 : 206;
42739 : 206;
42740 : 206;
42741 : 206;
42742 : 206;
42743 : 212;
42744 : 212;
42745 : 212;
42746 : 206;
42747 : 212;
42748 : 212;
42749 : 212;
42750 : 212;
42751 : 212;
42752 : 77;
42753 : 77;
42754 : 68;
42755 : 77;
42756 : 68;
42757 : 77;
42758 : 77;
42759 : 77;
42760 : 68;
42761 : 57;
42762 : 57;
42763 : 77;
42764 : 100;
42765 : 113;
42766 : 135;
42767 : 148;
42768 : 155;
42769 : 162;
42770 : 162;
42771 : 162;
42772 : 170;
42773 : 170;
42774 : 170;
42775 : 170;
42776 : 179;
42777 : 179;
42778 : 179;
42779 : 179;
42780 : 162;
42781 : 155;
42782 : 141;
42783 : 125;
42784 : 106;
42785 : 77;
42786 : 68;
42787 : 86;
42788 : 86;
42789 : 94;
42790 : 100;
42791 : 100;
42792 : 113;
42793 : 148;
42794 : 155;
42795 : 94;
42796 : 49;
42797 : 57;
42798 : 57;
42799 : 77;
42800 : 68;
42801 : 120;
42802 : 130;
42803 : 100;
42804 : 57;
42805 : 49;
42806 : 49;
42807 : 49;
42808 : 68;
42809 : 68;
42810 : 68;
42811 : 86;
42812 : 94;
42813 : 68;
42814 : 113;
42815 : 120;
42816 : 68;
42817 : 120;
42818 : 120;
42819 : 130;
42820 : 120;
42821 : 100;
42822 : 57;
42823 : 77;
42824 : 77;
42825 : 86;
42826 : 86;
42827 : 68;
42828 : 68;
42829 : 68;
42830 : 42;
42831 : 34;
42832 : 49;
42833 : 120;
42834 : 135;
42835 : 141;
42836 : 155;
42837 : 170;
42838 : 179;
42839 : 192;
42840 : 77;
42841 : 86;
42842 : 86;
42843 : 155;
42844 : 200;
42845 : 125;
42846 : 34;
42847 : 42;
42848 : 42;
42849 : 49;
42850 : 57;
42851 : 57;
42852 : 57;
42853 : 68;
42854 : 68;
42855 : 68;
42856 : 57;
42857 : 49;
42858 : 57;
42859 : 100;
42860 : 113;
42861 : 113;
42862 : 94;
42863 : 106;
42864 : 113;
42865 : 120;
42866 : 130;
42867 : 125;
42868 : 125;
42869 : 130;
42870 : 130;
42871 : 135;
42872 : 135;
42873 : 135;
42874 : 141;
42875 : 141;
42876 : 141;
42877 : 141;
42878 : 141;
42879 : 141;
42880 : 141;
42881 : 141;
42882 : 141;
42883 : 155;
42884 : 155;
42885 : 155;
42886 : 155;
42887 : 155;
42888 : 155;
42889 : 155;
42890 : 162;
42891 : 155;
42892 : 148;
42893 : 155;
42894 : 148;
42895 : 148;
42896 : 148;
42897 : 148;
42898 : 141;
42899 : 148;
42900 : 162;
42901 : 179;
42902 : 200;
42903 : 192;
42904 : 162;
42905 : 179;
42906 : 200;
42907 : 192;
42908 : 200;
42909 : 192;
42910 : 170;
42911 : 155;
42912 : 148;
42913 : 148;
42914 : 148;
42915 : 135;
42916 : 141;
42917 : 130;
42918 : 94;
42919 : 49;
42920 : 49;
42921 : 49;
42922 : 49;
42923 : 49;
42924 : 49;
42925 : 49;
42926 : 86;
42927 : 57;
42928 : 86;
42929 : 86;
42930 : 57;
42931 : 77;
42932 : 57;
42933 : 57;
42934 : 57;
42935 : 57;
42936 : 49;
42937 : 42;
42938 : 141;
42939 : 170;
42940 : 130;
42941 : 155;
42942 : 94;
42943 : 77;
42944 : 120;
42945 : 148;
42946 : 148;
42947 : 141;
42948 : 148;
42949 : 155;
42950 : 162;
42951 : 155;
42952 : 162;
42953 : 155;
42954 : 155;
42955 : 148;
42956 : 155;
42957 : 148;
42958 : 155;
42959 : 148;
42960 : 148;
42961 : 148;
42962 : 148;
42963 : 148;
42964 : 148;
42965 : 141;
42966 : 148;
42967 : 148;
42968 : 148;
42969 : 148;
42970 : 148;
42971 : 141;
42972 : 148;
42973 : 141;
42974 : 141;
42975 : 141;
42976 : 130;
42977 : 130;
42978 : 141;
42979 : 162;
42980 : 179;
42981 : 192;
42982 : 192;
42983 : 192;
42984 : 200;
42985 : 200;
42986 : 200;
42987 : 206;
42988 : 212;
42989 : 206;
42990 : 206;
42991 : 206;
42992 : 206;
42993 : 206;
42994 : 206;
42995 : 206;
42996 : 212;
42997 : 206;
42998 : 212;
42999 : 206;
43000 : 206;
43001 : 212;
43002 : 212;
43003 : 212;
43004 : 212;
43005 : 212;
43006 : 212;
43007 : 212;
43008 : 68;
43009 : 77;
43010 : 68;
43011 : 77;
43012 : 68;
43013 : 77;
43014 : 68;
43015 : 77;
43016 : 68;
43017 : 57;
43018 : 68;
43019 : 77;
43020 : 94;
43021 : 120;
43022 : 130;
43023 : 148;
43024 : 155;
43025 : 162;
43026 : 162;
43027 : 170;
43028 : 170;
43029 : 170;
43030 : 170;
43031 : 170;
43032 : 179;
43033 : 179;
43034 : 179;
43035 : 170;
43036 : 170;
43037 : 155;
43038 : 141;
43039 : 120;
43040 : 94;
43041 : 77;
43042 : 68;
43043 : 77;
43044 : 86;
43045 : 94;
43046 : 94;
43047 : 106;
43048 : 148;
43049 : 141;
43050 : 113;
43051 : 100;
43052 : 68;
43053 : 68;
43054 : 77;
43055 : 68;
43056 : 130;
43057 : 148;
43058 : 57;
43059 : 49;
43060 : 68;
43061 : 49;
43062 : 49;
43063 : 49;
43064 : 77;
43065 : 86;
43066 : 68;
43067 : 77;
43068 : 68;
43069 : 68;
43070 : 125;
43071 : 106;
43072 : 86;
43073 : 68;
43074 : 135;
43075 : 86;
43076 : 155;
43077 : 120;
43078 : 57;
43079 : 86;
43080 : 113;
43081 : 86;
43082 : 77;
43083 : 77;
43084 : 34;
43085 : 57;
43086 : 49;
43087 : 42;
43088 : 68;
43089 : 179;
43090 : 148;
43091 : 170;
43092 : 170;
43093 : 179;
43094 : 192;
43095 : 68;
43096 : 100;
43097 : 86;
43098 : 94;
43099 : 155;
43100 : 200;
43101 : 34;
43102 : 34;
43103 : 49;
43104 : 42;
43105 : 42;
43106 : 49;
43107 : 49;
43108 : 57;
43109 : 57;
43110 : 68;
43111 : 68;
43112 : 49;
43113 : 42;
43114 : 49;
43115 : 68;
43116 : 106;
43117 : 100;
43118 : 77;
43119 : 94;
43120 : 113;
43121 : 113;
43122 : 125;
43123 : 125;
43124 : 125;
43125 : 125;
43126 : 125;
43127 : 130;
43128 : 130;
43129 : 135;
43130 : 135;
43131 : 141;
43132 : 141;
43133 : 141;
43134 : 135;
43135 : 141;
43136 : 141;
43137 : 141;
43138 : 141;
43139 : 148;
43140 : 155;
43141 : 148;
43142 : 148;
43143 : 155;
43144 : 148;
43145 : 148;
43146 : 148;
43147 : 155;
43148 : 155;
43149 : 148;
43150 : 148;
43151 : 148;
43152 : 148;
43153 : 148;
43154 : 148;
43155 : 155;
43156 : 162;
43157 : 179;
43158 : 206;
43159 : 200;
43160 : 179;
43161 : 179;
43162 : 200;
43163 : 200;
43164 : 200;
43165 : 179;
43166 : 170;
43167 : 155;
43168 : 148;
43169 : 135;
43170 : 141;
43171 : 135;
43172 : 135;
43173 : 120;
43174 : 42;
43175 : 42;
43176 : 49;
43177 : 49;
43178 : 49;
43179 : 49;
43180 : 42;
43181 : 49;
43182 : 68;
43183 : 57;
43184 : 86;
43185 : 86;
43186 : 57;
43187 : 77;
43188 : 57;
43189 : 68;
43190 : 49;
43191 : 42;
43192 : 34;
43193 : 42;
43194 : 130;
43195 : 170;
43196 : 125;
43197 : 141;
43198 : 77;
43199 : 100;
43200 : 130;
43201 : 148;
43202 : 148;
43203 : 135;
43204 : 148;
43205 : 162;
43206 : 155;
43207 : 155;
43208 : 148;
43209 : 155;
43210 : 148;
43211 : 148;
43212 : 155;
43213 : 148;
43214 : 148;
43215 : 148;
43216 : 148;
43217 : 148;
43218 : 148;
43219 : 155;
43220 : 141;
43221 : 148;
43222 : 148;
43223 : 148;
43224 : 148;
43225 : 148;
43226 : 141;
43227 : 141;
43228 : 148;
43229 : 141;
43230 : 141;
43231 : 135;
43232 : 135;
43233 : 135;
43234 : 141;
43235 : 170;
43236 : 179;
43237 : 192;
43238 : 200;
43239 : 200;
43240 : 192;
43241 : 200;
43242 : 200;
43243 : 212;
43244 : 206;
43245 : 212;
43246 : 206;
43247 : 206;
43248 : 206;
43249 : 206;
43250 : 206;
43251 : 206;
43252 : 206;
43253 : 206;
43254 : 206;
43255 : 206;
43256 : 212;
43257 : 212;
43258 : 206;
43259 : 212;
43260 : 212;
43261 : 212;
43262 : 212;
43263 : 212;
43264 : 68;
43265 : 77;
43266 : 68;
43267 : 77;
43268 : 68;
43269 : 68;
43270 : 77;
43271 : 57;
43272 : 68;
43273 : 57;
43274 : 68;
43275 : 77;
43276 : 86;
43277 : 113;
43278 : 135;
43279 : 141;
43280 : 155;
43281 : 162;
43282 : 162;
43283 : 162;
43284 : 170;
43285 : 170;
43286 : 170;
43287 : 179;
43288 : 179;
43289 : 179;
43290 : 179;
43291 : 170;
43292 : 170;
43293 : 155;
43294 : 141;
43295 : 120;
43296 : 100;
43297 : 68;
43298 : 77;
43299 : 77;
43300 : 86;
43301 : 86;
43302 : 94;
43303 : 135;
43304 : 155;
43305 : 106;
43306 : 125;
43307 : 94;
43308 : 57;
43309 : 68;
43310 : 86;
43311 : 106;
43312 : 135;
43313 : 68;
43314 : 42;
43315 : 42;
43316 : 106;
43317 : 57;
43318 : 57;
43319 : 57;
43320 : 68;
43321 : 68;
43322 : 57;
43323 : 68;
43324 : 86;
43325 : 77;
43326 : 68;
43327 : 120;
43328 : 68;
43329 : 94;
43330 : 135;
43331 : 113;
43332 : 155;
43333 : 125;
43334 : 57;
43335 : 57;
43336 : 155;
43337 : 57;
43338 : 42;
43339 : 49;
43340 : 42;
43341 : 34;
43342 : 68;
43343 : 86;
43344 : 125;
43345 : 135;
43346 : 148;
43347 : 170;
43348 : 179;
43349 : 192;
43350 : 179;
43351 : 94;
43352 : 94;
43353 : 94;
43354 : 113;
43355 : 222;
43356 : 34;
43357 : 34;
43358 : 42;
43359 : 42;
43360 : 68;
43361 : 49;
43362 : 49;
43363 : 42;
43364 : 49;
43365 : 49;
43366 : 68;
43367 : 57;
43368 : 42;
43369 : 49;
43370 : 34;
43371 : 68;
43372 : 100;
43373 : 94;
43374 : 86;
43375 : 100;
43376 : 113;
43377 : 113;
43378 : 120;
43379 : 125;
43380 : 125;
43381 : 125;
43382 : 135;
43383 : 130;
43384 : 130;
43385 : 135;
43386 : 135;
43387 : 135;
43388 : 141;
43389 : 141;
43390 : 141;
43391 : 141;
43392 : 141;
43393 : 141;
43394 : 141;
43395 : 141;
43396 : 148;
43397 : 148;
43398 : 155;
43399 : 148;
43400 : 148;
43401 : 148;
43402 : 155;
43403 : 155;
43404 : 155;
43405 : 148;
43406 : 148;
43407 : 148;
43408 : 148;
43409 : 155;
43410 : 155;
43411 : 155;
43412 : 162;
43413 : 192;
43414 : 206;
43415 : 200;
43416 : 179;
43417 : 179;
43418 : 206;
43419 : 200;
43420 : 192;
43421 : 179;
43422 : 170;
43423 : 155;
43424 : 141;
43425 : 148;
43426 : 141;
43427 : 135;
43428 : 135;
43429 : 113;
43430 : 49;
43431 : 49;
43432 : 42;
43433 : 49;
43434 : 49;
43435 : 42;
43436 : 42;
43437 : 57;
43438 : 68;
43439 : 57;
43440 : 77;
43441 : 77;
43442 : 68;
43443 : 77;
43444 : 57;
43445 : 68;
43446 : 49;
43447 : 49;
43448 : 42;
43449 : 49;
43450 : 113;
43451 : 162;
43452 : 120;
43453 : 141;
43454 : 77;
43455 : 125;
43456 : 135;
43457 : 148;
43458 : 148;
43459 : 141;
43460 : 148;
43461 : 162;
43462 : 148;
43463 : 148;
43464 : 155;
43465 : 155;
43466 : 148;
43467 : 155;
43468 : 148;
43469 : 148;
43470 : 148;
43471 : 148;
43472 : 155;
43473 : 148;
43474 : 148;
43475 : 148;
43476 : 148;
43477 : 141;
43478 : 148;
43479 : 141;
43480 : 141;
43481 : 141;
43482 : 141;
43483 : 141;
43484 : 141;
43485 : 141;
43486 : 141;
43487 : 135;
43488 : 135;
43489 : 135;
43490 : 148;
43491 : 170;
43492 : 192;
43493 : 200;
43494 : 192;
43495 : 200;
43496 : 200;
43497 : 206;
43498 : 206;
43499 : 212;
43500 : 206;
43501 : 206;
43502 : 206;
43503 : 206;
43504 : 206;
43505 : 206;
43506 : 206;
43507 : 206;
43508 : 212;
43509 : 206;
43510 : 206;
43511 : 212;
43512 : 212;
43513 : 212;
43514 : 212;
43515 : 206;
43516 : 212;
43517 : 206;
43518 : 212;
43519 : 212;
43520 : 77;
43521 : 77;
43522 : 68;
43523 : 77;
43524 : 77;
43525 : 68;
43526 : 68;
43527 : 68;
43528 : 68;
43529 : 57;
43530 : 68;
43531 : 77;
43532 : 86;
43533 : 113;
43534 : 125;
43535 : 141;
43536 : 155;
43537 : 162;
43538 : 162;
43539 : 170;
43540 : 170;
43541 : 170;
43542 : 170;
43543 : 170;
43544 : 170;
43545 : 179;
43546 : 179;
43547 : 179;
43548 : 170;
43549 : 155;
43550 : 148;
43551 : 120;
43552 : 94;
43553 : 77;
43554 : 68;
43555 : 77;
43556 : 77;
43557 : 94;
43558 : 120;
43559 : 148;
43560 : 113;
43561 : 106;
43562 : 135;
43563 : 100;
43564 : 57;
43565 : 57;
43566 : 113;
43567 : 113;
43568 : 125;
43569 : 42;
43570 : 49;
43571 : 57;
43572 : 57;
43573 : 86;
43574 : 68;
43575 : 68;
43576 : 68;
43577 : 49;
43578 : 94;
43579 : 77;
43580 : 68;
43581 : 68;
43582 : 77;
43583 : 120;
43584 : 49;
43585 : 68;
43586 : 141;
43587 : 120;
43588 : 106;
43589 : 106;
43590 : 130;
43591 : 135;
43592 : 162;
43593 : 34;
43594 : 57;
43595 : 34;
43596 : 57;
43597 : 94;
43598 : 100;
43599 : 106;
43600 : 100;
43601 : 135;
43602 : 162;
43603 : 170;
43604 : 192;
43605 : 206;
43606 : 77;
43607 : 100;
43608 : 86;
43609 : 106;
43610 : 192;
43611 : 34;
43612 : 42;
43613 : 34;
43614 : 57;
43615 : 49;
43616 : 57;
43617 : 57;
43618 : 49;
43619 : 49;
43620 : 49;
43621 : 49;
43622 : 77;
43623 : 68;
43624 : 57;
43625 : 49;
43626 : 42;
43627 : 68;
43628 : 100;
43629 : 94;
43630 : 100;
43631 : 94;
43632 : 106;
43633 : 113;
43634 : 113;
43635 : 125;
43636 : 120;
43637 : 130;
43638 : 125;
43639 : 130;
43640 : 135;
43641 : 135;
43642 : 141;
43643 : 135;
43644 : 141;
43645 : 148;
43646 : 141;
43647 : 141;
43648 : 141;
43649 : 135;
43650 : 141;
43651 : 141;
43652 : 141;
43653 : 141;
43654 : 148;
43655 : 148;
43656 : 148;
43657 : 148;
43658 : 148;
43659 : 155;
43660 : 148;
43661 : 148;
43662 : 148;
43663 : 148;
43664 : 148;
43665 : 155;
43666 : 155;
43667 : 162;
43668 : 170;
43669 : 192;
43670 : 206;
43671 : 200;
43672 : 170;
43673 : 179;
43674 : 200;
43675 : 200;
43676 : 200;
43677 : 192;
43678 : 162;
43679 : 141;
43680 : 141;
43681 : 148;
43682 : 135;
43683 : 141;
43684 : 130;
43685 : 49;
43686 : 42;
43687 : 42;
43688 : 49;
43689 : 49;
43690 : 49;
43691 : 42;
43692 : 57;
43693 : 49;
43694 : 68;
43695 : 68;
43696 : 77;
43697 : 77;
43698 : 68;
43699 : 77;
43700 : 49;
43701 : 57;
43702 : 57;
43703 : 49;
43704 : 42;
43705 : 42;
43706 : 120;
43707 : 155;
43708 : 141;
43709 : 148;
43710 : 68;
43711 : 130;
43712 : 135;
43713 : 141;
43714 : 148;
43715 : 141;
43716 : 155;
43717 : 155;
43718 : 155;
43719 : 162;
43720 : 155;
43721 : 148;
43722 : 148;
43723 : 155;
43724 : 148;
43725 : 148;
43726 : 148;
43727 : 148;
43728 : 148;
43729 : 148;
43730 : 148;
43731 : 148;
43732 : 148;
43733 : 148;
43734 : 141;
43735 : 141;
43736 : 141;
43737 : 148;
43738 : 148;
43739 : 148;
43740 : 141;
43741 : 141;
43742 : 135;
43743 : 130;
43744 : 125;
43745 : 130;
43746 : 148;
43747 : 170;
43748 : 192;
43749 : 200;
43750 : 200;
43751 : 200;
43752 : 200;
43753 : 206;
43754 : 206;
43755 : 206;
43756 : 206;
43757 : 206;
43758 : 206;
43759 : 206;
43760 : 206;
43761 : 206;
43762 : 206;
43763 : 206;
43764 : 206;
43765 : 206;
43766 : 212;
43767 : 206;
43768 : 212;
43769 : 212;
43770 : 212;
43771 : 206;
43772 : 212;
43773 : 212;
43774 : 212;
43775 : 212;
43776 : 68;
43777 : 57;
43778 : 68;
43779 : 77;
43780 : 68;
43781 : 68;
43782 : 77;
43783 : 57;
43784 : 68;
43785 : 57;
43786 : 68;
43787 : 77;
43788 : 94;
43789 : 106;
43790 : 130;
43791 : 148;
43792 : 155;
43793 : 155;
43794 : 162;
43795 : 170;
43796 : 170;
43797 : 170;
43798 : 170;
43799 : 179;
43800 : 179;
43801 : 179;
43802 : 179;
43803 : 179;
43804 : 170;
43805 : 155;
43806 : 141;
43807 : 125;
43808 : 100;
43809 : 68;
43810 : 68;
43811 : 77;
43812 : 77;
43813 : 106;
43814 : 148;
43815 : 100;
43816 : 106;
43817 : 113;
43818 : 125;
43819 : 86;
43820 : 77;
43821 : 86;
43822 : 68;
43823 : 120;
43824 : 100;
43825 : 42;
43826 : 57;
43827 : 49;
43828 : 68;
43829 : 57;
43830 : 68;
43831 : 68;
43832 : 68;
43833 : 77;
43834 : 86;
43835 : 77;
43836 : 57;
43837 : 68;
43838 : 68;
43839 : 94;
43840 : 106;
43841 : 42;
43842 : 57;
43843 : 120;
43844 : 155;
43845 : 113;
43846 : 148;
43847 : 141;
43848 : 34;
43849 : 34;
43850 : 34;
43851 : 42;
43852 : 106;
43853 : 135;
43854 : 120;
43855 : 106;
43856 : 113;
43857 : 135;
43858 : 162;
43859 : 179;
43860 : 200;
43861 : 49;
43862 : 113;
43863 : 86;
43864 : 100;
43865 : 179;
43866 : 113;
43867 : 34;
43868 : 34;
43869 : 42;
43870 : 77;
43871 : 68;
43872 : 49;
43873 : 49;
43874 : 42;
43875 : 49;
43876 : 49;
43877 : 57;
43878 : 68;
43879 : 68;
43880 : 49;
43881 : 49;
43882 : 42;
43883 : 42;
43884 : 106;
43885 : 94;
43886 : 94;
43887 : 77;
43888 : 94;
43889 : 120;
43890 : 113;
43891 : 120;
43892 : 125;
43893 : 120;
43894 : 130;
43895 : 130;
43896 : 135;
43897 : 135;
43898 : 141;
43899 : 141;
43900 : 141;
43901 : 141;
43902 : 141;
43903 : 141;
43904 : 135;
43905 : 135;
43906 : 141;
43907 : 141;
43908 : 141;
43909 : 141;
43910 : 141;
43911 : 141;
43912 : 141;
43913 : 148;
43914 : 141;
43915 : 148;
43916 : 141;
43917 : 148;
43918 : 141;
43919 : 148;
43920 : 148;
43921 : 155;
43922 : 155;
43923 : 162;
43924 : 179;
43925 : 192;
43926 : 206;
43927 : 206;
43928 : 192;
43929 : 200;
43930 : 212;
43931 : 192;
43932 : 192;
43933 : 192;
43934 : 170;
43935 : 141;
43936 : 135;
43937 : 141;
43938 : 135;
43939 : 135;
43940 : 141;
43941 : 42;
43942 : 49;
43943 : 49;
43944 : 42;
43945 : 68;
43946 : 49;
43947 : 42;
43948 : 49;
43949 : 49;
43950 : 68;
43951 : 77;
43952 : 77;
43953 : 86;
43954 : 68;
43955 : 77;
43956 : 68;
43957 : 57;
43958 : 57;
43959 : 49;
43960 : 34;
43961 : 34;
43962 : 120;
43963 : 162;
43964 : 141;
43965 : 141;
43966 : 77;
43967 : 130;
43968 : 135;
43969 : 141;
43970 : 148;
43971 : 148;
43972 : 155;
43973 : 155;
43974 : 148;
43975 : 148;
43976 : 155;
43977 : 148;
43978 : 148;
43979 : 155;
43980 : 148;
43981 : 148;
43982 : 148;
43983 : 148;
43984 : 148;
43985 : 141;
43986 : 148;
43987 : 148;
43988 : 148;
43989 : 155;
43990 : 148;
43991 : 148;
43992 : 148;
43993 : 141;
43994 : 148;
43995 : 141;
43996 : 141;
43997 : 141;
43998 : 135;
43999 : 135;
44000 : 135;
44001 : 125;
44002 : 148;
44003 : 179;
44004 : 192;
44005 : 192;
44006 : 200;
44007 : 200;
44008 : 206;
44009 : 206;
44010 : 206;
44011 : 206;
44012 : 212;
44013 : 206;
44014 : 206;
44015 : 212;
44016 : 212;
44017 : 206;
44018 : 206;
44019 : 206;
44020 : 206;
44021 : 206;
44022 : 212;
44023 : 212;
44024 : 212;
44025 : 212;
44026 : 212;
44027 : 212;
44028 : 212;
44029 : 212;
44030 : 212;
44031 : 212;
44032 : 68;
44033 : 57;
44034 : 68;
44035 : 57;
44036 : 68;
44037 : 77;
44038 : 68;
44039 : 68;
44040 : 68;
44041 : 68;
44042 : 68;
44043 : 68;
44044 : 86;
44045 : 106;
44046 : 130;
44047 : 148;
44048 : 155;
44049 : 162;
44050 : 170;
44051 : 170;
44052 : 170;
44053 : 170;
44054 : 179;
44055 : 179;
44056 : 179;
44057 : 179;
44058 : 179;
44059 : 170;
44060 : 170;
44061 : 155;
44062 : 141;
44063 : 125;
44064 : 100;
44065 : 68;
44066 : 77;
44067 : 77;
44068 : 86;
44069 : 148;
44070 : 100;
44071 : 94;
44072 : 100;
44073 : 113;
44074 : 120;
44075 : 68;
44076 : 68;
44077 : 57;
44078 : 34;
44079 : 120;
44080 : 86;
44081 : 49;
44082 : 68;
44083 : 57;
44084 : 68;
44085 : 57;
44086 : 57;
44087 : 77;
44088 : 86;
44089 : 106;
44090 : 77;
44091 : 94;
44092 : 86;
44093 : 77;
44094 : 86;
44095 : 68;
44096 : 94;
44097 : 77;
44098 : 57;
44099 : 77;
44100 : 125;
44101 : 113;
44102 : 135;
44103 : 141;
44104 : 34;
44105 : 42;
44106 : 34;
44107 : 100;
44108 : 141;
44109 : 162;
44110 : 179;
44111 : 179;
44112 : 135;
44113 : 192;
44114 : 192;
44115 : 200;
44116 : 106;
44117 : 94;
44118 : 86;
44119 : 106;
44120 : 130;
44121 : 222;
44122 : 34;
44123 : 49;
44124 : 34;
44125 : 42;
44126 : 100;
44127 : 77;
44128 : 49;
44129 : 49;
44130 : 42;
44131 : 49;
44132 : 57;
44133 : 68;
44134 : 68;
44135 : 77;
44136 : 42;
44137 : 42;
44138 : 42;
44139 : 57;
44140 : 106;
44141 : 86;
44142 : 100;
44143 : 77;
44144 : 94;
44145 : 113;
44146 : 113;
44147 : 120;
44148 : 125;
44149 : 130;
44150 : 130;
44151 : 130;
44152 : 130;
44153 : 130;
44154 : 141;
44155 : 135;
44156 : 135;
44157 : 141;
44158 : 141;
44159 : 141;
44160 : 135;
44161 : 135;
44162 : 135;
44163 : 135;
44164 : 141;
44165 : 135;
44166 : 130;
44167 : 141;
44168 : 148;
44169 : 141;
44170 : 141;
44171 : 148;
44172 : 141;
44173 : 148;
44174 : 141;
44175 : 148;
44176 : 155;
44177 : 155;
44178 : 155;
44179 : 155;
44180 : 148;
44181 : 148;
44182 : 162;
44183 : 162;
44184 : 179;
44185 : 179;
44186 : 162;
44187 : 155;
44188 : 162;
44189 : 170;
44190 : 155;
44191 : 125;
44192 : 130;
44193 : 135;
44194 : 141;
44195 : 130;
44196 : 49;
44197 : 42;
44198 : 49;
44199 : 42;
44200 : 49;
44201 : 57;
44202 : 49;
44203 : 49;
44204 : 57;
44205 : 57;
44206 : 68;
44207 : 68;
44208 : 86;
44209 : 86;
44210 : 68;
44211 : 86;
44212 : 68;
44213 : 57;
44214 : 68;
44215 : 49;
44216 : 42;
44217 : 34;
44218 : 86;
44219 : 155;
44220 : 170;
44221 : 125;
44222 : 94;
44223 : 135;
44224 : 141;
44225 : 141;
44226 : 141;
44227 : 141;
44228 : 148;
44229 : 162;
44230 : 155;
44231 : 155;
44232 : 155;
44233 : 155;
44234 : 148;
44235 : 155;
44236 : 155;
44237 : 148;
44238 : 141;
44239 : 148;
44240 : 155;
44241 : 155;
44242 : 148;
44243 : 148;
44244 : 148;
44245 : 148;
44246 : 141;
44247 : 141;
44248 : 148;
44249 : 141;
44250 : 148;
44251 : 141;
44252 : 141;
44253 : 141;
44254 : 141;
44255 : 141;
44256 : 130;
44257 : 130;
44258 : 155;
44259 : 179;
44260 : 192;
44261 : 192;
44262 : 200;
44263 : 200;
44264 : 206;
44265 : 206;
44266 : 212;
44267 : 206;
44268 : 206;
44269 : 206;
44270 : 206;
44271 : 206;
44272 : 206;
44273 : 212;
44274 : 206;
44275 : 206;
44276 : 206;
44277 : 212;
44278 : 212;
44279 : 212;
44280 : 212;
44281 : 212;
44282 : 212;
44283 : 212;
44284 : 212;
44285 : 212;
44286 : 206;
44287 : 212;
44288 : 68;
44289 : 57;
44290 : 57;
44291 : 68;
44292 : 57;
44293 : 68;
44294 : 68;
44295 : 68;
44296 : 68;
44297 : 57;
44298 : 68;
44299 : 77;
44300 : 86;
44301 : 113;
44302 : 130;
44303 : 148;
44304 : 155;
44305 : 162;
44306 : 162;
44307 : 170;
44308 : 170;
44309 : 170;
44310 : 179;
44311 : 170;
44312 : 179;
44313 : 179;
44314 : 179;
44315 : 179;
44316 : 170;
44317 : 155;
44318 : 141;
44319 : 120;
44320 : 94;
44321 : 77;
44322 : 68;
44323 : 77;
44324 : 113;
44325 : 135;
44326 : 94;
44327 : 94;
44328 : 100;
44329 : 113;
44330 : 135;
44331 : 57;
44332 : 49;
44333 : 42;
44334 : 94;
44335 : 86;
44336 : 113;
44337 : 49;
44338 : 68;
44339 : 57;
44340 : 68;
44341 : 57;
44342 : 49;
44343 : 68;
44344 : 68;
44345 : 94;
44346 : 94;
44347 : 94;
44348 : 100;
44349 : 86;
44350 : 86;
44351 : 77;
44352 : 68;
44353 : 120;
44354 : 68;
44355 : 49;
44356 : 68;
44357 : 86;
44358 : 135;
44359 : 125;
44360 : 135;
44361 : 34;
44362 : 42;
44363 : 141;
44364 : 94;
44365 : 130;
44366 : 179;
44367 : 200;
44368 : 206;
44369 : 206;
44370 : 192;
44371 : 148;
44372 : 94;
44373 : 100;
44374 : 86;
44375 : 120;
44376 : 200;
44377 : 34;
44378 : 34;
44379 : 42;
44380 : 42;
44381 : 42;
44382 : 68;
44383 : 68;
44384 : 42;
44385 : 49;
44386 : 34;
44387 : 57;
44388 : 49;
44389 : 68;
44390 : 77;
44391 : 68;
44392 : 57;
44393 : 49;
44394 : 42;
44395 : 57;
44396 : 113;
44397 : 86;
44398 : 94;
44399 : 68;
44400 : 86;
44401 : 106;
44402 : 113;
44403 : 120;
44404 : 125;
44405 : 130;
44406 : 130;
44407 : 130;
44408 : 130;
44409 : 130;
44410 : 135;
44411 : 135;
44412 : 135;
44413 : 135;
44414 : 141;
44415 : 141;
44416 : 135;
44417 : 141;
44418 : 141;
44419 : 141;
44420 : 130;
44421 : 130;
44422 : 125;
44423 : 130;
44424 : 125;
44425 : 135;
44426 : 135;
44427 : 141;
44428 : 135;
44429 : 141;
44430 : 135;
44431 : 135;
44432 : 130;
44433 : 135;
44434 : 130;
44435 : 125;
44436 : 125;
44437 : 125;
44438 : 141;
44439 : 135;
44440 : 148;
44441 : 148;
44442 : 141;
44443 : 135;
44444 : 135;
44445 : 141;
44446 : 113;
44447 : 106;
44448 : 130;
44449 : 141;
44450 : 141;
44451 : 135;
44452 : 49;
44453 : 49;
44454 : 49;
44455 : 42;
44456 : 49;
44457 : 49;
44458 : 49;
44459 : 49;
44460 : 57;
44461 : 57;
44462 : 77;
44463 : 57;
44464 : 86;
44465 : 86;
44466 : 77;
44467 : 86;
44468 : 68;
44469 : 57;
44470 : 68;
44471 : 42;
44472 : 34;
44473 : 42;
44474 : 49;
44475 : 155;
44476 : 162;
44477 : 113;
44478 : 100;
44479 : 141;
44480 : 148;
44481 : 148;
44482 : 141;
44483 : 141;
44484 : 162;
44485 : 155;
44486 : 155;
44487 : 155;
44488 : 155;
44489 : 155;
44490 : 148;
44491 : 148;
44492 : 148;
44493 : 148;
44494 : 148;
44495 : 141;
44496 : 148;
44497 : 148;
44498 : 148;
44499 : 148;
44500 : 148;
44501 : 141;
44502 : 141;
44503 : 148;
44504 : 141;
44505 : 148;
44506 : 141;
44507 : 141;
44508 : 141;
44509 : 141;
44510 : 135;
44511 : 135;
44512 : 130;
44513 : 125;
44514 : 155;
44515 : 179;
44516 : 192;
44517 : 200;
44518 : 206;
44519 : 206;
44520 : 206;
44521 : 212;
44522 : 206;
44523 : 212;
44524 : 206;
44525 : 206;
44526 : 206;
44527 : 212;
44528 : 206;
44529 : 206;
44530 : 212;
44531 : 212;
44532 : 212;
44533 : 206;
44534 : 212;
44535 : 212;
44536 : 212;
44537 : 212;
44538 : 212;
44539 : 212;
44540 : 212;
44541 : 212;
44542 : 212;
44543 : 212;
44544 : 49;
44545 : 57;
44546 : 57;
44547 : 57;
44548 : 57;
44549 : 68;
44550 : 68;
44551 : 57;
44552 : 57;
44553 : 57;
44554 : 68;
44555 : 77;
44556 : 86;
44557 : 106;
44558 : 130;
44559 : 148;
44560 : 155;
44561 : 162;
44562 : 170;
44563 : 170;
44564 : 170;
44565 : 179;
44566 : 179;
44567 : 179;
44568 : 179;
44569 : 179;
44570 : 179;
44571 : 179;
44572 : 162;
44573 : 155;
44574 : 141;
44575 : 120;
44576 : 100;
44577 : 68;
44578 : 68;
44579 : 100;
44580 : 141;
44581 : 100;
44582 : 86;
44583 : 94;
44584 : 113;
44585 : 141;
44586 : 130;
44587 : 57;
44588 : 42;
44589 : 49;
44590 : 94;
44591 : 34;
44592 : 86;
44593 : 68;
44594 : 57;
44595 : 57;
44596 : 77;
44597 : 68;
44598 : 57;
44599 : 49;
44600 : 57;
44601 : 106;
44602 : 125;
44603 : 94;
44604 : 106;
44605 : 106;
44606 : 77;
44607 : 77;
44608 : 68;
44609 : 68;
44610 : 120;
44611 : 86;
44612 : 100;
44613 : 86;
44614 : 86;
44615 : 120;
44616 : 77;
44617 : 120;
44618 : 155;
44619 : 170;
44620 : 120;
44621 : 135;
44622 : 192;
44623 : 200;
44624 : 206;
44625 : 200;
44626 : 192;
44627 : 86;
44628 : 113;
44629 : 86;
44630 : 100;
44631 : 179;
44632 : 125;
44633 : 42;
44634 : 49;
44635 : 42;
44636 : 49;
44637 : 34;
44638 : 57;
44639 : 77;
44640 : 34;
44641 : 49;
44642 : 49;
44643 : 49;
44644 : 57;
44645 : 68;
44646 : 68;
44647 : 77;
44648 : 68;
44649 : 42;
44650 : 42;
44651 : 42;
44652 : 125;
44653 : 86;
44654 : 106;
44655 : 77;
44656 : 86;
44657 : 100;
44658 : 113;
44659 : 113;
44660 : 120;
44661 : 135;
44662 : 135;
44663 : 120;
44664 : 130;
44665 : 130;
44666 : 125;
44667 : 135;
44668 : 135;
44669 : 141;
44670 : 141;
44671 : 148;
44672 : 141;
44673 : 141;
44674 : 148;
44675 : 141;
44676 : 113;
44677 : 68;
44678 : 77;
44679 : 100;
44680 : 113;
44681 : 125;
44682 : 130;
44683 : 125;
44684 : 120;
44685 : 120;
44686 : 125;
44687 : 113;
44688 : 113;
44689 : 113;
44690 : 106;
44691 : 106;
44692 : 113;
44693 : 113;
44694 : 125;
44695 : 125;
44696 : 130;
44697 : 113;
44698 : 77;
44699 : 86;
44700 : 94;
44701 : 113;
44702 : 100;
44703 : 113;
44704 : 135;
44705 : 148;
44706 : 141;
44707 : 57;
44708 : 49;
44709 : 42;
44710 : 49;
44711 : 49;
44712 : 57;
44713 : 49;
44714 : 49;
44715 : 49;
44716 : 49;
44717 : 57;
44718 : 68;
44719 : 57;
44720 : 86;
44721 : 77;
44722 : 68;
44723 : 86;
44724 : 68;
44725 : 49;
44726 : 68;
44727 : 49;
44728 : 34;
44729 : 42;
44730 : 42;
44731 : 155;
44732 : 162;
44733 : 106;
44734 : 125;
44735 : 141;
44736 : 141;
44737 : 148;
44738 : 148;
44739 : 148;
44740 : 155;
44741 : 155;
44742 : 155;
44743 : 155;
44744 : 148;
44745 : 148;
44746 : 155;
44747 : 155;
44748 : 148;
44749 : 148;
44750 : 148;
44751 : 141;
44752 : 155;
44753 : 148;
44754 : 148;
44755 : 148;
44756 : 148;
44757 : 148;
44758 : 148;
44759 : 141;
44760 : 148;
44761 : 141;
44762 : 148;
44763 : 141;
44764 : 148;
44765 : 141;
44766 : 135;
44767 : 135;
44768 : 130;
44769 : 130;
44770 : 155;
44771 : 179;
44772 : 192;
44773 : 200;
44774 : 206;
44775 : 206;
44776 : 212;
44777 : 212;
44778 : 212;
44779 : 206;
44780 : 212;
44781 : 212;
44782 : 206;
44783 : 206;
44784 : 206;
44785 : 212;
44786 : 206;
44787 : 212;
44788 : 212;
44789 : 212;
44790 : 212;
44791 : 212;
44792 : 212;
44793 : 212;
44794 : 212;
44795 : 212;
44796 : 212;
44797 : 212;
44798 : 212;
44799 : 212;
44800 : 57;
44801 : 57;
44802 : 49;
44803 : 68;
44804 : 68;
44805 : 68;
44806 : 68;
44807 : 57;
44808 : 68;
44809 : 68;
44810 : 77;
44811 : 77;
44812 : 100;
44813 : 113;
44814 : 130;
44815 : 148;
44816 : 155;
44817 : 162;
44818 : 170;
44819 : 170;
44820 : 179;
44821 : 170;
44822 : 179;
44823 : 179;
44824 : 179;
44825 : 179;
44826 : 179;
44827 : 170;
44828 : 170;
44829 : 155;
44830 : 135;
44831 : 113;
44832 : 94;
44833 : 77;
44834 : 77;
44835 : 155;
44836 : 100;
44837 : 77;
44838 : 86;
44839 : 100;
44840 : 155;
44841 : 162;
44842 : 120;
44843 : 57;
44844 : 49;
44845 : 86;
44846 : 68;
44847 : 34;
44848 : 49;
44849 : 57;
44850 : 77;
44851 : 49;
44852 : 77;
44853 : 49;
44854 : 68;
44855 : 57;
44856 : 57;
44857 : 120;
44858 : 130;
44859 : 106;
44860 : 100;
44861 : 100;
44862 : 113;
44863 : 86;
44864 : 86;
44865 : 57;
44866 : 77;
44867 : 125;
44868 : 135;
44869 : 57;
44870 : 57;
44871 : 68;
44872 : 68;
44873 : 77;
44874 : 120;
44875 : 120;
44876 : 120;
44877 : 179;
44878 : 200;
44879 : 206;
44880 : 212;
44881 : 192;
44882 : 57;
44883 : 106;
44884 : 86;
44885 : 100;
44886 : 141;
44887 : 212;
44888 : 34;
44889 : 42;
44890 : 42;
44891 : 49;
44892 : 49;
44893 : 42;
44894 : 49;
44895 : 68;
44896 : 49;
44897 : 42;
44898 : 49;
44899 : 49;
44900 : 57;
44901 : 57;
44902 : 68;
44903 : 77;
44904 : 77;
44905 : 34;
44906 : 42;
44907 : 49;
44908 : 113;
44909 : 86;
44910 : 100;
44911 : 77;
44912 : 86;
44913 : 100;
44914 : 106;
44915 : 120;
44916 : 120;
44917 : 130;
44918 : 125;
44919 : 120;
44920 : 130;
44921 : 125;
44922 : 130;
44923 : 130;
44924 : 135;
44925 : 135;
44926 : 141;
44927 : 148;
44928 : 148;
44929 : 141;
44930 : 148;
44931 : 141;
44932 : 113;
44933 : 100;
44934 : 100;
44935 : 86;
44936 : 86;
44937 : 86;
44938 : 86;
44939 : 94;
44940 : 94;
44941 : 100;
44942 : 113;
44943 : 106;
44944 : 100;
44945 : 100;
44946 : 86;
44947 : 86;
44948 : 94;
44949 : 113;
44950 : 113;
44951 : 113;
44952 : 120;
44953 : 106;
44954 : 113;
44955 : 100;
44956 : 113;
44957 : 130;
44958 : 120;
44959 : 141;
44960 : 141;
44961 : 148;
44962 : 130;
44963 : 42;
44964 : 42;
44965 : 42;
44966 : 49;
44967 : 49;
44968 : 49;
44969 : 42;
44970 : 49;
44971 : 57;
44972 : 49;
44973 : 77;
44974 : 57;
44975 : 57;
44976 : 86;
44977 : 77;
44978 : 77;
44979 : 77;
44980 : 57;
44981 : 42;
44982 : 86;
44983 : 68;
44984 : 34;
44985 : 49;
44986 : 49;
44987 : 135;
44988 : 162;
44989 : 125;
44990 : 148;
44991 : 148;
44992 : 148;
44993 : 148;
44994 : 148;
44995 : 148;
44996 : 155;
44997 : 155;
44998 : 155;
44999 : 155;
45000 : 148;
45001 : 148;
45002 : 155;
45003 : 148;
45004 : 148;
45005 : 148;
45006 : 148;
45007 : 148;
45008 : 155;
45009 : 141;
45010 : 148;
45011 : 141;
45012 : 148;
45013 : 148;
45014 : 141;
45015 : 148;
45016 : 141;
45017 : 148;
45018 : 141;
45019 : 141;
45020 : 141;
45021 : 135;
45022 : 135;
45023 : 130;
45024 : 125;
45025 : 135;
45026 : 155;
45027 : 179;
45028 : 192;
45029 : 200;
45030 : 206;
45031 : 212;
45032 : 212;
45033 : 206;
45034 : 212;
45035 : 206;
45036 : 212;
45037 : 206;
45038 : 212;
45039 : 206;
45040 : 206;
45041 : 206;
45042 : 212;
45043 : 206;
45044 : 212;
45045 : 212;
45046 : 212;
45047 : 212;
45048 : 212;
45049 : 212;
45050 : 222;
45051 : 212;
45052 : 212;
45053 : 212;
45054 : 212;
45055 : 212;
45056 : 49;
45057 : 57;
45058 : 57;
45059 : 57;
45060 : 57;
45061 : 68;
45062 : 68;
45063 : 68;
45064 : 57;
45065 : 68;
45066 : 77;
45067 : 86;
45068 : 86;
45069 : 113;
45070 : 135;
45071 : 148;
45072 : 155;
45073 : 162;
45074 : 170;
45075 : 170;
45076 : 179;
45077 : 179;
45078 : 170;
45079 : 179;
45080 : 179;
45081 : 179;
45082 : 179;
45083 : 170;
45084 : 162;
45085 : 155;
45086 : 141;
45087 : 120;
45088 : 86;
45089 : 77;
45090 : 170;
45091 : 106;
45092 : 86;
45093 : 86;
45094 : 94;
45095 : 135;
45096 : 148;
45097 : 120;
45098 : 113;
45099 : 57;
45100 : 57;
45101 : 57;
45102 : 57;
45103 : 49;
45104 : 42;
45105 : 57;
45106 : 57;
45107 : 57;
45108 : 86;
45109 : 49;
45110 : 94;
45111 : 57;
45112 : 57;
45113 : 135;
45114 : 125;
45115 : 106;
45116 : 100;
45117 : 100;
45118 : 94;
45119 : 106;
45120 : 106;
45121 : 100;
45122 : 86;
45123 : 113;
45124 : 148;
45125 : 86;
45126 : 68;
45127 : 86;
45128 : 68;
45129 : 113;
45130 : 141;
45131 : 141;
45132 : 135;
45133 : 113;
45134 : 222;
45135 : 222;
45136 : 206;
45137 : 155;
45138 : 94;
45139 : 94;
45140 : 100;
45141 : 155;
45142 : 206;
45143 : 34;
45144 : 42;
45145 : 42;
45146 : 49;
45147 : 49;
45148 : 42;
45149 : 42;
45150 : 49;
45151 : 68;
45152 : 57;
45153 : 42;
45154 : 42;
45155 : 57;
45156 : 57;
45157 : 57;
45158 : 57;
45159 : 68;
45160 : 77;
45161 : 42;
45162 : 49;
45163 : 49;
45164 : 113;
45165 : 86;
45166 : 86;
45167 : 68;
45168 : 77;
45169 : 94;
45170 : 100;
45171 : 113;
45172 : 120;
45173 : 125;
45174 : 135;
45175 : 120;
45176 : 125;
45177 : 125;
45178 : 130;
45179 : 130;
45180 : 141;
45181 : 135;
45182 : 135;
45183 : 141;
45184 : 148;
45185 : 148;
45186 : 141;
45187 : 141;
45188 : 130;
45189 : 125;
45190 : 125;
45191 : 125;
45192 : 113;
45193 : 113;
45194 : 106;
45195 : 113;
45196 : 113;
45197 : 120;
45198 : 125;
45199 : 130;
45200 : 130;
45201 : 130;
45202 : 125;
45203 : 130;
45204 : 125;
45205 : 130;
45206 : 135;
45207 : 148;
45208 : 148;
45209 : 162;
45210 : 135;
45211 : 130;
45212 : 135;
45213 : 141;
45214 : 141;
45215 : 141;
45216 : 148;
45217 : 141;
45218 : 34;
45219 : 42;
45220 : 49;
45221 : 49;
45222 : 49;
45223 : 57;
45224 : 49;
45225 : 42;
45226 : 49;
45227 : 57;
45228 : 57;
45229 : 68;
45230 : 57;
45231 : 68;
45232 : 68;
45233 : 77;
45234 : 77;
45235 : 86;
45236 : 57;
45237 : 57;
45238 : 100;
45239 : 57;
45240 : 42;
45241 : 49;
45242 : 49;
45243 : 125;
45244 : 162;
45245 : 120;
45246 : 162;
45247 : 141;
45248 : 148;
45249 : 148;
45250 : 148;
45251 : 148;
45252 : 155;
45253 : 155;
45254 : 155;
45255 : 162;
45256 : 148;
45257 : 155;
45258 : 148;
45259 : 155;
45260 : 155;
45261 : 148;
45262 : 155;
45263 : 148;
45264 : 141;
45265 : 148;
45266 : 148;
45267 : 148;
45268 : 148;
45269 : 148;
45270 : 141;
45271 : 148;
45272 : 141;
45273 : 148;
45274 : 148;
45275 : 141;
45276 : 148;
45277 : 135;
45278 : 141;
45279 : 130;
45280 : 120;
45281 : 135;
45282 : 162;
45283 : 192;
45284 : 200;
45285 : 206;
45286 : 206;
45287 : 212;
45288 : 206;
45289 : 212;
45290 : 212;
45291 : 212;
45292 : 212;
45293 : 206;
45294 : 212;
45295 : 206;
45296 : 206;
45297 : 212;
45298 : 206;
45299 : 212;
45300 : 212;
45301 : 212;
45302 : 212;
45303 : 212;
45304 : 212;
45305 : 212;
45306 : 212;
45307 : 212;
45308 : 212;
45309 : 212;
45310 : 212;
45311 : 212;
45312 : 57;
45313 : 57;
45314 : 57;
45315 : 49;
45316 : 57;
45317 : 57;
45318 : 57;
45319 : 57;
45320 : 57;
45321 : 68;
45322 : 77;
45323 : 86;
45324 : 94;
45325 : 113;
45326 : 135;
45327 : 148;
45328 : 155;
45329 : 170;
45330 : 162;
45331 : 179;
45332 : 179;
45333 : 170;
45334 : 179;
45335 : 179;
45336 : 192;
45337 : 179;
45338 : 179;
45339 : 179;
45340 : 162;
45341 : 155;
45342 : 141;
45343 : 120;
45344 : 100;
45345 : 170;
45346 : 130;
45347 : 77;
45348 : 77;
45349 : 86;
45350 : 113;
45351 : 141;
45352 : 120;
45353 : 120;
45354 : 100;
45355 : 77;
45356 : 68;
45357 : 57;
45358 : 86;
45359 : 42;
45360 : 57;
45361 : 34;
45362 : 49;
45363 : 49;
45364 : 94;
45365 : 57;
45366 : 68;
45367 : 57;
45368 : 49;
45369 : 148;
45370 : 148;
45371 : 113;
45372 : 57;
45373 : 86;
45374 : 100;
45375 : 100;
45376 : 100;
45377 : 94;
45378 : 86;
45379 : 86;
45380 : 57;
45381 : 113;
45382 : 77;
45383 : 106;
45384 : 130;
45385 : 130;
45386 : 155;
45387 : 135;
45388 : 135;
45389 : 113;
45390 : 179;
45391 : 222;
45392 : 170;
45393 : 77;
45394 : 113;
45395 : 100;
45396 : 141;
45397 : 179;
45398 : 125;
45399 : 49;
45400 : 49;
45401 : 57;
45402 : 57;
45403 : 49;
45404 : 42;
45405 : 34;
45406 : 49;
45407 : 57;
45408 : 57;
45409 : 42;
45410 : 49;
45411 : 57;
45412 : 57;
45413 : 57;
45414 : 57;
45415 : 57;
45416 : 77;
45417 : 49;
45418 : 49;
45419 : 49;
45420 : 94;
45421 : 68;
45422 : 86;
45423 : 77;
45424 : 86;
45425 : 100;
45426 : 100;
45427 : 113;
45428 : 120;
45429 : 120;
45430 : 125;
45431 : 120;
45432 : 125;
45433 : 120;
45434 : 125;
45435 : 125;
45436 : 135;
45437 : 135;
45438 : 135;
45439 : 141;
45440 : 141;
45441 : 148;
45442 : 141;
45443 : 148;
45444 : 148;
45445 : 141;
45446 : 135;
45447 : 125;
45448 : 125;
45449 : 130;
45450 : 125;
45451 : 120;
45452 : 125;
45453 : 130;
45454 : 130;
45455 : 135;
45456 : 135;
45457 : 162;
45458 : 170;
45459 : 179;
45460 : 179;
45461 : 170;
45462 : 200;
45463 : 200;
45464 : 192;
45465 : 179;
45466 : 148;
45467 : 135;
45468 : 141;
45469 : 141;
45470 : 148;
45471 : 141;
45472 : 135;
45473 : 106;
45474 : 42;
45475 : 42;
45476 : 49;
45477 : 42;
45478 : 49;
45479 : 49;
45480 : 42;
45481 : 49;
45482 : 49;
45483 : 57;
45484 : 57;
45485 : 49;
45486 : 57;
45487 : 77;
45488 : 77;
45489 : 77;
45490 : 68;
45491 : 77;
45492 : 68;
45493 : 57;
45494 : 86;
45495 : 68;
45496 : 34;
45497 : 49;
45498 : 49;
45499 : 100;
45500 : 170;
45501 : 130;
45502 : 162;
45503 : 141;
45504 : 155;
45505 : 148;
45506 : 155;
45507 : 148;
45508 : 155;
45509 : 155;
45510 : 148;
45511 : 148;
45512 : 148;
45513 : 155;
45514 : 148;
45515 : 155;
45516 : 148;
45517 : 155;
45518 : 148;
45519 : 148;
45520 : 148;
45521 : 148;
45522 : 141;
45523 : 148;
45524 : 148;
45525 : 148;
45526 : 148;
45527 : 141;
45528 : 148;
45529 : 148;
45530 : 141;
45531 : 148;
45532 : 135;
45533 : 135;
45534 : 135;
45535 : 130;
45536 : 125;
45537 : 135;
45538 : 170;
45539 : 192;
45540 : 200;
45541 : 206;
45542 : 212;
45543 : 212;
45544 : 212;
45545 : 212;
45546 : 206;
45547 : 206;
45548 : 212;
45549 : 212;
45550 : 212;
45551 : 212;
45552 : 212;
45553 : 212;
45554 : 212;
45555 : 212;
45556 : 212;
45557 : 212;
45558 : 212;
45559 : 212;
45560 : 212;
45561 : 212;
45562 : 212;
45563 : 212;
45564 : 212;
45565 : 212;
45566 : 212;
45567 : 212;
45568 : 49;
45569 : 57;
45570 : 57;
45571 : 68;
45572 : 57;
45573 : 68;
45574 : 57;
45575 : 68;
45576 : 49;
45577 : 57;
45578 : 77;
45579 : 86;
45580 : 94;
45581 : 113;
45582 : 130;
45583 : 148;
45584 : 155;
45585 : 162;
45586 : 162;
45587 : 179;
45588 : 170;
45589 : 179;
45590 : 179;
45591 : 179;
45592 : 179;
45593 : 179;
45594 : 179;
45595 : 170;
45596 : 170;
45597 : 155;
45598 : 135;
45599 : 120;
45600 : 148;
45601 : 141;
45602 : 68;
45603 : 68;
45604 : 86;
45605 : 86;
45606 : 130;
45607 : 155;
45608 : 100;
45609 : 113;
45610 : 100;
45611 : 57;
45612 : 68;
45613 : 49;
45614 : 141;
45615 : 57;
45616 : 49;
45617 : 34;
45618 : 42;
45619 : 49;
45620 : 100;
45621 : 57;
45622 : 57;
45623 : 113;
45624 : 42;
45625 : 148;
45626 : 141;
45627 : 113;
45628 : 57;
45629 : 77;
45630 : 86;
45631 : 106;
45632 : 113;
45633 : 86;
45634 : 94;
45635 : 77;
45636 : 57;
45637 : 77;
45638 : 113;
45639 : 106;
45640 : 125;
45641 : 125;
45642 : 155;
45643 : 141;
45644 : 130;
45645 : 120;
45646 : 170;
45647 : 212;
45648 : 100;
45649 : 106;
45650 : 100;
45651 : 148;
45652 : 192;
45653 : 192;
45654 : 34;
45655 : 57;
45656 : 57;
45657 : 49;
45658 : 49;
45659 : 49;
45660 : 42;
45661 : 49;
45662 : 49;
45663 : 57;
45664 : 49;
45665 : 57;
45666 : 42;
45667 : 49;
45668 : 57;
45669 : 57;
45670 : 57;
45671 : 68;
45672 : 77;
45673 : 57;
45674 : 49;
45675 : 57;
45676 : 86;
45677 : 57;
45678 : 77;
45679 : 77;
45680 : 68;
45681 : 86;
45682 : 94;
45683 : 113;
45684 : 113;
45685 : 113;
45686 : 125;
45687 : 120;
45688 : 120;
45689 : 120;
45690 : 125;
45691 : 130;
45692 : 130;
45693 : 130;
45694 : 135;
45695 : 135;
45696 : 148;
45697 : 141;
45698 : 141;
45699 : 148;
45700 : 148;
45701 : 135;
45702 : 135;
45703 : 130;
45704 : 125;
45705 : 125;
45706 : 130;
45707 : 130;
45708 : 120;
45709 : 120;
45710 : 125;
45711 : 130;
45712 : 148;
45713 : 155;
45714 : 155;
45715 : 179;
45716 : 179;
45717 : 162;
45718 : 170;
45719 : 179;
45720 : 192;
45721 : 179;
45722 : 135;
45723 : 141;
45724 : 141;
45725 : 148;
45726 : 148;
45727 : 141;
45728 : 148;
45729 : 49;
45730 : 49;
45731 : 49;
45732 : 42;
45733 : 49;
45734 : 49;
45735 : 57;
45736 : 42;
45737 : 42;
45738 : 57;
45739 : 57;
45740 : 68;
45741 : 49;
45742 : 57;
45743 : 77;
45744 : 77;
45745 : 77;
45746 : 77;
45747 : 77;
45748 : 49;
45749 : 68;
45750 : 57;
45751 : 86;
45752 : 42;
45753 : 49;
45754 : 42;
45755 : 100;
45756 : 162;
45757 : 141;
45758 : 155;
45759 : 141;
45760 : 155;
45761 : 148;
45762 : 148;
45763 : 148;
45764 : 162;
45765 : 155;
45766 : 155;
45767 : 155;
45768 : 155;
45769 : 155;
45770 : 148;
45771 : 155;
45772 : 155;
45773 : 148;
45774 : 155;
45775 : 148;
45776 : 155;
45777 : 148;
45778 : 148;
45779 : 141;
45780 : 148;
45781 : 148;
45782 : 141;
45783 : 141;
45784 : 148;
45785 : 141;
45786 : 141;
45787 : 148;
45788 : 141;
45789 : 141;
45790 : 135;
45791 : 130;
45792 : 120;
45793 : 141;
45794 : 170;
45795 : 192;
45796 : 200;
45797 : 212;
45798 : 212;
45799 : 212;
45800 : 212;
45801 : 212;
45802 : 212;
45803 : 212;
45804 : 212;
45805 : 212;
45806 : 212;
45807 : 212;
45808 : 212;
45809 : 212;
45810 : 212;
45811 : 212;
45812 : 212;
45813 : 212;
45814 : 222;
45815 : 212;
45816 : 212;
45817 : 212;
45818 : 212;
45819 : 206;
45820 : 212;
45821 : 212;
45822 : 206;
45823 : 206;
45824 : 57;
45825 : 57;
45826 : 49;
45827 : 57;
45828 : 57;
45829 : 68;
45830 : 68;
45831 : 57;
45832 : 49;
45833 : 57;
45834 : 86;
45835 : 86;
45836 : 94;
45837 : 113;
45838 : 130;
45839 : 148;
45840 : 155;
45841 : 162;
45842 : 170;
45843 : 170;
45844 : 170;
45845 : 179;
45846 : 179;
45847 : 179;
45848 : 179;
45849 : 179;
45850 : 179;
45851 : 179;
45852 : 162;
45853 : 179;
45854 : 162;
45855 : 135;
45856 : 125;
45857 : 68;
45858 : 68;
45859 : 68;
45860 : 77;
45861 : 106;
45862 : 135;
45863 : 130;
45864 : 106;
45865 : 106;
45866 : 86;
45867 : 68;
45868 : 86;
45869 : 100;
45870 : 120;
45871 : 57;
45872 : 42;
45873 : 42;
45874 : 42;
45875 : 86;
45876 : 106;
45877 : 77;
45878 : 49;
45879 : 113;
45880 : 57;
45881 : 170;
45882 : 155;
45883 : 125;
45884 : 57;
45885 : 57;
45886 : 77;
45887 : 77;
45888 : 77;
45889 : 125;
45890 : 106;
45891 : 86;
45892 : 86;
45893 : 68;
45894 : 86;
45895 : 100;
45896 : 135;
45897 : 135;
45898 : 162;
45899 : 130;
45900 : 113;
45901 : 162;
45902 : 206;
45903 : 135;
45904 : 100;
45905 : 113;
45906 : 155;
45907 : 192;
45908 : 170;
45909 : 42;
45910 : 49;
45911 : 57;
45912 : 42;
45913 : 49;
45914 : 57;
45915 : 49;
45916 : 49;
45917 : 42;
45918 : 49;
45919 : 49;
45920 : 49;
45921 : 49;
45922 : 49;
45923 : 49;
45924 : 57;
45925 : 57;
45926 : 57;
45927 : 57;
45928 : 68;
45929 : 68;
45930 : 42;
45931 : 57;
45932 : 68;
45933 : 57;
45934 : 77;
45935 : 77;
45936 : 77;
45937 : 77;
45938 : 100;
45939 : 106;
45940 : 106;
45941 : 113;
45942 : 113;
45943 : 113;
45944 : 120;
45945 : 120;
45946 : 120;
45947 : 125;
45948 : 130;
45949 : 125;
45950 : 130;
45951 : 130;
45952 : 141;
45953 : 148;
45954 : 141;
45955 : 148;
45956 : 148;
45957 : 141;
45958 : 141;
45959 : 135;
45960 : 130;
45961 : 125;
45962 : 125;
45963 : 120;
45964 : 130;
45965 : 135;
45966 : 130;
45967 : 130;
45968 : 141;
45969 : 141;
45970 : 148;
45971 : 148;
45972 : 155;
45973 : 155;
45974 : 141;
45975 : 141;
45976 : 148;
45977 : 141;
45978 : 130;
45979 : 141;
45980 : 148;
45981 : 148;
45982 : 141;
45983 : 135;
45984 : 77;
45985 : 49;
45986 : 42;
45987 : 49;
45988 : 49;
45989 : 49;
45990 : 49;
45991 : 49;
45992 : 49;
45993 : 34;
45994 : 49;
45995 : 57;
45996 : 57;
45997 : 49;
45998 : 57;
45999 : 77;
46000 : 77;
46001 : 77;
46002 : 94;
46003 : 68;
46004 : 57;
46005 : 68;
46006 : 57;
46007 : 86;
46008 : 49;
46009 : 49;
46010 : 49;
46011 : 86;
46012 : 170;
46013 : 148;
46014 : 148;
46015 : 141;
46016 : 155;
46017 : 148;
46018 : 148;
46019 : 155;
46020 : 155;
46021 : 155;
46022 : 155;
46023 : 155;
46024 : 155;
46025 : 155;
46026 : 155;
46027 : 148;
46028 : 148;
46029 : 155;
46030 : 148;
46031 : 155;
46032 : 148;
46033 : 148;
46034 : 148;
46035 : 148;
46036 : 148;
46037 : 148;
46038 : 141;
46039 : 141;
46040 : 148;
46041 : 148;
46042 : 141;
46043 : 148;
46044 : 141;
46045 : 135;
46046 : 135;
46047 : 125;
46048 : 120;
46049 : 141;
46050 : 170;
46051 : 192;
46052 : 206;
46053 : 206;
46054 : 212;
46055 : 212;
46056 : 212;
46057 : 212;
46058 : 206;
46059 : 212;
46060 : 212;
46061 : 212;
46062 : 212;
46063 : 212;
46064 : 212;
46065 : 212;
46066 : 212;
46067 : 212;
46068 : 222;
46069 : 212;
46070 : 212;
46071 : 212;
46072 : 212;
46073 : 206;
46074 : 206;
46075 : 212;
46076 : 206;
46077 : 206;
46078 : 206;
46079 : 206;
46080 : 57;
46081 : 49;
46082 : 57;
46083 : 57;
46084 : 57;
46085 : 57;
46086 : 57;
46087 : 57;
46088 : 57;
46089 : 68;
46090 : 77;
46091 : 86;
46092 : 86;
46093 : 106;
46094 : 130;
46095 : 141;
46096 : 155;
46097 : 162;
46098 : 170;
46099 : 170;
46100 : 170;
46101 : 179;
46102 : 179;
46103 : 179;
46104 : 179;
46105 : 179;
46106 : 179;
46107 : 170;
46108 : 162;
46109 : 162;
46110 : 155;
46111 : 130;
46112 : 94;
46113 : 68;
46114 : 68;
46115 : 77;
46116 : 86;
46117 : 141;
46118 : 155;
46119 : 100;
46120 : 100;
46121 : 113;
46122 : 68;
46123 : 57;
46124 : 49;
46125 : 155;
46126 : 86;
46127 : 42;
46128 : 49;
46129 : 42;
46130 : 42;
46131 : 86;
46132 : 77;
46133 : 57;
46134 : 86;
46135 : 100;
46136 : 57;
46137 : 192;
46138 : 106;
46139 : 100;
46140 : 120;
46141 : 57;
46142 : 77;
46143 : 106;
46144 : 49;
46145 : 86;
46146 : 130;
46147 : 120;
46148 : 77;
46149 : 100;
46150 : 113;
46151 : 94;
46152 : 170;
46153 : 162;
46154 : 141;
46155 : 141;
46156 : 106;
46157 : 179;
46158 : 212;
46159 : 77;
46160 : 125;
46161 : 179;
46162 : 170;
46163 : 179;
46164 : 68;
46165 : 57;
46166 : 57;
46167 : 57;
46168 : 49;
46169 : 57;
46170 : 68;
46171 : 57;
46172 : 57;
46173 : 49;
46174 : 49;
46175 : 57;
46176 : 49;
46177 : 42;
46178 : 57;
46179 : 49;
46180 : 49;
46181 : 68;
46182 : 57;
46183 : 68;
46184 : 68;
46185 : 57;
46186 : 49;
46187 : 57;
46188 : 86;
46189 : 68;
46190 : 86;
46191 : 68;
46192 : 68;
46193 : 68;
46194 : 86;
46195 : 106;
46196 : 106;
46197 : 113;
46198 : 113;
46199 : 113;
46200 : 113;
46201 : 113;
46202 : 120;
46203 : 120;
46204 : 125;
46205 : 130;
46206 : 130;
46207 : 130;
46208 : 141;
46209 : 141;
46210 : 141;
46211 : 141;
46212 : 148;
46213 : 141;
46214 : 141;
46215 : 130;
46216 : 135;
46217 : 130;
46218 : 125;
46219 : 120;
46220 : 120;
46221 : 125;
46222 : 125;
46223 : 125;
46224 : 125;
46225 : 135;
46226 : 141;
46227 : 135;
46228 : 148;
46229 : 141;
46230 : 141;
46231 : 135;
46232 : 135;
46233 : 130;
46234 : 141;
46235 : 148;
46236 : 148;
46237 : 148;
46238 : 135;
46239 : 130;
46240 : 57;
46241 : 49;
46242 : 49;
46243 : 49;
46244 : 42;
46245 : 57;
46246 : 49;
46247 : 42;
46248 : 49;
46249 : 49;
46250 : 49;
46251 : 57;
46252 : 57;
46253 : 49;
46254 : 57;
46255 : 86;
46256 : 57;
46257 : 77;
46258 : 94;
46259 : 77;
46260 : 68;
46261 : 68;
46262 : 49;
46263 : 100;
46264 : 42;
46265 : 49;
46266 : 42;
46267 : 106;
46268 : 162;
46269 : 162;
46270 : 155;
46271 : 141;
46272 : 155;
46273 : 148;
46274 : 148;
46275 : 155;
46276 : 155;
46277 : 155;
46278 : 155;
46279 : 148;
46280 : 155;
46281 : 148;
46282 : 155;
46283 : 155;
46284 : 148;
46285 : 148;
46286 : 148;
46287 : 148;
46288 : 155;
46289 : 148;
46290 : 148;
46291 : 155;
46292 : 148;
46293 : 141;
46294 : 141;
46295 : 148;
46296 : 148;
46297 : 141;
46298 : 148;
46299 : 135;
46300 : 141;
46301 : 135;
46302 : 130;
46303 : 130;
46304 : 120;
46305 : 141;
46306 : 170;
46307 : 200;
46308 : 212;
46309 : 212;
46310 : 222;
46311 : 212;
46312 : 212;
46313 : 212;
46314 : 212;
46315 : 212;
46316 : 212;
46317 : 212;
46318 : 212;
46319 : 212;
46320 : 212;
46321 : 212;
46322 : 212;
46323 : 212;
46324 : 212;
46325 : 212;
46326 : 212;
46327 : 206;
46328 : 206;
46329 : 206;
46330 : 206;
46331 : 206;
46332 : 200;
46333 : 200;
46334 : 200;
46335 : 206;
46336 : 49;
46337 : 49;
46338 : 49;
46339 : 49;
46340 : 49;
46341 : 49;
46342 : 49;
46343 : 57;
46344 : 49;
46345 : 57;
46346 : 86;
46347 : 86;
46348 : 94;
46349 : 100;
46350 : 130;
46351 : 141;
46352 : 148;
46353 : 162;
46354 : 162;
46355 : 170;
46356 : 179;
46357 : 179;
46358 : 179;
46359 : 179;
46360 : 179;
46361 : 179;
46362 : 179;
46363 : 179;
46364 : 162;
46365 : 155;
46366 : 141;
46367 : 113;
46368 : 86;
46369 : 77;
46370 : 68;
46371 : 77;
46372 : 113;
46373 : 162;
46374 : 106;
46375 : 100;
46376 : 113;
46377 : 113;
46378 : 77;
46379 : 49;
46380 : 57;
46381 : 162;
46382 : 77;
46383 : 42;
46384 : 49;
46385 : 49;
46386 : 42;
46387 : 113;
46388 : 68;
46389 : 57;
46390 : 86;
46391 : 86;
46392 : 68;
46393 : 179;
46394 : 113;
46395 : 57;
46396 : 148;
46397 : 86;
46398 : 100;
46399 : 125;
46400 : 68;
46401 : 57;
46402 : 86;
46403 : 135;
46404 : 86;
46405 : 130;
46406 : 125;
46407 : 100;
46408 : 130;
46409 : 179;
46410 : 120;
46411 : 141;
46412 : 113;
46413 : 170;
46414 : 212;
46415 : 135;
46416 : 170;
46417 : 135;
46418 : 212;
46419 : 77;
46420 : 57;
46421 : 49;
46422 : 57;
46423 : 57;
46424 : 49;
46425 : 57;
46426 : 57;
46427 : 57;
46428 : 57;
46429 : 49;
46430 : 57;
46431 : 49;
46432 : 57;
46433 : 49;
46434 : 57;
46435 : 57;
46436 : 57;
46437 : 57;
46438 : 68;
46439 : 57;
46440 : 77;
46441 : 77;
46442 : 57;
46443 : 49;
46444 : 68;
46445 : 68;
46446 : 86;
46447 : 77;
46448 : 57;
46449 : 77;
46450 : 77;
46451 : 100;
46452 : 100;
46453 : 100;
46454 : 106;
46455 : 113;
46456 : 120;
46457 : 120;
46458 : 113;
46459 : 120;
46460 : 125;
46461 : 135;
46462 : 130;
46463 : 135;
46464 : 135;
46465 : 141;
46466 : 141;
46467 : 141;
46468 : 141;
46469 : 141;
46470 : 141;
46471 : 135;
46472 : 135;
46473 : 130;
46474 : 130;
46475 : 130;
46476 : 130;
46477 : 125;
46478 : 120;
46479 : 120;
46480 : 120;
46481 : 130;
46482 : 125;
46483 : 135;
46484 : 141;
46485 : 125;
46486 : 125;
46487 : 125;
46488 : 130;
46489 : 148;
46490 : 148;
46491 : 148;
46492 : 148;
46493 : 141;
46494 : 141;
46495 : 68;
46496 : 49;
46497 : 34;
46498 : 49;
46499 : 42;
46500 : 49;
46501 : 57;
46502 : 34;
46503 : 57;
46504 : 49;
46505 : 57;
46506 : 49;
46507 : 57;
46508 : 57;
46509 : 49;
46510 : 57;
46511 : 86;
46512 : 68;
46513 : 77;
46514 : 94;
46515 : 57;
46516 : 77;
46517 : 57;
46518 : 57;
46519 : 106;
46520 : 49;
46521 : 42;
46522 : 42;
46523 : 100;
46524 : 170;
46525 : 162;
46526 : 148;
46527 : 141;
46528 : 155;
46529 : 148;
46530 : 148;
46531 : 148;
46532 : 155;
46533 : 155;
46534 : 155;
46535 : 155;
46536 : 155;
46537 : 148;
46538 : 155;
46539 : 155;
46540 : 155;
46541 : 155;
46542 : 148;
46543 : 155;
46544 : 148;
46545 : 148;
46546 : 148;
46547 : 148;
46548 : 148;
46549 : 148;
46550 : 141;
46551 : 141;
46552 : 141;
46553 : 141;
46554 : 141;
46555 : 135;
46556 : 141;
46557 : 130;
46558 : 130;
46559 : 120;
46560 : 113;
46561 : 141;
46562 : 179;
46563 : 200;
46564 : 212;
46565 : 212;
46566 : 212;
46567 : 212;
46568 : 212;
46569 : 212;
46570 : 212;
46571 : 212;
46572 : 212;
46573 : 212;
46574 : 222;
46575 : 212;
46576 : 222;
46577 : 212;
46578 : 212;
46579 : 212;
46580 : 212;
46581 : 212;
46582 : 206;
46583 : 206;
46584 : 206;
46585 : 206;
46586 : 206;
46587 : 200;
46588 : 206;
46589 : 200;
46590 : 206;
46591 : 206;
46592 : 57;
46593 : 49;
46594 : 49;
46595 : 49;
46596 : 49;
46597 : 57;
46598 : 49;
46599 : 49;
46600 : 57;
46601 : 57;
46602 : 86;
46603 : 94;
46604 : 86;
46605 : 100;
46606 : 125;
46607 : 135;
46608 : 148;
46609 : 155;
46610 : 162;
46611 : 170;
46612 : 179;
46613 : 179;
46614 : 179;
46615 : 179;
46616 : 170;
46617 : 179;
46618 : 179;
46619 : 170;
46620 : 170;
46621 : 155;
46622 : 135;
46623 : 120;
46624 : 86;
46625 : 68;
46626 : 68;
46627 : 68;
46628 : 141;
46629 : 125;
46630 : 94;
46631 : 106;
46632 : 113;
46633 : 86;
46634 : 49;
46635 : 57;
46636 : 68;
46637 : 162;
46638 : 57;
46639 : 34;
46640 : 49;
46641 : 42;
46642 : 57;
46643 : 86;
46644 : 57;
46645 : 42;
46646 : 49;
46647 : 94;
46648 : 113;
46649 : 192;
46650 : 148;
46651 : 57;
46652 : 106;
46653 : 125;
46654 : 113;
46655 : 135;
46656 : 57;
46657 : 68;
46658 : 49;
46659 : 77;
46660 : 155;
46661 : 125;
46662 : 86;
46663 : 141;
46664 : 49;
46665 : 148;
46666 : 100;
46667 : 148;
46668 : 120;
46669 : 179;
46670 : 200;
46671 : 141;
46672 : 155;
46673 : 222;
46674 : 113;
46675 : 49;
46676 : 49;
46677 : 42;
46678 : 49;
46679 : 57;
46680 : 57;
46681 : 49;
46682 : 57;
46683 : 57;
46684 : 42;
46685 : 49;
46686 : 49;
46687 : 57;
46688 : 49;
46689 : 49;
46690 : 57;
46691 : 57;
46692 : 68;
46693 : 57;
46694 : 68;
46695 : 57;
46696 : 57;
46697 : 68;
46698 : 49;
46699 : 49;
46700 : 57;
46701 : 77;
46702 : 77;
46703 : 77;
46704 : 57;
46705 : 68;
46706 : 68;
46707 : 86;
46708 : 100;
46709 : 106;
46710 : 106;
46711 : 100;
46712 : 106;
46713 : 113;
46714 : 120;
46715 : 120;
46716 : 120;
46717 : 130;
46718 : 130;
46719 : 130;
46720 : 130;
46721 : 135;
46722 : 135;
46723 : 141;
46724 : 141;
46725 : 141;
46726 : 141;
46727 : 141;
46728 : 135;
46729 : 135;
46730 : 135;
46731 : 130;
46732 : 130;
46733 : 125;
46734 : 125;
46735 : 125;
46736 : 113;
46737 : 113;
46738 : 113;
46739 : 120;
46740 : 113;
46741 : 113;
46742 : 120;
46743 : 135;
46744 : 148;
46745 : 148;
46746 : 148;
46747 : 141;
46748 : 148;
46749 : 135;
46750 : 57;
46751 : 86;
46752 : 42;
46753 : 49;
46754 : 42;
46755 : 42;
46756 : 49;
46757 : 49;
46758 : 49;
46759 : 57;
46760 : 57;
46761 : 57;
46762 : 49;
46763 : 49;
46764 : 57;
46765 : 49;
46766 : 57;
46767 : 106;
46768 : 68;
46769 : 86;
46770 : 100;
46771 : 68;
46772 : 68;
46773 : 68;
46774 : 57;
46775 : 86;
46776 : 49;
46777 : 49;
46778 : 49;
46779 : 100;
46780 : 162;
46781 : 155;
46782 : 148;
46783 : 148;
46784 : 148;
46785 : 148;
46786 : 155;
46787 : 148;
46788 : 155;
46789 : 155;
46790 : 148;
46791 : 155;
46792 : 155;
46793 : 155;
46794 : 148;
46795 : 155;
46796 : 155;
46797 : 155;
46798 : 155;
46799 : 155;
46800 : 155;
46801 : 148;
46802 : 148;
46803 : 148;
46804 : 148;
46805 : 141;
46806 : 148;
46807 : 148;
46808 : 148;
46809 : 148;
46810 : 141;
46811 : 141;
46812 : 141;
46813 : 135;
46814 : 130;
46815 : 120;
46816 : 113;
46817 : 130;
46818 : 179;
46819 : 200;
46820 : 212;
46821 : 212;
46822 : 222;
46823 : 212;
46824 : 212;
46825 : 212;
46826 : 212;
46827 : 212;
46828 : 212;
46829 : 212;
46830 : 222;
46831 : 222;
46832 : 212;
46833 : 212;
46834 : 212;
46835 : 212;
46836 : 206;
46837 : 206;
46838 : 200;
46839 : 206;
46840 : 206;
46841 : 206;
46842 : 206;
46843 : 212;
46844 : 206;
46845 : 206;
46846 : 212;
46847 : 206;
46848 : 57;
46849 : 49;
46850 : 57;
46851 : 57;
46852 : 42;
46853 : 49;
46854 : 49;
46855 : 49;
46856 : 49;
46857 : 77;
46858 : 94;
46859 : 94;
46860 : 94;
46861 : 100;
46862 : 125;
46863 : 135;
46864 : 148;
46865 : 155;
46866 : 162;
46867 : 170;
46868 : 179;
46869 : 179;
46870 : 179;
46871 : 179;
46872 : 179;
46873 : 192;
46874 : 179;
46875 : 170;
46876 : 162;
46877 : 162;
46878 : 141;
46879 : 120;
46880 : 86;
46881 : 68;
46882 : 68;
46883 : 77;
46884 : 141;
46885 : 106;
46886 : 94;
46887 : 106;
46888 : 106;
46889 : 57;
46890 : 49;
46891 : 57;
46892 : 86;
46893 : 148;
46894 : 68;
46895 : 42;
46896 : 42;
46897 : 34;
46898 : 86;
46899 : 94;
46900 : 68;
46901 : 49;
46902 : 42;
46903 : 57;
46904 : 155;
46905 : 141;
46906 : 155;
46907 : 86;
46908 : 86;
46909 : 155;
46910 : 113;
46911 : 130;
46912 : 86;
46913 : 86;
46914 : 77;
46915 : 130;
46916 : 120;
46917 : 135;
46918 : 130;
46919 : 100;
46920 : 77;
46921 : 135;
46922 : 77;
46923 : 135;
46924 : 106;
46925 : 206;
46926 : 141;
46927 : 192;
46928 : 212;
46929 : 141;
46930 : 49;
46931 : 49;
46932 : 49;
46933 : 57;
46934 : 57;
46935 : 49;
46936 : 57;
46937 : 57;
46938 : 57;
46939 : 57;
46940 : 49;
46941 : 49;
46942 : 57;
46943 : 57;
46944 : 42;
46945 : 49;
46946 : 49;
46947 : 57;
46948 : 57;
46949 : 49;
46950 : 57;
46951 : 57;
46952 : 57;
46953 : 68;
46954 : 57;
46955 : 49;
46956 : 57;
46957 : 68;
46958 : 68;
46959 : 86;
46960 : 68;
46961 : 68;
46962 : 77;
46963 : 77;
46964 : 86;
46965 : 86;
46966 : 100;
46967 : 106;
46968 : 100;
46969 : 106;
46970 : 113;
46971 : 113;
46972 : 120;
46973 : 125;
46974 : 125;
46975 : 130;
46976 : 130;
46977 : 135;
46978 : 135;
46979 : 135;
46980 : 135;
46981 : 141;
46982 : 141;
46983 : 135;
46984 : 135;
46985 : 135;
46986 : 130;
46987 : 135;
46988 : 130;
46989 : 135;
46990 : 135;
46991 : 141;
46992 : 135;
46993 : 130;
46994 : 125;
46995 : 135;
46996 : 135;
46997 : 141;
46998 : 148;
46999 : 148;
47000 : 148;
47001 : 155;
47002 : 135;
47003 : 141;
47004 : 141;
47005 : 148;
47006 : 49;
47007 : 86;
47008 : 49;
47009 : 42;
47010 : 42;
47011 : 49;
47012 : 49;
47013 : 57;
47014 : 57;
47015 : 49;
47016 : 77;
47017 : 57;
47018 : 57;
47019 : 57;
47020 : 57;
47021 : 42;
47022 : 57;
47023 : 113;
47024 : 77;
47025 : 77;
47026 : 100;
47027 : 77;
47028 : 77;
47029 : 57;
47030 : 68;
47031 : 100;
47032 : 49;
47033 : 49;
47034 : 49;
47035 : 100;
47036 : 179;
47037 : 162;
47038 : 148;
47039 : 148;
47040 : 148;
47041 : 141;
47042 : 155;
47043 : 155;
47044 : 155;
47045 : 155;
47046 : 155;
47047 : 155;
47048 : 155;
47049 : 155;
47050 : 155;
47051 : 155;
47052 : 155;
47053 : 155;
47054 : 148;
47055 : 155;
47056 : 155;
47057 : 148;
47058 : 155;
47059 : 148;
47060 : 148;
47061 : 148;
47062 : 141;
47063 : 148;
47064 : 141;
47065 : 141;
47066 : 141;
47067 : 141;
47068 : 135;
47069 : 130;
47070 : 135;
47071 : 120;
47072 : 113;
47073 : 135;
47074 : 179;
47075 : 206;
47076 : 212;
47077 : 222;
47078 : 222;
47079 : 212;
47080 : 212;
47081 : 212;
47082 : 212;
47083 : 212;
47084 : 212;
47085 : 222;
47086 : 212;
47087 : 212;
47088 : 212;
47089 : 212;
47090 : 206;
47091 : 212;
47092 : 206;
47093 : 206;
47094 : 206;
47095 : 206;
47096 : 206;
47097 : 212;
47098 : 206;
47099 : 206;
47100 : 206;
47101 : 206;
47102 : 212;
47103 : 212;
47104 : 57;
47105 : 49;
47106 : 49;
47107 : 49;
47108 : 57;
47109 : 49;
47110 : 49;
47111 : 49;
47112 : 49;
47113 : 86;
47114 : 100;
47115 : 100;
47116 : 94;
47117 : 106;
47118 : 125;
47119 : 135;
47120 : 141;
47121 : 148;
47122 : 162;
47123 : 170;
47124 : 179;
47125 : 170;
47126 : 179;
47127 : 179;
47128 : 179;
47129 : 179;
47130 : 179;
47131 : 179;
47132 : 170;
47133 : 155;
47134 : 141;
47135 : 125;
47136 : 86;
47137 : 68;
47138 : 68;
47139 : 68;
47140 : 141;
47141 : 120;
47142 : 86;
47143 : 100;
47144 : 86;
47145 : 77;
47146 : 57;
47147 : 68;
47148 : 68;
47149 : 106;
47150 : 57;
47151 : 49;
47152 : 42;
47153 : 42;
47154 : 86;
47155 : 86;
47156 : 49;
47157 : 68;
47158 : 49;
47159 : 57;
47160 : 170;
47161 : 120;
47162 : 141;
47163 : 148;
47164 : 68;
47165 : 148;
47166 : 135;
47167 : 120;
47168 : 106;
47169 : 120;
47170 : 135;
47171 : 77;
47172 : 68;
47173 : 125;
47174 : 135;
47175 : 68;
47176 : 49;
47177 : 141;
47178 : 113;
47179 : 141;
47180 : 120;
47181 : 206;
47182 : 192;
47183 : 179;
47184 : 206;
47185 : 34;
47186 : 49;
47187 : 49;
47188 : 49;
47189 : 42;
47190 : 49;
47191 : 49;
47192 : 49;
47193 : 57;
47194 : 49;
47195 : 57;
47196 : 49;
47197 : 42;
47198 : 49;
47199 : 57;
47200 : 49;
47201 : 57;
47202 : 49;
47203 : 49;
47204 : 57;
47205 : 49;
47206 : 57;
47207 : 49;
47208 : 57;
47209 : 68;
47210 : 57;
47211 : 42;
47212 : 49;
47213 : 68;
47214 : 57;
47215 : 68;
47216 : 57;
47217 : 57;
47218 : 68;
47219 : 68;
47220 : 86;
47221 : 86;
47222 : 86;
47223 : 100;
47224 : 100;
47225 : 113;
47226 : 113;
47227 : 120;
47228 : 125;
47229 : 130;
47230 : 125;
47231 : 130;
47232 : 130;
47233 : 130;
47234 : 135;
47235 : 135;
47236 : 141;
47237 : 135;
47238 : 135;
47239 : 135;
47240 : 135;
47241 : 135;
47242 : 135;
47243 : 141;
47244 : 135;
47245 : 141;
47246 : 148;
47247 : 148;
47248 : 148;
47249 : 155;
47250 : 162;
47251 : 155;
47252 : 155;
47253 : 148;
47254 : 155;
47255 : 148;
47256 : 155;
47257 : 148;
47258 : 135;
47259 : 148;
47260 : 135;
47261 : 49;
47262 : 42;
47263 : 68;
47264 : 57;
47265 : 42;
47266 : 42;
47267 : 49;
47268 : 42;
47269 : 57;
47270 : 49;
47271 : 57;
47272 : 57;
47273 : 57;
47274 : 49;
47275 : 57;
47276 : 49;
47277 : 42;
47278 : 57;
47279 : 113;
47280 : 68;
47281 : 77;
47282 : 94;
47283 : 68;
47284 : 68;
47285 : 68;
47286 : 68;
47287 : 86;
47288 : 49;
47289 : 49;
47290 : 57;
47291 : 86;
47292 : 162;
47293 : 162;
47294 : 148;
47295 : 155;
47296 : 141;
47297 : 148;
47298 : 155;
47299 : 148;
47300 : 155;
47301 : 155;
47302 : 155;
47303 : 155;
47304 : 155;
47305 : 155;
47306 : 155;
47307 : 148;
47308 : 155;
47309 : 155;
47310 : 148;
47311 : 155;
47312 : 148;
47313 : 155;
47314 : 141;
47315 : 148;
47316 : 148;
47317 : 148;
47318 : 148;
47319 : 141;
47320 : 148;
47321 : 141;
47322 : 141;
47323 : 141;
47324 : 135;
47325 : 135;
47326 : 125;
47327 : 120;
47328 : 113;
47329 : 130;
47330 : 179;
47331 : 206;
47332 : 212;
47333 : 222;
47334 : 212;
47335 : 222;
47336 : 212;
47337 : 212;
47338 : 212;
47339 : 222;
47340 : 212;
47341 : 212;
47342 : 212;
47343 : 212;
47344 : 212;
47345 : 212;
47346 : 206;
47347 : 206;
47348 : 206;
47349 : 212;
47350 : 212;
47351 : 212;
47352 : 206;
47353 : 212;
47354 : 212;
47355 : 212;
47356 : 212;
47357 : 212;
47358 : 206;
47359 : 212;
47360 : 49;
47361 : 57;
47362 : 57;
47363 : 49;
47364 : 49;
47365 : 42;
47366 : 42;
47367 : 49;
47368 : 57;
47369 : 86;
47370 : 106;
47371 : 106;
47372 : 100;
47373 : 106;
47374 : 125;
47375 : 135;
47376 : 148;
47377 : 148;
47378 : 162;
47379 : 170;
47380 : 170;
47381 : 179;
47382 : 179;
47383 : 179;
47384 : 179;
47385 : 179;
47386 : 179;
47387 : 170;
47388 : 162;
47389 : 155;
47390 : 141;
47391 : 125;
47392 : 94;
47393 : 77;
47394 : 68;
47395 : 68;
47396 : 113;
47397 : 125;
47398 : 106;
47399 : 100;
47400 : 94;
47401 : 68;
47402 : 68;
47403 : 86;
47404 : 68;
47405 : 57;
47406 : 57;
47407 : 49;
47408 : 42;
47409 : 42;
47410 : 94;
47411 : 77;
47412 : 49;
47413 : 68;
47414 : 57;
47415 : 49;
47416 : 155;
47417 : 125;
47418 : 130;
47419 : 94;
47420 : 135;
47421 : 77;
47422 : 162;
47423 : 120;
47424 : 113;
47425 : 113;
47426 : 86;
47427 : 77;
47428 : 94;
47429 : 113;
47430 : 148;
47431 : 77;
47432 : 68;
47433 : 130;
47434 : 68;
47435 : 130;
47436 : 141;
47437 : 222;
47438 : 200;
47439 : 222;
47440 : 49;
47441 : 57;
47442 : 49;
47443 : 49;
47444 : 49;
47445 : 57;
47446 : 49;
47447 : 49;
47448 : 57;
47449 : 57;
47450 : 57;
47451 : 68;
47452 : 57;
47453 : 34;
47454 : 49;
47455 : 57;
47456 : 49;
47457 : 57;
47458 : 49;
47459 : 49;
47460 : 49;
47461 : 57;
47462 : 57;
47463 : 57;
47464 : 57;
47465 : 68;
47466 : 68;
47467 : 42;
47468 : 49;
47469 : 57;
47470 : 57;
47471 : 57;
47472 : 57;
47473 : 49;
47474 : 68;
47475 : 68;
47476 : 77;
47477 : 86;
47478 : 86;
47479 : 100;
47480 : 106;
47481 : 106;
47482 : 113;
47483 : 113;
47484 : 120;
47485 : 130;
47486 : 125;
47487 : 130;
47488 : 130;
47489 : 135;
47490 : 135;
47491 : 135;
47492 : 135;
47493 : 141;
47494 : 141;
47495 : 141;
47496 : 141;
47497 : 148;
47498 : 141;
47499 : 148;
47500 : 141;
47501 : 148;
47502 : 148;
47503 : 155;
47504 : 162;
47505 : 162;
47506 : 170;
47507 : 162;
47508 : 155;
47509 : 155;
47510 : 162;
47511 : 155;
47512 : 148;
47513 : 148;
47514 : 148;
47515 : 148;
47516 : 148;
47517 : 42;
47518 : 49;
47519 : 68;
47520 : 42;
47521 : 42;
47522 : 42;
47523 : 49;
47524 : 49;
47525 : 49;
47526 : 57;
47527 : 49;
47528 : 57;
47529 : 68;
47530 : 49;
47531 : 57;
47532 : 49;
47533 : 42;
47534 : 57;
47535 : 120;
47536 : 68;
47537 : 77;
47538 : 100;
47539 : 77;
47540 : 77;
47541 : 68;
47542 : 86;
47543 : 77;
47544 : 68;
47545 : 49;
47546 : 57;
47547 : 77;
47548 : 162;
47549 : 170;
47550 : 148;
47551 : 162;
47552 : 135;
47553 : 155;
47554 : 155;
47555 : 162;
47556 : 155;
47557 : 155;
47558 : 155;
47559 : 155;
47560 : 148;
47561 : 155;
47562 : 155;
47563 : 155;
47564 : 148;
47565 : 148;
47566 : 148;
47567 : 155;
47568 : 155;
47569 : 155;
47570 : 148;
47571 : 148;
47572 : 148;
47573 : 155;
47574 : 141;
47575 : 148;
47576 : 148;
47577 : 141;
47578 : 141;
47579 : 141;
47580 : 135;
47581 : 130;
47582 : 125;
47583 : 120;
47584 : 120;
47585 : 125;
47586 : 179;
47587 : 206;
47588 : 212;
47589 : 222;
47590 : 222;
47591 : 222;
47592 : 212;
47593 : 212;
47594 : 222;
47595 : 212;
47596 : 212;
47597 : 212;
47598 : 212;
47599 : 212;
47600 : 212;
47601 : 212;
47602 : 212;
47603 : 212;
47604 : 212;
47605 : 212;
47606 : 212;
47607 : 212;
47608 : 212;
47609 : 212;
47610 : 206;
47611 : 206;
47612 : 206;
47613 : 212;
47614 : 206;
47615 : 206;
47616 : 49;
47617 : 49;
47618 : 49;
47619 : 49;
47620 : 49;
47621 : 49;
47622 : 49;
47623 : 49;
47624 : 68;
47625 : 100;
47626 : 100;
47627 : 100;
47628 : 100;
47629 : 113;
47630 : 130;
47631 : 135;
47632 : 141;
47633 : 148;
47634 : 162;
47635 : 170;
47636 : 179;
47637 : 179;
47638 : 170;
47639 : 179;
47640 : 179;
47641 : 179;
47642 : 179;
47643 : 179;
47644 : 162;
47645 : 155;
47646 : 141;
47647 : 120;
47648 : 94;
47649 : 77;
47650 : 68;
47651 : 77;
47652 : 86;
47653 : 120;
47654 : 106;
47655 : 106;
47656 : 68;
47657 : 77;
47658 : 77;
47659 : 94;
47660 : 86;
47661 : 57;
47662 : 49;
47663 : 42;
47664 : 42;
47665 : 42;
47666 : 100;
47667 : 68;
47668 : 42;
47669 : 57;
47670 : 57;
47671 : 57;
47672 : 148;
47673 : 86;
47674 : 106;
47675 : 113;
47676 : 113;
47677 : 94;
47678 : 135;
47679 : 130;
47680 : 113;
47681 : 106;
47682 : 100;
47683 : 86;
47684 : 68;
47685 : 68;
47686 : 125;
47687 : 113;
47688 : 130;
47689 : 135;
47690 : 57;
47691 : 125;
47692 : 94;
47693 : 162;
47694 : 212;
47695 : 34;
47696 : 49;
47697 : 49;
47698 : 49;
47699 : 49;
47700 : 57;
47701 : 57;
47702 : 49;
47703 : 57;
47704 : 57;
47705 : 49;
47706 : 57;
47707 : 68;
47708 : 49;
47709 : 42;
47710 : 57;
47711 : 57;
47712 : 57;
47713 : 49;
47714 : 57;
47715 : 42;
47716 : 49;
47717 : 49;
47718 : 57;
47719 : 57;
47720 : 57;
47721 : 68;
47722 : 57;
47723 : 49;
47724 : 49;
47725 : 57;
47726 : 68;
47727 : 57;
47728 : 68;
47729 : 49;
47730 : 57;
47731 : 77;
47732 : 57;
47733 : 68;
47734 : 77;
47735 : 86;
47736 : 94;
47737 : 100;
47738 : 106;
47739 : 113;
47740 : 120;
47741 : 120;
47742 : 135;
47743 : 135;
47744 : 130;
47745 : 130;
47746 : 135;
47747 : 135;
47748 : 135;
47749 : 141;
47750 : 141;
47751 : 141;
47752 : 141;
47753 : 148;
47754 : 148;
47755 : 155;
47756 : 155;
47757 : 148;
47758 : 148;
47759 : 170;
47760 : 162;
47761 : 170;
47762 : 170;
47763 : 170;
47764 : 162;
47765 : 162;
47766 : 155;
47767 : 155;
47768 : 148;
47769 : 148;
47770 : 148;
47771 : 148;
47772 : 49;
47773 : 34;
47774 : 57;
47775 : 49;
47776 : 42;
47777 : 42;
47778 : 49;
47779 : 49;
47780 : 49;
47781 : 57;
47782 : 68;
47783 : 57;
47784 : 77;
47785 : 49;
47786 : 49;
47787 : 49;
47788 : 49;
47789 : 57;
47790 : 57;
47791 : 113;
47792 : 68;
47793 : 77;
47794 : 106;
47795 : 86;
47796 : 68;
47797 : 68;
47798 : 77;
47799 : 77;
47800 : 77;
47801 : 57;
47802 : 57;
47803 : 57;
47804 : 170;
47805 : 162;
47806 : 148;
47807 : 162;
47808 : 135;
47809 : 155;
47810 : 148;
47811 : 155;
47812 : 155;
47813 : 155;
47814 : 155;
47815 : 155;
47816 : 155;
47817 : 155;
47818 : 155;
47819 : 148;
47820 : 155;
47821 : 148;
47822 : 155;
47823 : 148;
47824 : 155;
47825 : 155;
47826 : 141;
47827 : 148;
47828 : 148;
47829 : 148;
47830 : 148;
47831 : 141;
47832 : 141;
47833 : 135;
47834 : 141;
47835 : 141;
47836 : 135;
47837 : 130;
47838 : 125;
47839 : 120;
47840 : 113;
47841 : 135;
47842 : 192;
47843 : 206;
47844 : 212;
47845 : 222;
47846 : 212;
47847 : 222;
47848 : 212;
47849 : 212;
47850 : 212;
47851 : 212;
47852 : 212;
47853 : 212;
47854 : 212;
47855 : 212;
47856 : 212;
47857 : 212;
47858 : 212;
47859 : 212;
47860 : 212;
47861 : 212;
47862 : 212;
47863 : 212;
47864 : 206;
47865 : 206;
47866 : 206;
47867 : 212;
47868 : 206;
47869 : 206;
47870 : 200;
47871 : 206;
47872 : 42;
47873 : 49;
47874 : 49;
47875 : 49;
47876 : 49;
47877 : 49;
47878 : 49;
47879 : 49;
47880 : 68;
47881 : 86;
47882 : 106;
47883 : 106;
47884 : 94;
47885 : 113;
47886 : 135;
47887 : 135;
47888 : 141;
47889 : 155;
47890 : 162;
47891 : 170;
47892 : 179;
47893 : 179;
47894 : 170;
47895 : 179;
47896 : 179;
47897 : 179;
47898 : 179;
47899 : 170;
47900 : 162;
47901 : 155;
47902 : 141;
47903 : 120;
47904 : 100;
47905 : 77;
47906 : 68;
47907 : 77;
47908 : 86;
47909 : 113;
47910 : 86;
47911 : 106;
47912 : 77;
47913 : 68;
47914 : 77;
47915 : 77;
47916 : 94;
47917 : 68;
47918 : 68;
47919 : 49;
47920 : 34;
47921 : 42;
47922 : 100;
47923 : 68;
47924 : 49;
47925 : 57;
47926 : 57;
47927 : 77;
47928 : 120;
47929 : 68;
47930 : 113;
47931 : 68;
47932 : 113;
47933 : 130;
47934 : 113;
47935 : 120;
47936 : 120;
47937 : 130;
47938 : 120;
47939 : 106;
47940 : 77;
47941 : 68;
47942 : 148;
47943 : 94;
47944 : 141;
47945 : 148;
47946 : 34;
47947 : 113;
47948 : 113;
47949 : 162;
47950 : 222;
47951 : 34;
47952 : 57;
47953 : 49;
47954 : 42;
47955 : 49;
47956 : 49;
47957 : 49;
47958 : 49;
47959 : 42;
47960 : 49;
47961 : 68;
47962 : 68;
47963 : 57;
47964 : 49;
47965 : 42;
47966 : 57;
47967 : 57;
47968 : 42;
47969 : 49;
47970 : 57;
47971 : 49;
47972 : 49;
47973 : 49;
47974 : 49;
47975 : 57;
47976 : 49;
47977 : 49;
47978 : 57;
47979 : 57;
47980 : 57;
47981 : 57;
47982 : 57;
47983 : 57;
47984 : 57;
47985 : 57;
47986 : 68;
47987 : 77;
47988 : 57;
47989 : 49;
47990 : 57;
47991 : 86;
47992 : 86;
47993 : 94;
47994 : 100;
47995 : 106;
47996 : 113;
47997 : 120;
47998 : 120;
47999 : 135;
48000 : 135;
48001 : 135;
48002 : 135;
48003 : 141;
48004 : 135;
48005 : 141;
48006 : 148;
48007 : 141;
48008 : 148;
48009 : 148;
48010 : 155;
48011 : 162;
48012 : 162;
48013 : 155;
48014 : 162;
48015 : 162;
48016 : 170;
48017 : 179;
48018 : 170;
48019 : 170;
48020 : 179;
48021 : 162;
48022 : 162;
48023 : 162;
48024 : 148;
48025 : 148;
48026 : 148;
48027 : 148;
48028 : 49;
48029 : 42;
48030 : 77;
48031 : 49;
48032 : 42;
48033 : 49;
48034 : 49;
48035 : 42;
48036 : 57;
48037 : 57;
48038 : 57;
48039 : 49;
48040 : 68;
48041 : 49;
48042 : 68;
48043 : 34;
48044 : 42;
48045 : 57;
48046 : 77;
48047 : 120;
48048 : 68;
48049 : 77;
48050 : 106;
48051 : 86;
48052 : 57;
48053 : 68;
48054 : 77;
48055 : 68;
48056 : 86;
48057 : 57;
48058 : 49;
48059 : 68;
48060 : 162;
48061 : 162;
48062 : 148;
48063 : 162;
48064 : 141;
48065 : 148;
48066 : 155;
48067 : 162;
48068 : 155;
48069 : 155;
48070 : 148;
48071 : 155;
48072 : 148;
48073 : 155;
48074 : 148;
48075 : 148;
48076 : 148;
48077 : 148;
48078 : 148;
48079 : 155;
48080 : 148;
48081 : 155;
48082 : 155;
48083 : 148;
48084 : 148;
48085 : 148;
48086 : 148;
48087 : 141;
48088 : 141;
48089 : 141;
48090 : 141;
48091 : 135;
48092 : 135;
48093 : 130;
48094 : 125;
48095 : 120;
48096 : 113;
48097 : 148;
48098 : 200;
48099 : 212;
48100 : 222;
48101 : 222;
48102 : 222;
48103 : 212;
48104 : 212;
48105 : 212;
48106 : 212;
48107 : 212;
48108 : 212;
48109 : 212;
48110 : 212;
48111 : 212;
48112 : 222;
48113 : 212;
48114 : 212;
48115 : 212;
48116 : 212;
48117 : 212;
48118 : 206;
48119 : 206;
48120 : 206;
48121 : 206;
48122 : 206;
48123 : 206;
48124 : 206;
48125 : 206;
48126 : 206;
48127 : 200;
48128 : 49;
48129 : 49;
48130 : 49;
48131 : 49;
48132 : 42;
48133 : 49;
48134 : 49;
48135 : 49;
48136 : 77;
48137 : 86;
48138 : 100;
48139 : 100;
48140 : 94;
48141 : 106;
48142 : 130;
48143 : 135;
48144 : 141;
48145 : 148;
48146 : 162;
48147 : 170;
48148 : 179;
48149 : 170;
48150 : 179;
48151 : 179;
48152 : 170;
48153 : 179;
48154 : 179;
48155 : 170;
48156 : 162;
48157 : 162;
48158 : 141;
48159 : 125;
48160 : 86;
48161 : 77;
48162 : 68;
48163 : 77;
48164 : 86;
48165 : 106;
48166 : 94;
48167 : 113;
48168 : 57;
48169 : 77;
48170 : 57;
48171 : 57;
48172 : 130;
48173 : 49;
48174 : 57;
48175 : 57;
48176 : 42;
48177 : 42;
48178 : 100;
48179 : 68;
48180 : 42;
48181 : 68;
48182 : 49;
48183 : 86;
48184 : 125;
48185 : 68;
48186 : 106;
48187 : 49;
48188 : 57;
48189 : 57;
48190 : 125;
48191 : 125;
48192 : 148;
48193 : 135;
48194 : 130;
48195 : 120;
48196 : 100;
48197 : 77;
48198 : 179;
48199 : 106;
48200 : 113;
48201 : 162;
48202 : 77;
48203 : 77;
48204 : 141;
48205 : 42;
48206 : 206;
48207 : 57;
48208 : 94;
48209 : 49;
48210 : 57;
48211 : 57;
48212 : 49;
48213 : 49;
48214 : 49;
48215 : 57;
48216 : 42;
48217 : 57;
48218 : 57;
48219 : 57;
48220 : 49;
48221 : 42;
48222 : 57;
48223 : 68;
48224 : 49;
48225 : 49;
48226 : 57;
48227 : 49;
48228 : 49;
48229 : 42;
48230 : 49;
48231 : 49;
48232 : 57;
48233 : 57;
48234 : 57;
48235 : 57;
48236 : 57;
48237 : 57;
48238 : 57;
48239 : 57;
48240 : 68;
48241 : 57;
48242 : 57;
48243 : 68;
48244 : 68;
48245 : 49;
48246 : 49;
48247 : 57;
48248 : 77;
48249 : 77;
48250 : 94;
48251 : 100;
48252 : 106;
48253 : 120;
48254 : 125;
48255 : 130;
48256 : 125;
48257 : 135;
48258 : 130;
48259 : 135;
48260 : 135;
48261 : 141;
48262 : 148;
48263 : 148;
48264 : 148;
48265 : 155;
48266 : 155;
48267 : 162;
48268 : 170;
48269 : 170;
48270 : 162;
48271 : 162;
48272 : 170;
48273 : 170;
48274 : 162;
48275 : 170;
48276 : 170;
48277 : 170;
48278 : 170;
48279 : 155;
48280 : 141;
48281 : 148;
48282 : 148;
48283 : 113;
48284 : 34;
48285 : 49;
48286 : 77;
48287 : 49;
48288 : 42;
48289 : 49;
48290 : 49;
48291 : 49;
48292 : 57;
48293 : 57;
48294 : 68;
48295 : 57;
48296 : 49;
48297 : 49;
48298 : 77;
48299 : 49;
48300 : 49;
48301 : 57;
48302 : 77;
48303 : 125;
48304 : 77;
48305 : 77;
48306 : 113;
48307 : 86;
48308 : 68;
48309 : 77;
48310 : 77;
48311 : 68;
48312 : 68;
48313 : 57;
48314 : 57;
48315 : 42;
48316 : 170;
48317 : 170;
48318 : 155;
48319 : 162;
48320 : 141;
48321 : 148;
48322 : 155;
48323 : 155;
48324 : 155;
48325 : 155;
48326 : 155;
48327 : 148;
48328 : 155;
48329 : 155;
48330 : 148;
48331 : 148;
48332 : 148;
48333 : 148;
48334 : 148;
48335 : 148;
48336 : 155;
48337 : 155;
48338 : 148;
48339 : 141;
48340 : 148;
48341 : 148;
48342 : 135;
48343 : 148;
48344 : 135;
48345 : 141;
48346 : 141;
48347 : 135;
48348 : 130;
48349 : 125;
48350 : 125;
48351 : 113;
48352 : 120;
48353 : 155;
48354 : 200;
48355 : 212;
48356 : 222;
48357 : 212;
48358 : 222;
48359 : 212;
48360 : 212;
48361 : 212;
48362 : 212;
48363 : 212;
48364 : 212;
48365 : 212;
48366 : 222;
48367 : 212;
48368 : 212;
48369 : 212;
48370 : 212;
48371 : 206;
48372 : 206;
48373 : 206;
48374 : 206;
48375 : 206;
48376 : 206;
48377 : 206;
48378 : 206;
48379 : 206;
48380 : 200;
48381 : 206;
48382 : 200;
48383 : 200;
48384 : 49;
48385 : 49;
48386 : 57;
48387 : 57;
48388 : 42;
48389 : 49;
48390 : 57;
48391 : 57;
48392 : 68;
48393 : 77;
48394 : 94;
48395 : 94;
48396 : 100;
48397 : 113;
48398 : 130;
48399 : 135;
48400 : 148;
48401 : 155;
48402 : 162;
48403 : 170;
48404 : 179;
48405 : 179;
48406 : 170;
48407 : 179;
48408 : 179;
48409 : 179;
48410 : 179;
48411 : 170;
48412 : 162;
48413 : 162;
48414 : 141;
48415 : 120;
48416 : 86;
48417 : 68;
48418 : 68;
48419 : 77;
48420 : 86;
48421 : 100;
48422 : 120;
48423 : 49;
48424 : 57;
48425 : 57;
48426 : 57;
48427 : 77;
48428 : 113;
48429 : 42;
48430 : 57;
48431 : 57;
48432 : 49;
48433 : 49;
48434 : 77;
48435 : 68;
48436 : 42;
48437 : 68;
48438 : 42;
48439 : 77;
48440 : 148;
48441 : 86;
48442 : 125;
48443 : 42;
48444 : 68;
48445 : 57;
48446 : 86;
48447 : 113;
48448 : 141;
48449 : 113;
48450 : 106;
48451 : 135;
48452 : 135;
48453 : 113;
48454 : 130;
48455 : 120;
48456 : 148;
48457 : 148;
48458 : 86;
48459 : 106;
48460 : 106;
48461 : 68;
48462 : 57;
48463 : 77;
48464 : 57;
48465 : 49;
48466 : 49;
48467 : 49;
48468 : 57;
48469 : 49;
48470 : 57;
48471 : 57;
48472 : 49;
48473 : 68;
48474 : 68;
48475 : 57;
48476 : 49;
48477 : 49;
48478 : 57;
48479 : 57;
48480 : 49;
48481 : 49;
48482 : 49;
48483 : 57;
48484 : 42;
48485 : 49;
48486 : 49;
48487 : 49;
48488 : 57;
48489 : 57;
48490 : 49;
48491 : 57;
48492 : 49;
48493 : 57;
48494 : 68;
48495 : 49;
48496 : 68;
48497 : 68;
48498 : 49;
48499 : 77;
48500 : 77;
48501 : 49;
48502 : 42;
48503 : 42;
48504 : 57;
48505 : 68;
48506 : 77;
48507 : 86;
48508 : 100;
48509 : 106;
48510 : 113;
48511 : 125;
48512 : 125;
48513 : 130;
48514 : 130;
48515 : 135;
48516 : 141;
48517 : 141;
48518 : 141;
48519 : 148;
48520 : 141;
48521 : 148;
48522 : 155;
48523 : 155;
48524 : 170;
48525 : 170;
48526 : 162;
48527 : 170;
48528 : 170;
48529 : 162;
48530 : 162;
48531 : 170;
48532 : 179;
48533 : 179;
48534 : 170;
48535 : 155;
48536 : 141;
48537 : 155;
48538 : 148;
48539 : 86;
48540 : 42;
48541 : 49;
48542 : 68;
48543 : 49;
48544 : 57;
48545 : 57;
48546 : 49;
48547 : 49;
48548 : 49;
48549 : 57;
48550 : 57;
48551 : 49;
48552 : 49;
48553 : 49;
48554 : 57;
48555 : 42;
48556 : 49;
48557 : 57;
48558 : 77;
48559 : 113;
48560 : 57;
48561 : 86;
48562 : 113;
48563 : 86;
48564 : 68;
48565 : 86;
48566 : 77;
48567 : 68;
48568 : 94;
48569 : 68;
48570 : 68;
48571 : 68;
48572 : 179;
48573 : 162;
48574 : 162;
48575 : 170;
48576 : 141;
48577 : 148;
48578 : 148;
48579 : 155;
48580 : 155;
48581 : 155;
48582 : 148;
48583 : 155;
48584 : 148;
48585 : 155;
48586 : 148;
48587 : 148;
48588 : 148;
48589 : 148;
48590 : 148;
48591 : 148;
48592 : 148;
48593 : 141;
48594 : 148;
48595 : 148;
48596 : 148;
48597 : 148;
48598 : 141;
48599 : 141;
48600 : 141;
48601 : 141;
48602 : 135;
48603 : 135;
48604 : 135;
48605 : 130;
48606 : 120;
48607 : 113;
48608 : 125;
48609 : 162;
48610 : 200;
48611 : 212;
48612 : 222;
48613 : 222;
48614 : 222;
48615 : 212;
48616 : 206;
48617 : 206;
48618 : 212;
48619 : 212;
48620 : 212;
48621 : 212;
48622 : 212;
48623 : 222;
48624 : 212;
48625 : 212;
48626 : 206;
48627 : 212;
48628 : 206;
48629 : 206;
48630 : 206;
48631 : 206;
48632 : 206;
48633 : 206;
48634 : 200;
48635 : 200;
48636 : 200;
48637 : 192;
48638 : 192;
48639 : 170;
48640 : 49;
48641 : 49;
48642 : 49;
48643 : 49;
48644 : 49;
48645 : 42;
48646 : 49;
48647 : 42;
48648 : 57;
48649 : 77;
48650 : 86;
48651 : 94;
48652 : 106;
48653 : 120;
48654 : 130;
48655 : 135;
48656 : 148;
48657 : 155;
48658 : 162;
48659 : 170;
48660 : 170;
48661 : 179;
48662 : 170;
48663 : 179;
48664 : 170;
48665 : 179;
48666 : 179;
48667 : 179;
48668 : 170;
48669 : 162;
48670 : 141;
48671 : 120;
48672 : 86;
48673 : 68;
48674 : 68;
48675 : 77;
48676 : 86;
48677 : 113;
48678 : 68;
48679 : 49;
48680 : 49;
48681 : 49;
48682 : 42;
48683 : 86;
48684 : 94;
48685 : 77;
48686 : 49;
48687 : 57;
48688 : 68;
48689 : 49;
48690 : 86;
48691 : 68;
48692 : 34;
48693 : 57;
48694 : 42;
48695 : 57;
48696 : 130;
48697 : 120;
48698 : 135;
48699 : 42;
48700 : 57;
48701 : 68;
48702 : 94;
48703 : 86;
48704 : 106;
48705 : 113;
48706 : 130;
48707 : 141;
48708 : 141;
48709 : 100;
48710 : 120;
48711 : 125;
48712 : 141;
48713 : 155;
48714 : 77;
48715 : 86;
48716 : 94;
48717 : 94;
48718 : 57;
48719 : 57;
48720 : 57;
48721 : 57;
48722 : 49;
48723 : 49;
48724 : 49;
48725 : 49;
48726 : 42;
48727 : 49;
48728 : 57;
48729 : 68;
48730 : 57;
48731 : 57;
48732 : 49;
48733 : 42;
48734 : 49;
48735 : 68;
48736 : 42;
48737 : 49;
48738 : 42;
48739 : 57;
48740 : 49;
48741 : 49;
48742 : 57;
48743 : 49;
48744 : 49;
48745 : 57;
48746 : 57;
48747 : 57;
48748 : 57;
48749 : 49;
48750 : 57;
48751 : 68;
48752 : 57;
48753 : 57;
48754 : 57;
48755 : 68;
48756 : 68;
48757 : 77;
48758 : 49;
48759 : 42;
48760 : 42;
48761 : 49;
48762 : 57;
48763 : 68;
48764 : 77;
48765 : 100;
48766 : 113;
48767 : 113;
48768 : 120;
48769 : 120;
48770 : 125;
48771 : 135;
48772 : 130;
48773 : 135;
48774 : 141;
48775 : 148;
48776 : 148;
48777 : 148;
48778 : 155;
48779 : 155;
48780 : 162;
48781 : 162;
48782 : 170;
48783 : 170;
48784 : 170;
48785 : 170;
48786 : 170;
48787 : 162;
48788 : 162;
48789 : 162;
48790 : 162;
48791 : 155;
48792 : 148;
48793 : 148;
48794 : 130;
48795 : 86;
48796 : 42;
48797 : 49;
48798 : 57;
48799 : 49;
48800 : 57;
48801 : 57;
48802 : 57;
48803 : 57;
48804 : 57;
48805 : 57;
48806 : 57;
48807 : 68;
48808 : 49;
48809 : 57;
48810 : 49;
48811 : 57;
48812 : 49;
48813 : 57;
48814 : 77;
48815 : 113;
48816 : 77;
48817 : 77;
48818 : 106;
48819 : 77;
48820 : 68;
48821 : 86;
48822 : 77;
48823 : 68;
48824 : 77;
48825 : 68;
48826 : 57;
48827 : 49;
48828 : 170;
48829 : 162;
48830 : 155;
48831 : 162;
48832 : 148;
48833 : 148;
48834 : 148;
48835 : 148;
48836 : 155;
48837 : 148;
48838 : 148;
48839 : 148;
48840 : 148;
48841 : 155;
48842 : 148;
48843 : 148;
48844 : 148;
48845 : 155;
48846 : 148;
48847 : 148;
48848 : 155;
48849 : 148;
48850 : 148;
48851 : 141;
48852 : 141;
48853 : 148;
48854 : 141;
48855 : 141;
48856 : 141;
48857 : 135;
48858 : 141;
48859 : 135;
48860 : 130;
48861 : 125;
48862 : 125;
48863 : 113;
48864 : 120;
48865 : 179;
48866 : 206;
48867 : 212;
48868 : 222;
48869 : 222;
48870 : 212;
48871 : 212;
48872 : 212;
48873 : 212;
48874 : 212;
48875 : 212;
48876 : 212;
48877 : 212;
48878 : 212;
48879 : 212;
48880 : 212;
48881 : 212;
48882 : 212;
48883 : 206;
48884 : 206;
48885 : 206;
48886 : 206;
48887 : 200;
48888 : 200;
48889 : 192;
48890 : 192;
48891 : 179;
48892 : 179;
48893 : 162;
48894 : 130;
48895 : 86;
48896 : 49;
48897 : 42;
48898 : 42;
48899 : 49;
48900 : 49;
48901 : 34;
48902 : 42;
48903 : 49;
48904 : 57;
48905 : 68;
48906 : 86;
48907 : 94;
48908 : 106;
48909 : 120;
48910 : 130;
48911 : 135;
48912 : 148;
48913 : 155;
48914 : 162;
48915 : 170;
48916 : 170;
48917 : 170;
48918 : 179;
48919 : 179;
48920 : 179;
48921 : 179;
48922 : 179;
48923 : 170;
48924 : 162;
48925 : 155;
48926 : 148;
48927 : 125;
48928 : 86;
48929 : 68;
48930 : 68;
48931 : 68;
48932 : 100;
48933 : 113;
48934 : 68;
48935 : 57;
48936 : 42;
48937 : 49;
48938 : 77;
48939 : 106;
48940 : 68;
48941 : 68;
48942 : 49;
48943 : 68;
48944 : 68;
48945 : 57;
48946 : 68;
48947 : 68;
48948 : 42;
48949 : 57;
48950 : 49;
48951 : 42;
48952 : 141;
48953 : 130;
48954 : 135;
48955 : 94;
48956 : 57;
48957 : 94;
48958 : 77;
48959 : 86;
48960 : 120;
48961 : 86;
48962 : 106;
48963 : 106;
48964 : 155;
48965 : 155;
48966 : 120;
48967 : 113;
48968 : 141;
48969 : 162;
48970 : 179;
48971 : 57;
48972 : 113;
48973 : 106;
48974 : 86;
48975 : 49;
48976 : 49;
48977 : 49;
48978 : 49;
48979 : 57;
48980 : 49;
48981 : 49;
48982 : 57;
48983 : 57;
48984 : 57;
48985 : 68;
48986 : 68;
48987 : 68;
48988 : 57;
48989 : 49;
48990 : 57;
48991 : 57;
48992 : 49;
48993 : 49;
48994 : 49;
48995 : 57;
48996 : 57;
48997 : 49;
48998 : 49;
48999 : 57;
49000 : 49;
49001 : 57;
49002 : 57;
49003 : 57;
49004 : 68;
49005 : 57;
49006 : 49;
49007 : 57;
49008 : 57;
49009 : 57;
49010 : 57;
49011 : 57;
49012 : 68;
49013 : 68;
49014 : 57;
49015 : 49;
49016 : 49;
49017 : 49;
49018 : 49;
49019 : 68;
49020 : 77;
49021 : 77;
49022 : 94;
49023 : 94;
49024 : 86;
49025 : 106;
49026 : 120;
49027 : 113;
49028 : 113;
49029 : 130;
49030 : 130;
49031 : 135;
49032 : 141;
49033 : 141;
49034 : 148;
49035 : 148;
49036 : 148;
49037 : 155;
49038 : 170;
49039 : 170;
49040 : 162;
49041 : 170;
49042 : 162;
49043 : 162;
49044 : 155;
49045 : 155;
49046 : 162;
49047 : 148;
49048 : 141;
49049 : 141;
49050 : 125;
49051 : 94;
49052 : 42;
49053 : 49;
49054 : 57;
49055 : 68;
49056 : 57;
49057 : 57;
49058 : 57;
49059 : 49;
49060 : 57;
49061 : 57;
49062 : 86;
49063 : 57;
49064 : 49;
49065 : 68;
49066 : 57;
49067 : 49;
49068 : 49;
49069 : 57;
49070 : 86;
49071 : 113;
49072 : 77;
49073 : 86;
49074 : 100;
49075 : 86;
49076 : 77;
49077 : 94;
49078 : 86;
49079 : 77;
49080 : 86;
49081 : 68;
49082 : 57;
49083 : 77;
49084 : 179;
49085 : 155;
49086 : 155;
49087 : 155;
49088 : 135;
49089 : 130;
49090 : 135;
49091 : 141;
49092 : 141;
49093 : 148;
49094 : 148;
49095 : 148;
49096 : 148;
49097 : 148;
49098 : 148;
49099 : 155;
49100 : 148;
49101 : 148;
49102 : 148;
49103 : 148;
49104 : 148;
49105 : 148;
49106 : 141;
49107 : 148;
49108 : 141;
49109 : 141;
49110 : 141;
49111 : 135;
49112 : 135;
49113 : 141;
49114 : 130;
49115 : 135;
49116 : 135;
49117 : 125;
49118 : 120;
49119 : 113;
49120 : 125;
49121 : 179;
49122 : 206;
49123 : 212;
49124 : 222;
49125 : 222;
49126 : 212;
49127 : 212;
49128 : 212;
49129 : 212;
49130 : 212;
49131 : 212;
49132 : 212;
49133 : 212;
49134 : 222;
49135 : 212;
49136 : 212;
49137 : 212;
49138 : 206;
49139 : 206;
49140 : 206;
49141 : 206;
49142 : 200;
49143 : 200;
49144 : 192;
49145 : 179;
49146 : 162;
49147 : 130;
49148 : 94;
49149 : 57;
49150 : 49;
49151 : 49;
49152 : 42;
49153 : 42;
49154 : 49;
49155 : 49;
49156 : 49;
49157 : 42;
49158 : 42;
49159 : 49;
49160 : 49;
49161 : 57;
49162 : 86;
49163 : 100;
49164 : 100;
49165 : 106;
49166 : 130;
49167 : 135;
49168 : 148;
49169 : 162;
49170 : 162;
49171 : 170;
49172 : 179;
49173 : 170;
49174 : 170;
49175 : 179;
49176 : 179;
49177 : 179;
49178 : 179;
49179 : 170;
49180 : 162;
49181 : 155;
49182 : 135;
49183 : 120;
49184 : 94;
49185 : 57;
49186 : 49;
49187 : 86;
49188 : 162;
49189 : 86;
49190 : 77;
49191 : 130;
49192 : 49;
49193 : 49;
49194 : 77;
49195 : 94;
49196 : 57;
49197 : 68;
49198 : 57;
49199 : 68;
49200 : 57;
49201 : 77;
49202 : 57;
49203 : 57;
49204 : 42;
49205 : 49;
49206 : 57;
49207 : 49;
49208 : 148;
49209 : 141;
49210 : 148;
49211 : 86;
49212 : 57;
49213 : 86;
49214 : 77;
49215 : 68;
49216 : 86;
49217 : 113;
49218 : 125;
49219 : 86;
49220 : 120;
49221 : 120;
49222 : 113;
49223 : 135;
49224 : 135;
49225 : 162;
49226 : 148;
49227 : 135;
49228 : 155;
49229 : 125;
49230 : 148;
49231 : 57;
49232 : 42;
49233 : 42;
49234 : 42;
49235 : 49;
49236 : 49;
49237 : 57;
49238 : 49;
49239 : 49;
49240 : 68;
49241 : 68;
49242 : 77;
49243 : 49;
49244 : 42;
49245 : 42;
49246 : 57;
49247 : 57;
49248 : 49;
49249 : 49;
49250 : 49;
49251 : 57;
49252 : 57;
49253 : 49;
49254 : 49;
49255 : 49;
49256 : 42;
49257 : 49;
49258 : 57;
49259 : 57;
49260 : 57;
49261 : 57;
49262 : 57;
49263 : 68;
49264 : 68;
49265 : 68;
49266 : 49;
49267 : 57;
49268 : 77;
49269 : 68;
49270 : 77;
49271 : 57;
49272 : 57;
49273 : 68;
49274 : 57;
49275 : 68;
49276 : 57;
49277 : 57;
49278 : 57;
49279 : 68;
49280 : 68;
49281 : 77;
49282 : 86;
49283 : 94;
49284 : 100;
49285 : 120;
49286 : 120;
49287 : 130;
49288 : 135;
49289 : 135;
49290 : 141;
49291 : 155;
49292 : 148;
49293 : 148;
49294 : 155;
49295 : 162;
49296 : 162;
49297 : 162;
49298 : 155;
49299 : 148;
49300 : 148;
49301 : 155;
49302 : 148;
49303 : 141;
49304 : 141;
49305 : 141;
49306 : 106;
49307 : 68;
49308 : 49;
49309 : 57;
49310 : 49;
49311 : 57;
49312 : 49;
49313 : 57;
49314 : 57;
49315 : 57;
49316 : 57;
49317 : 57;
49318 : 77;
49319 : 49;
49320 : 57;
49321 : 57;
49322 : 57;
49323 : 42;
49324 : 57;
49325 : 68;
49326 : 86;
49327 : 113;
49328 : 77;
49329 : 94;
49330 : 94;
49331 : 86;
49332 : 77;
49333 : 86;
49334 : 94;
49335 : 68;
49336 : 77;
49337 : 77;
49338 : 57;
49339 : 86;
49340 : 179;
49341 : 148;
49342 : 162;
49343 : 148;
49344 : 130;
49345 : 120;
49346 : 120;
49347 : 130;
49348 : 135;
49349 : 135;
49350 : 135;
49351 : 141;
49352 : 148;
49353 : 141;
49354 : 148;
49355 : 148;
49356 : 148;
49357 : 148;
49358 : 148;
49359 : 155;
49360 : 148;
49361 : 148;
49362 : 148;
49363 : 141;
49364 : 148;
49365 : 141;
49366 : 141;
49367 : 148;
49368 : 141;
49369 : 135;
49370 : 130;
49371 : 135;
49372 : 125;
49373 : 125;
49374 : 120;
49375 : 120;
49376 : 141;
49377 : 192;
49378 : 212;
49379 : 222;
49380 : 222;
49381 : 212;
49382 : 212;
49383 : 212;
49384 : 212;
49385 : 212;
49386 : 212;
49387 : 212;
49388 : 212;
49389 : 212;
49390 : 212;
49391 : 206;
49392 : 212;
49393 : 206;
49394 : 206;
49395 : 200;
49396 : 200;
49397 : 192;
49398 : 192;
49399 : 179;
49400 : 162;
49401 : 135;
49402 : 57;
49403 : 49;
49404 : 42;
49405 : 42;
49406 : 49;
49407 : 42;
49408 : 49;
49409 : 42;
49410 : 57;
49411 : 49;
49412 : 42;
49413 : 42;
49414 : 42;
49415 : 34;
49416 : 49;
49417 : 57;
49418 : 77;
49419 : 100;
49420 : 86;
49421 : 100;
49422 : 120;
49423 : 135;
49424 : 148;
49425 : 155;
49426 : 162;
49427 : 170;
49428 : 179;
49429 : 170;
49430 : 170;
49431 : 179;
49432 : 170;
49433 : 179;
49434 : 179;
49435 : 170;
49436 : 162;
49437 : 155;
49438 : 135;
49439 : 113;
49440 : 86;
49441 : 57;
49442 : 120;
49443 : 192;
49444 : 179;
49445 : 106;
49446 : 148;
49447 : 94;
49448 : 34;
49449 : 49;
49450 : 57;
49451 : 77;
49452 : 68;
49453 : 57;
49454 : 68;
49455 : 57;
49456 : 68;
49457 : 68;
49458 : 49;
49459 : 57;
49460 : 42;
49461 : 49;
49462 : 49;
49463 : 42;
49464 : 86;
49465 : 141;
49466 : 141;
49467 : 141;
49468 : 100;
49469 : 113;
49470 : 77;
49471 : 57;
49472 : 106;
49473 : 135;
49474 : 148;
49475 : 77;
49476 : 86;
49477 : 113;
49478 : 106;
49479 : 135;
49480 : 148;
49481 : 155;
49482 : 130;
49483 : 120;
49484 : 162;
49485 : 162;
49486 : 162;
49487 : 113;
49488 : 57;
49489 : 57;
49490 : 57;
49491 : 49;
49492 : 49;
49493 : 49;
49494 : 49;
49495 : 57;
49496 : 68;
49497 : 86;
49498 : 86;
49499 : 49;
49500 : 49;
49501 : 49;
49502 : 68;
49503 : 57;
49504 : 49;
49505 : 57;
49506 : 49;
49507 : 49;
49508 : 57;
49509 : 42;
49510 : 49;
49511 : 57;
49512 : 42;
49513 : 49;
49514 : 57;
49515 : 57;
49516 : 68;
49517 : 57;
49518 : 57;
49519 : 57;
49520 : 57;
49521 : 68;
49522 : 49;
49523 : 57;
49524 : 57;
49525 : 68;
49526 : 86;
49527 : 77;
49528 : 68;
49529 : 57;
49530 : 68;
49531 : 94;
49532 : 94;
49533 : 106;
49534 : 94;
49535 : 113;
49536 : 113;
49537 : 125;
49538 : 120;
49539 : 113;
49540 : 120;
49541 : 120;
49542 : 135;
49543 : 120;
49544 : 141;
49545 : 141;
49546 : 135;
49547 : 155;
49548 : 148;
49549 : 155;
49550 : 155;
49551 : 162;
49552 : 170;
49553 : 162;
49554 : 162;
49555 : 162;
49556 : 170;
49557 : 155;
49558 : 141;
49559 : 130;
49560 : 130;
49561 : 135;
49562 : 100;
49563 : 57;
49564 : 49;
49565 : 57;
49566 : 57;
49567 : 57;
49568 : 57;
49569 : 68;
49570 : 57;
49571 : 68;
49572 : 57;
49573 : 57;
49574 : 77;
49575 : 57;
49576 : 57;
49577 : 49;
49578 : 57;
49579 : 49;
49580 : 57;
49581 : 57;
49582 : 77;
49583 : 113;
49584 : 77;
49585 : 94;
49586 : 94;
49587 : 86;
49588 : 86;
49589 : 77;
49590 : 86;
49591 : 77;
49592 : 77;
49593 : 86;
49594 : 68;
49595 : 86;
49596 : 179;
49597 : 148;
49598 : 162;
49599 : 135;
49600 : 113;
49601 : 113;
49602 : 113;
49603 : 113;
49604 : 125;
49605 : 125;
49606 : 130;
49607 : 130;
49608 : 141;
49609 : 135;
49610 : 130;
49611 : 135;
49612 : 141;
49613 : 148;
49614 : 141;
49615 : 141;
49616 : 148;
49617 : 148;
49618 : 148;
49619 : 141;
49620 : 141;
49621 : 141;
49622 : 141;
49623 : 141;
49624 : 135;
49625 : 135;
49626 : 135;
49627 : 130;
49628 : 130;
49629 : 125;
49630 : 113;
49631 : 113;
49632 : 162;
49633 : 200;
49634 : 212;
49635 : 222;
49636 : 212;
49637 : 212;
49638 : 212;
49639 : 212;
49640 : 212;
49641 : 206;
49642 : 206;
49643 : 212;
49644 : 206;
49645 : 206;
49646 : 212;
49647 : 212;
49648 : 206;
49649 : 206;
49650 : 200;
49651 : 192;
49652 : 192;
49653 : 170;
49654 : 162;
49655 : 120;
49656 : 68;
49657 : 57;
49658 : 49;
49659 : 49;
49660 : 42;
49661 : 49;
49662 : 49;
49663 : 49;
49664 : 49;
49665 : 49;
49666 : 57;
49667 : 49;
49668 : 49;
49669 : 42;
49670 : 42;
49671 : 42;
49672 : 42;
49673 : 57;
49674 : 77;
49675 : 86;
49676 : 86;
49677 : 86;
49678 : 113;
49679 : 130;
49680 : 148;
49681 : 155;
49682 : 162;
49683 : 170;
49684 : 170;
49685 : 170;
49686 : 170;
49687 : 179;
49688 : 170;
49689 : 170;
49690 : 170;
49691 : 179;
49692 : 162;
49693 : 148;
49694 : 130;
49695 : 106;
49696 : 86;
49697 : 125;
49698 : 222;
49699 : 162;
49700 : 68;
49701 : 57;
49702 : 155;
49703 : 42;
49704 : 42;
49705 : 34;
49706 : 49;
49707 : 94;
49708 : 68;
49709 : 57;
49710 : 68;
49711 : 68;
49712 : 68;
49713 : 57;
49714 : 49;
49715 : 57;
49716 : 42;
49717 : 49;
49718 : 49;
49719 : 42;
49720 : 86;
49721 : 120;
49722 : 113;
49723 : 162;
49724 : 94;
49725 : 68;
49726 : 77;
49727 : 57;
49728 : 57;
49729 : 94;
49730 : 125;
49731 : 68;
49732 : 86;
49733 : 162;
49734 : 141;
49735 : 68;
49736 : 155;
49737 : 162;
49738 : 130;
49739 : 94;
49740 : 68;
49741 : 77;
49742 : 170;
49743 : 162;
49744 : 135;
49745 : 49;
49746 : 42;
49747 : 34;
49748 : 49;
49749 : 49;
49750 : 49;
49751 : 49;
49752 : 57;
49753 : 68;
49754 : 86;
49755 : 57;
49756 : 34;
49757 : 42;
49758 : 57;
49759 : 57;
49760 : 49;
49761 : 57;
49762 : 49;
49763 : 49;
49764 : 49;
49765 : 42;
49766 : 49;
49767 : 57;
49768 : 49;
49769 : 49;
49770 : 57;
49771 : 49;
49772 : 57;
49773 : 57;
49774 : 57;
49775 : 49;
49776 : 57;
49777 : 57;
49778 : 57;
49779 : 49;
49780 : 49;
49781 : 68;
49782 : 68;
49783 : 77;
49784 : 86;
49785 : 94;
49786 : 100;
49787 : 106;
49788 : 113;
49789 : 120;
49790 : 130;
49791 : 130;
49792 : 135;
49793 : 135;
49794 : 148;
49795 : 141;
49796 : 141;
49797 : 135;
49798 : 141;
49799 : 148;
49800 : 141;
49801 : 148;
49802 : 148;
49803 : 155;
49804 : 155;
49805 : 162;
49806 : 162;
49807 : 155;
49808 : 162;
49809 : 162;
49810 : 170;
49811 : 162;
49812 : 170;
49813 : 162;
49814 : 170;
49815 : 179;
49816 : 179;
49817 : 192;
49818 : 179;
49819 : 135;
49820 : 94;
49821 : 57;
49822 : 49;
49823 : 57;
49824 : 49;
49825 : 57;
49826 : 57;
49827 : 49;
49828 : 57;
49829 : 57;
49830 : 57;
49831 : 57;
49832 : 49;
49833 : 49;
49834 : 57;
49835 : 49;
49836 : 57;
49837 : 57;
49838 : 86;
49839 : 106;
49840 : 77;
49841 : 77;
49842 : 106;
49843 : 86;
49844 : 77;
49845 : 86;
49846 : 94;
49847 : 68;
49848 : 68;
49849 : 68;
49850 : 68;
49851 : 100;
49852 : 179;
49853 : 141;
49854 : 155;
49855 : 130;
49856 : 100;
49857 : 120;
49858 : 106;
49859 : 113;
49860 : 113;
49861 : 120;
49862 : 125;
49863 : 113;
49864 : 120;
49865 : 130;
49866 : 125;
49867 : 130;
49868 : 130;
49869 : 130;
49870 : 135;
49871 : 135;
49872 : 148;
49873 : 148;
49874 : 148;
49875 : 148;
49876 : 141;
49877 : 141;
49878 : 141;
49879 : 135;
49880 : 135;
49881 : 141;
49882 : 135;
49883 : 130;
49884 : 130;
49885 : 120;
49886 : 113;
49887 : 113;
49888 : 179;
49889 : 200;
49890 : 212;
49891 : 212;
49892 : 222;
49893 : 212;
49894 : 206;
49895 : 206;
49896 : 206;
49897 : 206;
49898 : 212;
49899 : 206;
49900 : 206;
49901 : 206;
49902 : 206;
49903 : 206;
49904 : 200;
49905 : 200;
49906 : 192;
49907 : 179;
49908 : 162;
49909 : 135;
49910 : 94;
49911 : 57;
49912 : 42;
49913 : 42;
49914 : 42;
49915 : 42;
49916 : 49;
49917 : 49;
49918 : 57;
49919 : 57;
49920 : 57;
49921 : 57;
49922 : 57;
49923 : 49;
49924 : 42;
49925 : 42;
49926 : 42;
49927 : 42;
49928 : 42;
49929 : 57;
49930 : 68;
49931 : 86;
49932 : 77;
49933 : 77;
49934 : 120;
49935 : 135;
49936 : 141;
49937 : 155;
49938 : 162;
49939 : 170;
49940 : 179;
49941 : 170;
49942 : 170;
49943 : 170;
49944 : 170;
49945 : 170;
49946 : 179;
49947 : 170;
49948 : 162;
49949 : 148;
49950 : 135;
49951 : 113;
49952 : 141;
49953 : 222;
49954 : 155;
49955 : 68;
49956 : 106;
49957 : 57;
49958 : 148;
49959 : 77;
49960 : 42;
49961 : 42;
49962 : 34;
49963 : 106;
49964 : 68;
49965 : 57;
49966 : 57;
49967 : 77;
49968 : 68;
49969 : 49;
49970 : 49;
49971 : 77;
49972 : 49;
49973 : 49;
49974 : 49;
49975 : 49;
49976 : 120;
49977 : 130;
49978 : 125;
49979 : 125;
49980 : 148;
49981 : 106;
49982 : 77;
49983 : 57;
49984 : 49;
49985 : 57;
49986 : 106;
49987 : 86;
49988 : 148;
49989 : 155;
49990 : 86;
49991 : 86;
49992 : 120;
49993 : 155;
49994 : 155;
49995 : 141;
49996 : 100;
49997 : 42;
49998 : 77;
49999 : 179;
50000 : 192;
50001 : 155;
50002 : 42;
50003 : 42;
50004 : 49;
50005 : 49;
50006 : 49;
50007 : 49;
50008 : 57;
50009 : 68;
50010 : 86;
50011 : 49;
50012 : 42;
50013 : 34;
50014 : 86;
50015 : 49;
50016 : 49;
50017 : 49;
50018 : 49;
50019 : 49;
50020 : 57;
50021 : 57;
50022 : 49;
50023 : 49;
50024 : 57;
50025 : 49;
50026 : 57;
50027 : 49;
50028 : 57;
50029 : 57;
50030 : 68;
50031 : 49;
50032 : 68;
50033 : 57;
50034 : 49;
50035 : 49;
50036 : 49;
50037 : 77;
50038 : 77;
50039 : 77;
50040 : 86;
50041 : 100;
50042 : 113;
50043 : 120;
50044 : 130;
50045 : 130;
50046 : 130;
50047 : 130;
50048 : 130;
50049 : 130;
50050 : 135;
50051 : 135;
50052 : 135;
50053 : 135;
50054 : 141;
50055 : 141;
50056 : 135;
50057 : 141;
50058 : 155;
50059 : 148;
50060 : 155;
50061 : 155;
50062 : 155;
50063 : 148;
50064 : 155;
50065 : 148;
50066 : 148;
50067 : 155;
50068 : 155;
50069 : 162;
50070 : 170;
50071 : 179;
50072 : 192;
50073 : 192;
50074 : 192;
50075 : 200;
50076 : 200;
50077 : 192;
50078 : 125;
50079 : 68;
50080 : 49;
50081 : 49;
50082 : 49;
50083 : 49;
50084 : 49;
50085 : 49;
50086 : 57;
50087 : 49;
50088 : 57;
50089 : 42;
50090 : 49;
50091 : 57;
50092 : 49;
50093 : 68;
50094 : 77;
50095 : 106;
50096 : 86;
50097 : 86;
50098 : 94;
50099 : 94;
50100 : 77;
50101 : 77;
50102 : 94;
50103 : 68;
50104 : 86;
50105 : 57;
50106 : 57;
50107 : 106;
50108 : 179;
50109 : 148;
50110 : 148;
50111 : 125;
50112 : 106;
50113 : 120;
50114 : 113;
50115 : 113;
50116 : 106;
50117 : 113;
50118 : 113;
50119 : 113;
50120 : 120;
50121 : 113;
50122 : 120;
50123 : 120;
50124 : 113;
50125 : 125;
50126 : 125;
50127 : 120;
50128 : 125;
50129 : 130;
50130 : 141;
50131 : 141;
50132 : 141;
50133 : 141;
50134 : 141;
50135 : 141;
50136 : 135;
50137 : 135;
50138 : 130;
50139 : 125;
50140 : 120;
50141 : 120;
50142 : 113;
50143 : 120;
50144 : 179;
50145 : 206;
50146 : 212;
50147 : 222;
50148 : 212;
50149 : 206;
50150 : 206;
50151 : 206;
50152 : 206;
50153 : 206;
50154 : 206;
50155 : 212;
50156 : 212;
50157 : 206;
50158 : 206;
50159 : 206;
50160 : 200;
50161 : 200;
50162 : 179;
50163 : 162;
50164 : 148;
50165 : 113;
50166 : 68;
50167 : 42;
50168 : 34;
50169 : 42;
50170 : 42;
50171 : 49;
50172 : 49;
50173 : 68;
50174 : 77;
50175 : 68;
50176 : 57;
50177 : 68;
50178 : 68;
50179 : 57;
50180 : 49;
50181 : 49;
50182 : 49;
50183 : 34;
50184 : 34;
50185 : 57;
50186 : 68;
50187 : 77;
50188 : 68;
50189 : 86;
50190 : 113;
50191 : 135;
50192 : 141;
50193 : 148;
50194 : 162;
50195 : 170;
50196 : 170;
50197 : 170;
50198 : 170;
50199 : 179;
50200 : 170;
50201 : 179;
50202 : 179;
50203 : 179;
50204 : 155;
50205 : 148;
50206 : 135;
50207 : 155;
50208 : 212;
50209 : 113;
50210 : 57;
50211 : 86;
50212 : 49;
50213 : 34;
50214 : 148;
50215 : 49;
50216 : 42;
50217 : 34;
50218 : 34;
50219 : 100;
50220 : 86;
50221 : 68;
50222 : 49;
50223 : 68;
50224 : 49;
50225 : 57;
50226 : 57;
50227 : 113;
50228 : 49;
50229 : 68;
50230 : 57;
50231 : 49;
50232 : 77;
50233 : 135;
50234 : 125;
50235 : 106;
50236 : 148;
50237 : 141;
50238 : 77;
50239 : 49;
50240 : 42;
50241 : 77;
50242 : 135;
50243 : 113;
50244 : 155;
50245 : 148;
50246 : 94;
50247 : 86;
50248 : 113;
50249 : 106;
50250 : 135;
50251 : 94;
50252 : 135;
50253 : 94;
50254 : 49;
50255 : 135;
50256 : 162;
50257 : 162;
50258 : 148;
50259 : 42;
50260 : 49;
50261 : 49;
50262 : 49;
50263 : 57;
50264 : 68;
50265 : 77;
50266 : 86;
50267 : 49;
50268 : 49;
50269 : 42;
50270 : 68;
50271 : 57;
50272 : 49;
50273 : 49;
50274 : 57;
50275 : 49;
50276 : 49;
50277 : 57;
50278 : 42;
50279 : 49;
50280 : 49;
50281 : 42;
50282 : 49;
50283 : 49;
50284 : 49;
50285 : 57;
50286 : 68;
50287 : 57;
50288 : 57;
50289 : 57;
50290 : 57;
50291 : 57;
50292 : 49;
50293 : 57;
50294 : 77;
50295 : 77;
50296 : 94;
50297 : 113;
50298 : 120;
50299 : 120;
50300 : 130;
50301 : 130;
50302 : 130;
50303 : 125;
50304 : 130;
50305 : 130;
50306 : 130;
50307 : 135;
50308 : 130;
50309 : 135;
50310 : 135;
50311 : 141;
50312 : 141;
50313 : 141;
50314 : 148;
50315 : 148;
50316 : 141;
50317 : 148;
50318 : 148;
50319 : 148;
50320 : 148;
50321 : 148;
50322 : 148;
50323 : 148;
50324 : 162;
50325 : 162;
50326 : 170;
50327 : 179;
50328 : 192;
50329 : 192;
50330 : 200;
50331 : 200;
50332 : 200;
50333 : 200;
50334 : 206;
50335 : 206;
50336 : 141;
50337 : 68;
50338 : 57;
50339 : 57;
50340 : 57;
50341 : 49;
50342 : 57;
50343 : 57;
50344 : 49;
50345 : 42;
50346 : 49;
50347 : 49;
50348 : 57;
50349 : 86;
50350 : 86;
50351 : 100;
50352 : 86;
50353 : 77;
50354 : 86;
50355 : 100;
50356 : 86;
50357 : 77;
50358 : 94;
50359 : 77;
50360 : 86;
50361 : 68;
50362 : 57;
50363 : 106;
50364 : 170;
50365 : 155;
50366 : 148;
50367 : 120;
50368 : 113;
50369 : 113;
50370 : 130;
50371 : 120;
50372 : 113;
50373 : 113;
50374 : 113;
50375 : 113;
50376 : 113;
50377 : 113;
50378 : 113;
50379 : 113;
50380 : 106;
50381 : 113;
50382 : 113;
50383 : 120;
50384 : 120;
50385 : 120;
50386 : 130;
50387 : 125;
50388 : 130;
50389 : 130;
50390 : 130;
50391 : 130;
50392 : 135;
50393 : 130;
50394 : 135;
50395 : 130;
50396 : 125;
50397 : 120;
50398 : 120;
50399 : 125;
50400 : 192;
50401 : 206;
50402 : 212;
50403 : 212;
50404 : 212;
50405 : 206;
50406 : 206;
50407 : 206;
50408 : 206;
50409 : 212;
50410 : 206;
50411 : 212;
50412 : 206;
50413 : 206;
50414 : 206;
50415 : 200;
50416 : 192;
50417 : 192;
50418 : 179;
50419 : 162;
50420 : 120;
50421 : 68;
50422 : 49;
50423 : 49;
50424 : 42;
50425 : 42;
50426 : 49;
50427 : 57;
50428 : 77;
50429 : 86;
50430 : 77;
50431 : 68;
50432 : 77;
50433 : 68;
50434 : 57;
50435 : 57;
50436 : 57;
50437 : 49;
50438 : 57;
50439 : 42;
50440 : 49;
50441 : 57;
50442 : 68;
50443 : 68;
50444 : 68;
50445 : 77;
50446 : 100;
50447 : 125;
50448 : 135;
50449 : 148;
50450 : 162;
50451 : 170;
50452 : 170;
50453 : 170;
50454 : 170;
50455 : 162;
50456 : 170;
50457 : 170;
50458 : 170;
50459 : 170;
50460 : 162;
50461 : 148;
50462 : 162;
50463 : 212;
50464 : 86;
50465 : 68;
50466 : 86;
50467 : 68;
50468 : 49;
50469 : 141;
50470 : 113;
50471 : 42;
50472 : 49;
50473 : 42;
50474 : 42;
50475 : 77;
50476 : 86;
50477 : 57;
50478 : 49;
50479 : 68;
50480 : 49;
50481 : 57;
50482 : 57;
50483 : 113;
50484 : 77;
50485 : 57;
50486 : 57;
50487 : 49;
50488 : 68;
50489 : 68;
50490 : 130;
50491 : 135;
50492 : 86;
50493 : 135;
50494 : 148;
50495 : 77;
50496 : 86;
50497 : 77;
50498 : 106;
50499 : 148;
50500 : 162;
50501 : 68;
50502 : 68;
50503 : 106;
50504 : 86;
50505 : 94;
50506 : 125;
50507 : 141;
50508 : 68;
50509 : 68;
50510 : 94;
50511 : 113;
50512 : 155;
50513 : 120;
50514 : 179;
50515 : 155;
50516 : 34;
50517 : 49;
50518 : 49;
50519 : 57;
50520 : 68;
50521 : 77;
50522 : 77;
50523 : 57;
50524 : 42;
50525 : 49;
50526 : 68;
50527 : 57;
50528 : 49;
50529 : 57;
50530 : 57;
50531 : 42;
50532 : 42;
50533 : 57;
50534 : 57;
50535 : 49;
50536 : 49;
50537 : 49;
50538 : 57;
50539 : 49;
50540 : 49;
50541 : 57;
50542 : 68;
50543 : 57;
50544 : 57;
50545 : 57;
50546 : 57;
50547 : 57;
50548 : 49;
50549 : 57;
50550 : 77;
50551 : 86;
50552 : 94;
50553 : 113;
50554 : 120;
50555 : 120;
50556 : 130;
50557 : 130;
50558 : 120;
50559 : 130;
50560 : 125;
50561 : 130;
50562 : 135;
50563 : 130;
50564 : 130;
50565 : 135;
50566 : 141;
50567 : 141;
50568 : 135;
50569 : 148;
50570 : 148;
50571 : 148;
50572 : 148;
50573 : 141;
50574 : 148;
50575 : 148;
50576 : 141;
50577 : 141;
50578 : 148;
50579 : 148;
50580 : 155;
50581 : 170;
50582 : 179;
50583 : 179;
50584 : 179;
50585 : 192;
50586 : 200;
50587 : 200;
50588 : 200;
50589 : 200;
50590 : 200;
50591 : 206;
50592 : 200;
50593 : 206;
50594 : 148;
50595 : 86;
50596 : 57;
50597 : 49;
50598 : 49;
50599 : 49;
50600 : 49;
50601 : 49;
50602 : 34;
50603 : 42;
50604 : 57;
50605 : 68;
50606 : 86;
50607 : 100;
50608 : 86;
50609 : 86;
50610 : 94;
50611 : 86;
50612 : 77;
50613 : 68;
50614 : 94;
50615 : 77;
50616 : 68;
50617 : 86;
50618 : 57;
50619 : 130;
50620 : 170;
50621 : 155;
50622 : 135;
50623 : 113;
50624 : 120;
50625 : 130;
50626 : 130;
50627 : 130;
50628 : 120;
50629 : 120;
50630 : 113;
50631 : 113;
50632 : 113;
50633 : 113;
50634 : 106;
50635 : 106;
50636 : 106;
50637 : 106;
50638 : 106;
50639 : 113;
50640 : 106;
50641 : 106;
50642 : 113;
50643 : 113;
50644 : 113;
50645 : 113;
50646 : 113;
50647 : 120;
50648 : 113;
50649 : 125;
50650 : 120;
50651 : 125;
50652 : 113;
50653 : 113;
50654 : 113;
50655 : 130;
50656 : 179;
50657 : 206;
50658 : 212;
50659 : 212;
50660 : 206;
50661 : 206;
50662 : 206;
50663 : 206;
50664 : 206;
50665 : 212;
50666 : 206;
50667 : 206;
50668 : 206;
50669 : 206;
50670 : 200;
50671 : 192;
50672 : 179;
50673 : 179;
50674 : 162;
50675 : 135;
50676 : 86;
50677 : 49;
50678 : 42;
50679 : 49;
50680 : 49;
50681 : 57;
50682 : 68;
50683 : 77;
50684 : 86;
50685 : 86;
50686 : 77;
50687 : 86;
50688 : 113;
50689 : 106;
50690 : 86;
50691 : 68;
50692 : 68;
50693 : 57;
50694 : 49;
50695 : 49;
50696 : 49;
50697 : 68;
50698 : 68;
50699 : 57;
50700 : 57;
50701 : 68;
50702 : 86;
50703 : 113;
50704 : 130;
50705 : 148;
50706 : 162;
50707 : 170;
50708 : 170;
50709 : 170;
50710 : 170;
50711 : 170;
50712 : 170;
50713 : 170;
50714 : 179;
50715 : 170;
50716 : 170;
50717 : 179;
50718 : 200;
50719 : 113;
50720 : 86;
50721 : 57;
50722 : 68;
50723 : 86;
50724 : 94;
50725 : 170;
50726 : 34;
50727 : 34;
50728 : 34;
50729 : 42;
50730 : 34;
50731 : 49;
50732 : 86;
50733 : 77;
50734 : 42;
50735 : 57;
50736 : 42;
50737 : 49;
50738 : 57;
50739 : 113;
50740 : 106;
50741 : 57;
50742 : 68;
50743 : 57;
50744 : 57;
50745 : 42;
50746 : 68;
50747 : 141;
50748 : 113;
50749 : 86;
50750 : 125;
50751 : 120;
50752 : 135;
50753 : 141;
50754 : 148;
50755 : 155;
50756 : 100;
50757 : 68;
50758 : 100;
50759 : 77;
50760 : 113;
50761 : 94;
50762 : 100;
50763 : 120;
50764 : 100;
50765 : 68;
50766 : 155;
50767 : 141;
50768 : 162;
50769 : 130;
50770 : 34;
50771 : 206;
50772 : 106;
50773 : 34;
50774 : 42;
50775 : 57;
50776 : 49;
50777 : 68;
50778 : 68;
50779 : 49;
50780 : 42;
50781 : 49;
50782 : 86;
50783 : 57;
50784 : 49;
50785 : 57;
50786 : 49;
50787 : 49;
50788 : 49;
50789 : 57;
50790 : 57;
50791 : 49;
50792 : 42;
50793 : 49;
50794 : 49;
50795 : 57;
50796 : 49;
50797 : 49;
50798 : 57;
50799 : 68;
50800 : 57;
50801 : 68;
50802 : 57;
50803 : 57;
50804 : 42;
50805 : 57;
50806 : 77;
50807 : 86;
50808 : 94;
50809 : 120;
50810 : 113;
50811 : 120;
50812 : 120;
50813 : 130;
50814 : 130;
50815 : 120;
50816 : 125;
50817 : 125;
50818 : 130;
50819 : 130;
50820 : 130;
50821 : 135;
50822 : 135;
50823 : 135;
50824 : 135;
50825 : 141;
50826 : 141;
50827 : 141;
50828 : 141;
50829 : 141;
50830 : 141;
50831 : 135;
50832 : 141;
50833 : 148;
50834 : 141;
50835 : 148;
50836 : 162;
50837 : 170;
50838 : 170;
50839 : 179;
50840 : 192;
50841 : 192;
50842 : 200;
50843 : 192;
50844 : 200;
50845 : 200;
50846 : 200;
50847 : 200;
50848 : 200;
50849 : 206;
50850 : 200;
50851 : 222;
50852 : 162;
50853 : 94;
50854 : 34;
50855 : 49;
50856 : 42;
50857 : 34;
50858 : 42;
50859 : 34;
50860 : 57;
50861 : 68;
50862 : 86;
50863 : 86;
50864 : 86;
50865 : 77;
50866 : 94;
50867 : 86;
50868 : 77;
50869 : 68;
50870 : 94;
50871 : 86;
50872 : 68;
50873 : 68;
50874 : 57;
50875 : 141;
50876 : 162;
50877 : 148;
50878 : 130;
50879 : 130;
50880 : 135;
50881 : 130;
50882 : 130;
50883 : 141;
50884 : 135;
50885 : 125;
50886 : 125;
50887 : 120;
50888 : 120;
50889 : 120;
50890 : 113;
50891 : 113;
50892 : 106;
50893 : 106;
50894 : 106;
50895 : 100;
50896 : 94;
50897 : 94;
50898 : 106;
50899 : 106;
50900 : 113;
50901 : 106;
50902 : 106;
50903 : 106;
50904 : 106;
50905 : 106;
50906 : 113;
50907 : 106;
50908 : 113;
50909 : 106;
50910 : 100;
50911 : 125;
50912 : 179;
50913 : 206;
50914 : 212;
50915 : 206;
50916 : 206;
50917 : 206;
50918 : 200;
50919 : 206;
50920 : 206;
50921 : 206;
50922 : 212;
50923 : 206;
50924 : 206;
50925 : 206;
50926 : 200;
50927 : 192;
50928 : 179;
50929 : 148;
50930 : 100;
50931 : 57;
50932 : 57;
50933 : 42;
50934 : 42;
50935 : 57;
50936 : 57;
50937 : 68;
50938 : 77;
50939 : 86;
50940 : 86;
50941 : 86;
50942 : 86;
50943 : 86;
50944 : 130;
50945 : 120;
50946 : 113;
50947 : 86;
50948 : 77;
50949 : 77;
50950 : 57;
50951 : 57;
50952 : 57;
50953 : 68;
50954 : 57;
50955 : 57;
50956 : 49;
50957 : 57;
50958 : 77;
50959 : 100;
50960 : 125;
50961 : 148;
50962 : 162;
50963 : 170;
50964 : 170;
50965 : 170;
50966 : 170;
50967 : 170;
50968 : 170;
50969 : 170;
50970 : 179;
50971 : 192;
50972 : 192;
50973 : 155;
50974 : 141;
50975 : 120;
50976 : 94;
50977 : 68;
50978 : 77;
50979 : 77;
50980 : 170;
50981 : 86;
50982 : 49;
50983 : 42;
50984 : 34;
50985 : 34;
50986 : 42;
50987 : 42;
50988 : 57;
50989 : 94;
50990 : 68;
50991 : 94;
50992 : 34;
50993 : 42;
50994 : 49;
50995 : 77;
50996 : 100;
50997 : 77;
50998 : 77;
50999 : 57;
51000 : 94;
51001 : 34;
51002 : 49;
51003 : 141;
51004 : 120;
51005 : 125;
51006 : 68;
51007 : 57;
51008 : 77;
51009 : 68;
51010 : 155;
51011 : 155;
51012 : 68;
51013 : 86;
51014 : 94;
51015 : 100;
51016 : 94;
51017 : 135;
51018 : 113;
51019 : 106;
51020 : 106;
51021 : 106;
51022 : 125;
51023 : 192;
51024 : 106;
51025 : 68;
51026 : 77;
51027 : 42;
51028 : 179;
51029 : 34;
51030 : 49;
51031 : 57;
51032 : 57;
51033 : 68;
51034 : 68;
51035 : 49;
51036 : 42;
51037 : 49;
51038 : 86;
51039 : 57;
51040 : 49;
51041 : 49;
51042 : 49;
51043 : 42;
51044 : 49;
51045 : 49;
51046 : 57;
51047 : 49;
51048 : 49;
51049 : 57;
51050 : 49;
51051 : 49;
51052 : 49;
51053 : 57;
51054 : 68;
51055 : 57;
51056 : 57;
51057 : 57;
51058 : 68;
51059 : 57;
51060 : 49;
51061 : 49;
51062 : 77;
51063 : 86;
51064 : 94;
51065 : 113;
51066 : 125;
51067 : 113;
51068 : 120;
51069 : 125;
51070 : 125;
51071 : 125;
51072 : 125;
51073 : 130;
51074 : 135;
51075 : 130;
51076 : 135;
51077 : 135;
51078 : 135;
51079 : 135;
51080 : 135;
51081 : 141;
51082 : 148;
51083 : 135;
51084 : 141;
51085 : 141;
51086 : 141;
51087 : 141;
51088 : 141;
51089 : 141;
51090 : 148;
51091 : 155;
51092 : 162;
51093 : 170;
51094 : 170;
51095 : 179;
51096 : 192;
51097 : 192;
51098 : 192;
51099 : 200;
51100 : 200;
51101 : 200;
51102 : 200;
51103 : 200;
51104 : 200;
51105 : 200;
51106 : 206;
51107 : 200;
51108 : 206;
51109 : 212;
51110 : 148;
51111 : 57;
51112 : 42;
51113 : 34;
51114 : 34;
51115 : 34;
51116 : 49;
51117 : 68;
51118 : 68;
51119 : 86;
51120 : 94;
51121 : 68;
51122 : 86;
51123 : 86;
51124 : 77;
51125 : 68;
51126 : 86;
51127 : 68;
51128 : 77;
51129 : 57;
51130 : 49;
51131 : 141;
51132 : 155;
51133 : 141;
51134 : 135;
51135 : 141;
51136 : 141;
51137 : 135;
51138 : 141;
51139 : 135;
51140 : 141;
51141 : 130;
51142 : 130;
51143 : 130;
51144 : 125;
51145 : 125;
51146 : 120;
51147 : 113;
51148 : 113;
51149 : 106;
51150 : 100;
51151 : 106;
51152 : 100;
51153 : 100;
51154 : 100;
51155 : 94;
51156 : 94;
51157 : 100;
51158 : 94;
51159 : 94;
51160 : 100;
51161 : 100;
51162 : 113;
51163 : 113;
51164 : 100;
51165 : 86;
51166 : 86;
51167 : 120;
51168 : 170;
51169 : 200;
51170 : 206;
51171 : 206;
51172 : 206;
51173 : 200;
51174 : 206;
51175 : 206;
51176 : 206;
51177 : 212;
51178 : 206;
51179 : 206;
51180 : 206;
51181 : 200;
51182 : 192;
51183 : 179;
51184 : 155;
51185 : 94;
51186 : 49;
51187 : 42;
51188 : 49;
51189 : 57;
51190 : 57;
51191 : 68;
51192 : 68;
51193 : 68;
51194 : 68;
51195 : 86;
51196 : 77;
51197 : 86;
51198 : 86;
51199 : 86;
51200 : 135;
51201 : 130;
51202 : 130;
51203 : 120;
51204 : 94;
51205 : 86;
51206 : 77;
51207 : 68;
51208 : 57;
51209 : 77;
51210 : 57;
51211 : 57;
51212 : 57;
51213 : 49;
51214 : 68;
51215 : 106;
51216 : 125;
51217 : 148;
51218 : 155;
51219 : 170;
51220 : 170;
51221 : 170;
51222 : 170;
51223 : 170;
51224 : 170;
51225 : 170;
51226 : 179;
51227 : 179;
51228 : 162;
51229 : 162;
51230 : 141;
51231 : 120;
51232 : 86;
51233 : 77;
51234 : 135;
51235 : 135;
51236 : 179;
51237 : 49;
51238 : 34;
51239 : 49;
51240 : 42;
51241 : 42;
51242 : 42;
51243 : 42;
51244 : 42;
51245 : 77;
51246 : 120;
51247 : 68;
51248 : 34;
51249 : 34;
51250 : 49;
51251 : 57;
51252 : 120;
51253 : 86;
51254 : 77;
51255 : 100;
51256 : 57;
51257 : 34;
51258 : 34;
51259 : 49;
51260 : 120;
51261 : 141;
51262 : 135;
51263 : 100;
51264 : 106;
51265 : 68;
51266 : 125;
51267 : 113;
51268 : 49;
51269 : 125;
51270 : 100;
51271 : 100;
51272 : 113;
51273 : 86;
51274 : 141;
51275 : 125;
51276 : 113;
51277 : 113;
51278 : 130;
51279 : 130;
51280 : 170;
51281 : 77;
51282 : 68;
51283 : 86;
51284 : 57;
51285 : 179;
51286 : 42;
51287 : 57;
51288 : 57;
51289 : 68;
51290 : 68;
51291 : 49;
51292 : 42;
51293 : 42;
51294 : 86;
51295 : 49;
51296 : 42;
51297 : 49;
51298 : 49;
51299 : 42;
51300 : 42;
51301 : 42;
51302 : 57;
51303 : 57;
51304 : 49;
51305 : 49;
51306 : 49;
51307 : 49;
51308 : 49;
51309 : 57;
51310 : 57;
51311 : 57;
51312 : 68;
51313 : 77;
51314 : 57;
51315 : 57;
51316 : 49;
51317 : 49;
51318 : 57;
51319 : 77;
51320 : 100;
51321 : 100;
51322 : 113;
51323 : 120;
51324 : 120;
51325 : 125;
51326 : 120;
51327 : 120;
51328 : 130;
51329 : 130;
51330 : 130;
51331 : 125;
51332 : 135;
51333 : 135;
51334 : 141;
51335 : 135;
51336 : 135;
51337 : 141;
51338 : 141;
51339 : 135;
51340 : 141;
51341 : 135;
51342 : 141;
51343 : 141;
51344 : 148;
51345 : 148;
51346 : 148;
51347 : 162;
51348 : 162;
51349 : 170;
51350 : 179;
51351 : 179;
51352 : 192;
51353 : 192;
51354 : 192;
51355 : 192;
51356 : 192;
51357 : 200;
51358 : 200;
51359 : 200;
51360 : 206;
51361 : 206;
51362 : 200;
51363 : 206;
51364 : 206;
51365 : 212;
51366 : 212;
51367 : 206;
51368 : 106;
51369 : 34;
51370 : 42;
51371 : 34;
51372 : 57;
51373 : 77;
51374 : 68;
51375 : 86;
51376 : 94;
51377 : 68;
51378 : 86;
51379 : 77;
51380 : 68;
51381 : 57;
51382 : 77;
51383 : 77;
51384 : 77;
51385 : 57;
51386 : 49;
51387 : 141;
51388 : 148;
51389 : 148;
51390 : 135;
51391 : 148;
51392 : 141;
51393 : 141;
51394 : 141;
51395 : 130;
51396 : 148;
51397 : 135;
51398 : 135;
51399 : 130;
51400 : 135;
51401 : 130;
51402 : 130;
51403 : 130;
51404 : 120;
51405 : 120;
51406 : 113;
51407 : 113;
51408 : 106;
51409 : 106;
51410 : 100;
51411 : 94;
51412 : 94;
51413 : 100;
51414 : 86;
51415 : 86;
51416 : 86;
51417 : 106;
51418 : 113;
51419 : 113;
51420 : 106;
51421 : 77;
51422 : 68;
51423 : 100;
51424 : 179;
51425 : 200;
51426 : 206;
51427 : 206;
51428 : 206;
51429 : 206;
51430 : 206;
51431 : 212;
51432 : 206;
51433 : 206;
51434 : 206;
51435 : 206;
51436 : 200;
51437 : 192;
51438 : 179;
51439 : 162;
51440 : 120;
51441 : 49;
51442 : 42;
51443 : 49;
51444 : 77;
51445 : 77;
51446 : 68;
51447 : 77;
51448 : 77;
51449 : 77;
51450 : 86;
51451 : 86;
51452 : 86;
51453 : 94;
51454 : 86;
51455 : 86;
51456 : 135;
51457 : 130;
51458 : 135;
51459 : 130;
51460 : 120;
51461 : 106;
51462 : 94;
51463 : 77;
51464 : 86;
51465 : 77;
51466 : 68;
51467 : 57;
51468 : 57;
51469 : 57;
51470 : 77;
51471 : 106;
51472 : 125;
51473 : 148;
51474 : 162;
51475 : 170;
51476 : 170;
51477 : 170;
51478 : 170;
51479 : 179;
51480 : 170;
51481 : 170;
51482 : 179;
51483 : 170;
51484 : 170;
51485 : 155;
51486 : 141;
51487 : 120;
51488 : 94;
51489 : 94;
51490 : 86;
51491 : 222;
51492 : 77;
51493 : 42;
51494 : 42;
51495 : 42;
51496 : 42;
51497 : 42;
51498 : 42;
51499 : 34;
51500 : 68;
51501 : 68;
51502 : 135;
51503 : 57;
51504 : 34;
51505 : 34;
51506 : 49;
51507 : 57;
51508 : 141;
51509 : 68;
51510 : 77;
51511 : 120;
51512 : 49;
51513 : 57;
51514 : 34;
51515 : 49;
51516 : 77;
51517 : 77;
51518 : 106;
51519 : 135;
51520 : 100;
51521 : 135;
51522 : 148;
51523 : 57;
51524 : 77;
51525 : 57;
51526 : 135;
51527 : 106;
51528 : 113;
51529 : 113;
51530 : 68;
51531 : 162;
51532 : 120;
51533 : 130;
51534 : 135;
51535 : 106;
51536 : 94;
51537 : 170;
51538 : 34;
51539 : 42;
51540 : 141;
51541 : 170;
51542 : 77;
51543 : 49;
51544 : 57;
51545 : 68;
51546 : 49;
51547 : 42;
51548 : 42;
51549 : 42;
51550 : 100;
51551 : 57;
51552 : 49;
51553 : 57;
51554 : 57;
51555 : 49;
51556 : 42;
51557 : 49;
51558 : 57;
51559 : 49;
51560 : 77;
51561 : 49;
51562 : 49;
51563 : 49;
51564 : 57;
51565 : 49;
51566 : 49;
51567 : 57;
51568 : 57;
51569 : 68;
51570 : 68;
51571 : 68;
51572 : 57;
51573 : 49;
51574 : 57;
51575 : 77;
51576 : 94;
51577 : 106;
51578 : 113;
51579 : 120;
51580 : 113;
51581 : 120;
51582 : 130;
51583 : 125;
51584 : 125;
51585 : 130;
51586 : 125;
51587 : 125;
51588 : 130;
51589 : 141;
51590 : 141;
51591 : 141;
51592 : 141;
51593 : 141;
51594 : 141;
51595 : 141;
51596 : 141;
51597 : 135;
51598 : 148;
51599 : 148;
51600 : 148;
51601 : 148;
51602 : 155;
51603 : 155;
51604 : 162;
51605 : 170;
51606 : 179;
51607 : 179;
51608 : 179;
51609 : 192;
51610 : 192;
51611 : 192;
51612 : 192;
51613 : 192;
51614 : 192;
51615 : 192;
51616 : 200;
51617 : 200;
51618 : 206;
51619 : 200;
51620 : 206;
51621 : 206;
51622 : 212;
51623 : 212;
51624 : 212;
51625 : 148;
51626 : 42;
51627 : 34;
51628 : 42;
51629 : 57;
51630 : 49;
51631 : 94;
51632 : 100;
51633 : 57;
51634 : 77;
51635 : 77;
51636 : 77;
51637 : 68;
51638 : 86;
51639 : 68;
51640 : 77;
51641 : 57;
51642 : 49;
51643 : 170;
51644 : 155;
51645 : 141;
51646 : 130;
51647 : 148;
51648 : 148;
51649 : 141;
51650 : 141;
51651 : 141;
51652 : 141;
51653 : 135;
51654 : 135;
51655 : 135;
51656 : 135;
51657 : 135;
51658 : 135;
51659 : 135;
51660 : 130;
51661 : 130;
51662 : 120;
51663 : 120;
51664 : 113;
51665 : 113;
51666 : 106;
51667 : 106;
51668 : 94;
51669 : 100;
51670 : 86;
51671 : 86;
51672 : 94;
51673 : 120;
51674 : 130;
51675 : 120;
51676 : 113;
51677 : 86;
51678 : 77;
51679 : 94;
51680 : 179;
51681 : 200;
51682 : 206;
51683 : 206;
51684 : 206;
51685 : 206;
51686 : 212;
51687 : 212;
51688 : 206;
51689 : 206;
51690 : 206;
51691 : 200;
51692 : 192;
51693 : 170;
51694 : 141;
51695 : 86;
51696 : 57;
51697 : 42;
51698 : 49;
51699 : 68;
51700 : 77;
51701 : 86;
51702 : 77;
51703 : 77;
51704 : 86;
51705 : 86;
51706 : 86;
51707 : 86;
51708 : 86;
51709 : 86;
51710 : 86;
51711 : 86;
51712 : 135;
51713 : 135;
51714 : 141;
51715 : 135;
51716 : 130;
51717 : 120;
51718 : 113;
51719 : 100;
51720 : 94;
51721 : 86;
51722 : 77;
51723 : 57;
51724 : 42;
51725 : 49;
51726 : 77;
51727 : 100;
51728 : 120;
51729 : 141;
51730 : 155;
51731 : 162;
51732 : 170;
51733 : 170;
51734 : 170;
51735 : 170;
51736 : 170;
51737 : 170;
51738 : 170;
51739 : 170;
51740 : 162;
51741 : 155;
51742 : 141;
51743 : 120;
51744 : 148;
51745 : 179;
51746 : 94;
51747 : 170;
51748 : 34;
51749 : 42;
51750 : 42;
51751 : 42;
51752 : 34;
51753 : 34;
51754 : 34;
51755 : 42;
51756 : 130;
51757 : 125;
51758 : 125;
51759 : 86;
51760 : 34;
51761 : 34;
51762 : 68;
51763 : 141;
51764 : 125;
51765 : 57;
51766 : 86;
51767 : 68;
51768 : 68;
51769 : 42;
51770 : 42;
51771 : 113;
51772 : 100;
51773 : 68;
51774 : 57;
51775 : 100;
51776 : 135;
51777 : 135;
51778 : 57;
51779 : 57;
51780 : 68;
51781 : 77;
51782 : 68;
51783 : 135;
51784 : 120;
51785 : 113;
51786 : 100;
51787 : 130;
51788 : 155;
51789 : 120;
51790 : 135;
51791 : 94;
51792 : 125;
51793 : 106;
51794 : 162;
51795 : 34;
51796 : 42;
51797 : 120;
51798 : 179;
51799 : 49;
51800 : 49;
51801 : 57;
51802 : 49;
51803 : 42;
51804 : 42;
51805 : 49;
51806 : 86;
51807 : 68;
51808 : 49;
51809 : 57;
51810 : 49;
51811 : 49;
51812 : 49;
51813 : 49;
51814 : 49;
51815 : 57;
51816 : 68;
51817 : 68;
51818 : 49;
51819 : 49;
51820 : 49;
51821 : 57;
51822 : 57;
51823 : 68;
51824 : 57;
51825 : 77;
51826 : 77;
51827 : 57;
51828 : 49;
51829 : 49;
51830 : 57;
51831 : 77;
51832 : 86;
51833 : 106;
51834 : 113;
51835 : 113;
51836 : 120;
51837 : 120;
51838 : 125;
51839 : 130;
51840 : 125;
51841 : 125;
51842 : 120;
51843 : 130;
51844 : 135;
51845 : 141;
51846 : 135;
51847 : 141;
51848 : 141;
51849 : 141;
51850 : 135;
51851 : 135;
51852 : 135;
51853 : 135;
51854 : 148;
51855 : 141;
51856 : 148;
51857 : 148;
51858 : 162;
51859 : 162;
51860 : 170;
51861 : 179;
51862 : 179;
51863 : 179;
51864 : 192;
51865 : 192;
51866 : 179;
51867 : 192;
51868 : 192;
51869 : 200;
51870 : 192;
51871 : 192;
51872 : 200;
51873 : 200;
51874 : 200;
51875 : 206;
51876 : 206;
51877 : 206;
51878 : 206;
51879 : 206;
51880 : 212;
51881 : 212;
51882 : 179;
51883 : 57;
51884 : 42;
51885 : 57;
51886 : 49;
51887 : 86;
51888 : 100;
51889 : 57;
51890 : 68;
51891 : 77;
51892 : 68;
51893 : 68;
51894 : 86;
51895 : 68;
51896 : 68;
51897 : 57;
51898 : 42;
51899 : 179;
51900 : 155;
51901 : 135;
51902 : 141;
51903 : 155;
51904 : 155;
51905 : 148;
51906 : 148;
51907 : 148;
51908 : 141;
51909 : 141;
51910 : 141;
51911 : 135;
51912 : 135;
51913 : 141;
51914 : 135;
51915 : 135;
51916 : 135;
51917 : 125;
51918 : 125;
51919 : 120;
51920 : 120;
51921 : 125;
51922 : 113;
51923 : 113;
51924 : 106;
51925 : 100;
51926 : 100;
51927 : 100;
51928 : 106;
51929 : 120;
51930 : 135;
51931 : 125;
51932 : 113;
51933 : 86;
51934 : 68;
51935 : 113;
51936 : 192;
51937 : 200;
51938 : 206;
51939 : 212;
51940 : 206;
51941 : 206;
51942 : 212;
51943 : 212;
51944 : 206;
51945 : 212;
51946 : 206;
51947 : 200;
51948 : 170;
51949 : 135;
51950 : 86;
51951 : 49;
51952 : 42;
51953 : 49;
51954 : 77;
51955 : 77;
51956 : 86;
51957 : 77;
51958 : 68;
51959 : 77;
51960 : 86;
51961 : 86;
51962 : 94;
51963 : 94;
51964 : 94;
51965 : 86;
51966 : 86;
51967 : 86;
51968 : 130;
51969 : 135;
51970 : 135;
51971 : 148;
51972 : 148;
51973 : 141;
51974 : 130;
51975 : 113;
51976 : 106;
51977 : 86;
51978 : 77;
51979 : 68;
51980 : 49;
51981 : 49;
51982 : 68;
51983 : 100;
51984 : 130;
51985 : 148;
51986 : 162;
51987 : 170;
51988 : 170;
51989 : 170;
51990 : 170;
51991 : 170;
51992 : 170;
51993 : 170;
51994 : 179;
51995 : 170;
51996 : 162;
51997 : 148;
51998 : 135;
51999 : 120;
52000 : 170;
52001 : 212;
52002 : 94;
52003 : 120;
52004 : 57;
52005 : 42;
52006 : 42;
52007 : 49;
52008 : 42;
52009 : 34;
52010 : 42;
52011 : 34;
52012 : 42;
52013 : 86;
52014 : 120;
52015 : 148;
52016 : 130;
52017 : 135;
52018 : 148;
52019 : 100;
52020 : 68;
52021 : 86;
52022 : 68;
52023 : 68;
52024 : 68;
52025 : 34;
52026 : 113;
52027 : 130;
52028 : 57;
52029 : 57;
52030 : 68;
52031 : 141;
52032 : 94;
52033 : 57;
52034 : 68;
52035 : 57;
52036 : 68;
52037 : 86;
52038 : 77;
52039 : 86;
52040 : 120;
52041 : 130;
52042 : 125;
52043 : 155;
52044 : 141;
52045 : 148;
52046 : 130;
52047 : 148;
52048 : 42;
52049 : 42;
52050 : 130;
52051 : 106;
52052 : 34;
52053 : 77;
52054 : 120;
52055 : 106;
52056 : 49;
52057 : 57;
52058 : 57;
52059 : 49;
52060 : 49;
52061 : 49;
52062 : 100;
52063 : 57;
52064 : 57;
52065 : 57;
52066 : 49;
52067 : 49;
52068 : 49;
52069 : 42;
52070 : 49;
52071 : 57;
52072 : 68;
52073 : 57;
52074 : 57;
52075 : 49;
52076 : 49;
52077 : 49;
52078 : 68;
52079 : 68;
52080 : 68;
52081 : 68;
52082 : 77;
52083 : 49;
52084 : 57;
52085 : 57;
52086 : 68;
52087 : 77;
52088 : 94;
52089 : 106;
52090 : 120;
52091 : 120;
52092 : 120;
52093 : 125;
52094 : 130;
52095 : 130;
52096 : 125;
52097 : 120;
52098 : 130;
52099 : 130;
52100 : 135;
52101 : 141;
52102 : 148;
52103 : 141;
52104 : 141;
52105 : 135;
52106 : 141;
52107 : 135;
52108 : 135;
52109 : 135;
52110 : 141;
52111 : 148;
52112 : 148;
52113 : 155;
52114 : 155;
52115 : 162;
52116 : 162;
52117 : 170;
52118 : 179;
52119 : 179;
52120 : 179;
52121 : 179;
52122 : 192;
52123 : 192;
52124 : 192;
52125 : 192;
52126 : 192;
52127 : 192;
52128 : 200;
52129 : 200;
52130 : 200;
52131 : 200;
52132 : 206;
52133 : 206;
52134 : 206;
52135 : 212;
52136 : 212;
52137 : 212;
52138 : 212;
52139 : 200;
52140 : 68;
52141 : 49;
52142 : 42;
52143 : 68;
52144 : 86;
52145 : 57;
52146 : 68;
52147 : 68;
52148 : 57;
52149 : 68;
52150 : 77;
52151 : 77;
52152 : 68;
52153 : 49;
52154 : 42;
52155 : 170;
52156 : 155;
52157 : 135;
52158 : 141;
52159 : 148;
52160 : 155;
52161 : 148;
52162 : 141;
52163 : 148;
52164 : 148;
52165 : 148;
52166 : 141;
52167 : 141;
52168 : 141;
52169 : 141;
52170 : 135;
52171 : 135;
52172 : 135;
52173 : 130;
52174 : 130;
52175 : 130;
52176 : 130;
52177 : 120;
52178 : 120;
52179 : 120;
52180 : 113;
52181 : 113;
52182 : 106;
52183 : 100;
52184 : 106;
52185 : 120;
52186 : 135;
52187 : 125;
52188 : 113;
52189 : 86;
52190 : 86;
52191 : 141;
52192 : 192;
52193 : 206;
52194 : 206;
52195 : 212;
52196 : 212;
52197 : 212;
52198 : 212;
52199 : 212;
52200 : 212;
52201 : 206;
52202 : 206;
52203 : 192;
52204 : 148;
52205 : 86;
52206 : 49;
52207 : 57;
52208 : 49;
52209 : 77;
52210 : 94;
52211 : 86;
52212 : 77;
52213 : 77;
52214 : 77;
52215 : 86;
52216 : 94;
52217 : 94;
52218 : 100;
52219 : 94;
52220 : 94;
52221 : 86;
52222 : 86;
52223 : 86;
52224 : 125;
52225 : 141;
52226 : 141;
52227 : 148;
52228 : 148;
52229 : 141;
52230 : 141;
52231 : 130;
52232 : 120;
52233 : 100;
52234 : 77;
52235 : 68;
52236 : 49;
52237 : 34;
52238 : 68;
52239 : 106;
52240 : 125;
52241 : 148;
52242 : 162;
52243 : 170;
52244 : 170;
52245 : 179;
52246 : 170;
52247 : 179;
52248 : 170;
52249 : 170;
52250 : 179;
52251 : 170;
52252 : 162;
52253 : 148;
52254 : 135;
52255 : 192;
52256 : 222;
52257 : 86;
52258 : 100;
52259 : 86;
52260 : 77;
52261 : 57;
52262 : 42;
52263 : 34;
52264 : 42;
52265 : 34;
52266 : 42;
52267 : 49;
52268 : 49;
52269 : 68;
52270 : 34;
52271 : 34;
52272 : 68;
52273 : 86;
52274 : 77;
52275 : 57;
52276 : 68;
52277 : 77;
52278 : 57;
52279 : 68;
52280 : 86;
52281 : 113;
52282 : 130;
52283 : 77;
52284 : 42;
52285 : 42;
52286 : 100;
52287 : 141;
52288 : 57;
52289 : 57;
52290 : 77;
52291 : 57;
52292 : 57;
52293 : 94;
52294 : 100;
52295 : 86;
52296 : 94;
52297 : 113;
52298 : 135;
52299 : 135;
52300 : 135;
52301 : 141;
52302 : 141;
52303 : 162;
52304 : 68;
52305 : 34;
52306 : 113;
52307 : 179;
52308 : 57;
52309 : 49;
52310 : 57;
52311 : 206;
52312 : 49;
52313 : 57;
52314 : 57;
52315 : 42;
52316 : 42;
52317 : 42;
52318 : 86;
52319 : 68;
52320 : 49;
52321 : 57;
52322 : 49;
52323 : 57;
52324 : 57;
52325 : 49;
52326 : 49;
52327 : 57;
52328 : 68;
52329 : 68;
52330 : 42;
52331 : 57;
52332 : 57;
52333 : 57;
52334 : 77;
52335 : 57;
52336 : 57;
52337 : 86;
52338 : 94;
52339 : 68;
52340 : 49;
52341 : 49;
52342 : 49;
52343 : 86;
52344 : 86;
52345 : 113;
52346 : 113;
52347 : 120;
52348 : 130;
52349 : 125;
52350 : 125;
52351 : 113;
52352 : 120;
52353 : 125;
52354 : 135;
52355 : 141;
52356 : 135;
52357 : 135;
52358 : 135;
52359 : 141;
52360 : 135;
52361 : 148;
52362 : 135;
52363 : 135;
52364 : 135;
52365 : 141;
52366 : 141;
52367 : 148;
52368 : 155;
52369 : 155;
52370 : 162;
52371 : 162;
52372 : 170;
52373 : 162;
52374 : 170;
52375 : 179;
52376 : 179;
52377 : 179;
52378 : 192;
52379 : 179;
52380 : 192;
52381 : 179;
52382 : 192;
52383 : 192;
52384 : 200;
52385 : 200;
52386 : 192;
52387 : 200;
52388 : 206;
52389 : 206;
52390 : 206;
52391 : 212;
52392 : 212;
52393 : 212;
52394 : 212;
52395 : 212;
52396 : 200;
52397 : 77;
52398 : 42;
52399 : 68;
52400 : 86;
52401 : 49;
52402 : 57;
52403 : 57;
52404 : 68;
52405 : 68;
52406 : 68;
52407 : 77;
52408 : 68;
52409 : 49;
52410 : 68;
52411 : 170;
52412 : 155;
52413 : 135;
52414 : 141;
52415 : 148;
52416 : 148;
52417 : 148;
52418 : 141;
52419 : 141;
52420 : 148;
52421 : 141;
52422 : 141;
52423 : 141;
52424 : 141;
52425 : 148;
52426 : 141;
52427 : 135;
52428 : 135;
52429 : 135;
52430 : 135;
52431 : 130;
52432 : 120;
52433 : 130;
52434 : 130;
52435 : 120;
52436 : 120;
52437 : 120;
52438 : 113;
52439 : 106;
52440 : 113;
52441 : 125;
52442 : 130;
52443 : 130;
52444 : 113;
52445 : 94;
52446 : 94;
52447 : 162;
52448 : 200;
52449 : 206;
52450 : 212;
52451 : 212;
52452 : 212;
52453 : 212;
52454 : 212;
52455 : 212;
52456 : 206;
52457 : 200;
52458 : 200;
52459 : 179;
52460 : 125;
52461 : 68;
52462 : 34;
52463 : 49;
52464 : 68;
52465 : 86;
52466 : 94;
52467 : 86;
52468 : 86;
52469 : 86;
52470 : 77;
52471 : 94;
52472 : 94;
52473 : 100;
52474 : 100;
52475 : 94;
52476 : 86;
52477 : 86;
52478 : 86;
52479 : 94;
52480 : 125;
52481 : 130;
52482 : 141;
52483 : 148;
52484 : 155;
52485 : 148;
52486 : 148;
52487 : 135;
52488 : 130;
52489 : 120;
52490 : 94;
52491 : 68;
52492 : 57;
52493 : 42;
52494 : 77;
52495 : 100;
52496 : 125;
52497 : 148;
52498 : 162;
52499 : 170;
52500 : 170;
52501 : 170;
52502 : 179;
52503 : 170;
52504 : 179;
52505 : 179;
52506 : 179;
52507 : 170;
52508 : 162;
52509 : 148;
52510 : 141;
52511 : 206;
52512 : 222;
52513 : 106;
52514 : 135;
52515 : 86;
52516 : 49;
52517 : 57;
52518 : 49;
52519 : 49;
52520 : 68;
52521 : 49;
52522 : 57;
52523 : 57;
52524 : 68;
52525 : 77;
52526 : 42;
52527 : 42;
52528 : 77;
52529 : 77;
52530 : 68;
52531 : 57;
52532 : 49;
52533 : 49;
52534 : 57;
52535 : 68;
52536 : 68;
52537 : 57;
52538 : 57;
52539 : 49;
52540 : 34;
52541 : 57;
52542 : 141;
52543 : 113;
52544 : 49;
52545 : 68;
52546 : 57;
52547 : 68;
52548 : 68;
52549 : 68;
52550 : 106;
52551 : 106;
52552 : 86;
52553 : 94;
52554 : 113;
52555 : 141;
52556 : 130;
52557 : 135;
52558 : 155;
52559 : 141;
52560 : 130;
52561 : 34;
52562 : 34;
52563 : 179;
52564 : 200;
52565 : 42;
52566 : 86;
52567 : 192;
52568 : 49;
52569 : 49;
52570 : 42;
52571 : 42;
52572 : 42;
52573 : 49;
52574 : 86;
52575 : 68;
52576 : 49;
52577 : 57;
52578 : 49;
52579 : 49;
52580 : 57;
52581 : 42;
52582 : 57;
52583 : 57;
52584 : 68;
52585 : 68;
52586 : 57;
52587 : 49;
52588 : 57;
52589 : 57;
52590 : 86;
52591 : 68;
52592 : 57;
52593 : 77;
52594 : 100;
52595 : 106;
52596 : 49;
52597 : 42;
52598 : 42;
52599 : 77;
52600 : 77;
52601 : 120;
52602 : 120;
52603 : 120;
52604 : 125;
52605 : 125;
52606 : 113;
52607 : 113;
52608 : 130;
52609 : 130;
52610 : 135;
52611 : 148;
52612 : 135;
52613 : 135;
52614 : 141;
52615 : 141;
52616 : 135;
52617 : 141;
52618 : 141;
52619 : 141;
52620 : 141;
52621 : 148;
52622 : 148;
52623 : 148;
52624 : 155;
52625 : 162;
52626 : 155;
52627 : 162;
52628 : 170;
52629 : 162;
52630 : 170;
52631 : 179;
52632 : 179;
52633 : 179;
52634 : 179;
52635 : 179;
52636 : 179;
52637 : 192;
52638 : 192;
52639 : 192;
52640 : 192;
52641 : 192;
52642 : 200;
52643 : 200;
52644 : 200;
52645 : 206;
52646 : 206;
52647 : 206;
52648 : 206;
52649 : 212;
52650 : 212;
52651 : 212;
52652 : 212;
52653 : 192;
52654 : 57;
52655 : 57;
52656 : 77;
52657 : 49;
52658 : 49;
52659 : 49;
52660 : 68;
52661 : 86;
52662 : 68;
52663 : 68;
52664 : 68;
52665 : 49;
52666 : 86;
52667 : 170;
52668 : 148;
52669 : 135;
52670 : 141;
52671 : 148;
52672 : 148;
52673 : 148;
52674 : 141;
52675 : 141;
52676 : 148;
52677 : 141;
52678 : 148;
52679 : 141;
52680 : 141;
52681 : 141;
52682 : 135;
52683 : 141;
52684 : 141;
52685 : 135;
52686 : 141;
52687 : 135;
52688 : 130;
52689 : 130;
52690 : 130;
52691 : 125;
52692 : 130;
52693 : 120;
52694 : 113;
52695 : 113;
52696 : 120;
52697 : 125;
52698 : 130;
52699 : 130;
52700 : 113;
52701 : 100;
52702 : 120;
52703 : 179;
52704 : 200;
52705 : 206;
52706 : 212;
52707 : 212;
52708 : 212;
52709 : 212;
52710 : 212;
52711 : 212;
52712 : 206;
52713 : 200;
52714 : 179;
52715 : 162;
52716 : 113;
52717 : 57;
52718 : 42;
52719 : 57;
52720 : 86;
52721 : 94;
52722 : 94;
52723 : 86;
52724 : 86;
52725 : 77;
52726 : 86;
52727 : 94;
52728 : 106;
52729 : 106;
52730 : 100;
52731 : 94;
52732 : 86;
52733 : 86;
52734 : 94;
52735 : 94;
52736 : 120;
52737 : 125;
52738 : 130;
52739 : 148;
52740 : 148;
52741 : 148;
52742 : 148;
52743 : 141;
52744 : 141;
52745 : 135;
52746 : 113;
52747 : 86;
52748 : 49;
52749 : 42;
52750 : 77;
52751 : 94;
52752 : 125;
52753 : 148;
52754 : 162;
52755 : 170;
52756 : 179;
52757 : 179;
52758 : 170;
52759 : 170;
52760 : 170;
52761 : 170;
52762 : 179;
52763 : 170;
52764 : 162;
52765 : 148;
52766 : 141;
52767 : 212;
52768 : 212;
52769 : 86;
52770 : 135;
52771 : 106;
52772 : 34;
52773 : 34;
52774 : 34;
52775 : 49;
52776 : 57;
52777 : 57;
52778 : 57;
52779 : 68;
52780 : 57;
52781 : 77;
52782 : 57;
52783 : 34;
52784 : 86;
52785 : 57;
52786 : 57;
52787 : 49;
52788 : 68;
52789 : 68;
52790 : 68;
52791 : 57;
52792 : 42;
52793 : 49;
52794 : 49;
52795 : 68;
52796 : 49;
52797 : 57;
52798 : 125;
52799 : 113;
52800 : 49;
52801 : 42;
52802 : 68;
52803 : 77;
52804 : 86;
52805 : 77;
52806 : 77;
52807 : 120;
52808 : 100;
52809 : 86;
52810 : 106;
52811 : 135;
52812 : 141;
52813 : 141;
52814 : 141;
52815 : 94;
52816 : 135;
52817 : 113;
52818 : 86;
52819 : 155;
52820 : 192;
52821 : 106;
52822 : 57;
52823 : 68;
52824 : 148;
52825 : 49;
52826 : 42;
52827 : 42;
52828 : 57;
52829 : 49;
52830 : 100;
52831 : 68;
52832 : 57;
52833 : 68;
52834 : 57;
52835 : 57;
52836 : 57;
52837 : 57;
52838 : 57;
52839 : 57;
52840 : 68;
52841 : 68;
52842 : 57;
52843 : 57;
52844 : 68;
52845 : 57;
52846 : 94;
52847 : 68;
52848 : 68;
52849 : 86;
52850 : 106;
52851 : 100;
52852 : 57;
52853 : 57;
52854 : 42;
52855 : 86;
52856 : 94;
52857 : 120;
52858 : 130;
52859 : 120;
52860 : 120;
52861 : 113;
52862 : 113;
52863 : 130;
52864 : 135;
52865 : 135;
52866 : 135;
52867 : 141;
52868 : 135;
52869 : 141;
52870 : 141;
52871 : 141;
52872 : 141;
52873 : 141;
52874 : 141;
52875 : 135;
52876 : 141;
52877 : 148;
52878 : 155;
52879 : 148;
52880 : 155;
52881 : 162;
52882 : 162;
52883 : 162;
52884 : 162;
52885 : 162;
52886 : 170;
52887 : 170;
52888 : 170;
52889 : 179;
52890 : 179;
52891 : 179;
52892 : 179;
52893 : 192;
52894 : 179;
52895 : 179;
52896 : 192;
52897 : 192;
52898 : 192;
52899 : 200;
52900 : 200;
52901 : 200;
52902 : 206;
52903 : 206;
52904 : 206;
52905 : 206;
52906 : 212;
52907 : 222;
52908 : 212;
52909 : 212;
52910 : 192;
52911 : 42;
52912 : 68;
52913 : 49;
52914 : 49;
52915 : 49;
52916 : 68;
52917 : 68;
52918 : 57;
52919 : 77;
52920 : 57;
52921 : 49;
52922 : 100;
52923 : 162;
52924 : 141;
52925 : 135;
52926 : 141;
52927 : 141;
52928 : 155;
52929 : 148;
52930 : 148;
52931 : 148;
52932 : 141;
52933 : 141;
52934 : 141;
52935 : 148;
52936 : 141;
52937 : 148;
52938 : 141;
52939 : 141;
52940 : 135;
52941 : 135;
52942 : 135;
52943 : 135;
52944 : 135;
52945 : 130;
52946 : 125;
52947 : 125;
52948 : 120;
52949 : 125;
52950 : 120;
52951 : 120;
52952 : 120;
52953 : 120;
52954 : 130;
52955 : 125;
52956 : 120;
52957 : 113;
52958 : 135;
52959 : 192;
52960 : 206;
52961 : 212;
52962 : 212;
52963 : 212;
52964 : 212;
52965 : 212;
52966 : 212;
52967 : 212;
52968 : 206;
52969 : 192;
52970 : 179;
52971 : 141;
52972 : 94;
52973 : 49;
52974 : 57;
52975 : 77;
52976 : 94;
52977 : 94;
52978 : 86;
52979 : 94;
52980 : 86;
52981 : 86;
52982 : 100;
52983 : 113;
52984 : 113;
52985 : 113;
52986 : 100;
52987 : 100;
52988 : 86;
52989 : 86;
52990 : 94;
52991 : 94;
52992 : 86;
52993 : 100;
52994 : 125;
52995 : 135;
52996 : 148;
52997 : 155;
52998 : 162;
52999 : 155;
53000 : 162;
53001 : 141;
53002 : 113;
53003 : 77;
53004 : 57;
53005 : 42;
53006 : 77;
53007 : 100;
53008 : 130;
53009 : 148;
53010 : 162;
53011 : 170;
53012 : 179;
53013 : 179;
53014 : 179;
53015 : 179;
53016 : 179;
53017 : 179;
53018 : 179;
53019 : 179;
53020 : 170;
53021 : 155;
53022 : 141;
53023 : 162;
53024 : 206;
53025 : 94;
53026 : 100;
53027 : 42;
53028 : 34;
53029 : 34;
53030 : 49;
53031 : 42;
53032 : 49;
53033 : 49;
53034 : 49;
53035 : 42;
53036 : 68;
53037 : 57;
53038 : 68;
53039 : 49;
53040 : 42;
53041 : 49;
53042 : 42;
53043 : 57;
53044 : 106;
53045 : 77;
53046 : 57;
53047 : 57;
53048 : 34;
53049 : 42;
53050 : 42;
53051 : 100;
53052 : 42;
53053 : 34;
53054 : 57;
53055 : 94;
53056 : 106;
53057 : 49;
53058 : 49;
53059 : 57;
53060 : 68;
53061 : 86;
53062 : 68;
53063 : 86;
53064 : 113;
53065 : 94;
53066 : 77;
53067 : 135;
53068 : 141;
53069 : 130;
53070 : 130;
53071 : 113;
53072 : 141;
53073 : 141;
53074 : 77;
53075 : 125;
53076 : 57;
53077 : 179;
53078 : 34;
53079 : 34;
53080 : 206;
53081 : 42;
53082 : 42;
53083 : 42;
53084 : 42;
53085 : 42;
53086 : 100;
53087 : 57;
53088 : 68;
53089 : 57;
53090 : 49;
53091 : 49;
53092 : 49;
53093 : 42;
53094 : 57;
53095 : 68;
53096 : 57;
53097 : 57;
53098 : 57;
53099 : 49;
53100 : 49;
53101 : 49;
53102 : 68;
53103 : 68;
53104 : 57;
53105 : 94;
53106 : 120;
53107 : 100;
53108 : 77;
53109 : 42;
53110 : 42;
53111 : 77;
53112 : 86;
53113 : 120;
53114 : 125;
53115 : 113;
53116 : 106;
53117 : 125;
53118 : 130;
53119 : 130;
53120 : 135;
53121 : 135;
53122 : 141;
53123 : 135;
53124 : 135;
53125 : 141;
53126 : 141;
53127 : 135;
53128 : 135;
53129 : 141;
53130 : 141;
53131 : 141;
53132 : 135;
53133 : 141;
53134 : 148;
53135 : 155;
53136 : 148;
53137 : 155;
53138 : 162;
53139 : 155;
53140 : 162;
53141 : 162;
53142 : 162;
53143 : 170;
53144 : 179;
53145 : 170;
53146 : 179;
53147 : 179;
53148 : 179;
53149 : 179;
53150 : 192;
53151 : 179;
53152 : 192;
53153 : 192;
53154 : 192;
53155 : 200;
53156 : 200;
53157 : 200;
53158 : 206;
53159 : 206;
53160 : 206;
53161 : 212;
53162 : 212;
53163 : 212;
53164 : 222;
53165 : 222;
53166 : 212;
53167 : 148;
53168 : 49;
53169 : 49;
53170 : 34;
53171 : 49;
53172 : 57;
53173 : 68;
53174 : 57;
53175 : 57;
53176 : 49;
53177 : 49;
53178 : 130;
53179 : 155;
53180 : 141;
53181 : 135;
53182 : 148;
53183 : 148;
53184 : 148;
53185 : 148;
53186 : 141;
53187 : 141;
53188 : 141;
53189 : 135;
53190 : 141;
53191 : 141;
53192 : 141;
53193 : 141;
53194 : 141;
53195 : 141;
53196 : 141;
53197 : 141;
53198 : 135;
53199 : 130;
53200 : 135;
53201 : 135;
53202 : 135;
53203 : 125;
53204 : 130;
53205 : 130;
53206 : 125;
53207 : 120;
53208 : 125;
53209 : 130;
53210 : 141;
53211 : 130;
53212 : 130;
53213 : 120;
53214 : 162;
53215 : 200;
53216 : 206;
53217 : 212;
53218 : 212;
53219 : 212;
53220 : 212;
53221 : 212;
53222 : 212;
53223 : 206;
53224 : 200;
53225 : 179;
53226 : 162;
53227 : 125;
53228 : 86;
53229 : 57;
53230 : 77;
53231 : 94;
53232 : 94;
53233 : 94;
53234 : 86;
53235 : 94;
53236 : 94;
53237 : 100;
53238 : 106;
53239 : 113;
53240 : 113;
53241 : 106;
53242 : 94;
53243 : 100;
53244 : 94;
53245 : 94;
53246 : 106;
53247 : 100;
53248 : 57;
53249 : 86;
53250 : 113;
53251 : 130;
53252 : 141;
53253 : 148;
53254 : 162;
53255 : 162;
53256 : 155;
53257 : 141;
53258 : 130;
53259 : 100;
53260 : 49;
53261 : 42;
53262 : 57;
53263 : 100;
53264 : 130;
53265 : 148;
53266 : 162;
53267 : 170;
53268 : 179;
53269 : 170;
53270 : 179;
53271 : 170;
53272 : 179;
53273 : 179;
53274 : 179;
53275 : 179;
53276 : 162;
53277 : 155;
53278 : 141;
53279 : 192;
53280 : 94;
53281 : 130;
53282 : 86;
53283 : 42;
53284 : 34;
53285 : 42;
53286 : 49;
53287 : 34;
53288 : 42;
53289 : 49;
53290 : 34;
53291 : 68;
53292 : 68;
53293 : 49;
53294 : 57;
53295 : 57;
53296 : 49;
53297 : 42;
53298 : 42;
53299 : 57;
53300 : 113;
53301 : 106;
53302 : 57;
53303 : 68;
53304 : 42;
53305 : 49;
53306 : 42;
53307 : 106;
53308 : 57;
53309 : 34;
53310 : 49;
53311 : 77;
53312 : 100;
53313 : 100;
53314 : 42;
53315 : 68;
53316 : 77;
53317 : 77;
53318 : 68;
53319 : 86;
53320 : 120;
53321 : 100;
53322 : 86;
53323 : 130;
53324 : 135;
53325 : 130;
53326 : 130;
53327 : 135;
53328 : 141;
53329 : 148;
53330 : 68;
53331 : 130;
53332 : 42;
53333 : 200;
53334 : 141;
53335 : 42;
53336 : 222;
53337 : 57;
53338 : 34;
53339 : 42;
53340 : 34;
53341 : 42;
53342 : 94;
53343 : 57;
53344 : 49;
53345 : 68;
53346 : 49;
53347 : 49;
53348 : 49;
53349 : 49;
53350 : 49;
53351 : 57;
53352 : 68;
53353 : 57;
53354 : 49;
53355 : 49;
53356 : 49;
53357 : 42;
53358 : 77;
53359 : 57;
53360 : 68;
53361 : 100;
53362 : 120;
53363 : 113;
53364 : 94;
53365 : 42;
53366 : 42;
53367 : 77;
53368 : 86;
53369 : 120;
53370 : 125;
53371 : 100;
53372 : 113;
53373 : 141;
53374 : 135;
53375 : 125;
53376 : 130;
53377 : 135;
53378 : 135;
53379 : 135;
53380 : 141;
53381 : 141;
53382 : 141;
53383 : 141;
53384 : 135;
53385 : 141;
53386 : 141;
53387 : 141;
53388 : 148;
53389 : 141;
53390 : 148;
53391 : 148;
53392 : 155;
53393 : 155;
53394 : 155;
53395 : 162;
53396 : 162;
53397 : 162;
53398 : 170;
53399 : 162;
53400 : 170;
53401 : 170;
53402 : 170;
53403 : 170;
53404 : 179;
53405 : 192;
53406 : 179;
53407 : 179;
53408 : 192;
53409 : 192;
53410 : 192;
53411 : 192;
53412 : 200;
53413 : 200;
53414 : 206;
53415 : 206;
53416 : 206;
53417 : 212;
53418 : 206;
53419 : 212;
53420 : 212;
53421 : 212;
53422 : 222;
53423 : 222;
53424 : 100;
53425 : 57;
53426 : 42;
53427 : 49;
53428 : 57;
53429 : 68;
53430 : 57;
53431 : 68;
53432 : 34;
53433 : 49;
53434 : 148;
53435 : 155;
53436 : 135;
53437 : 135;
53438 : 148;
53439 : 148;
53440 : 148;
53441 : 148;
53442 : 141;
53443 : 148;
53444 : 141;
53445 : 141;
53446 : 148;
53447 : 141;
53448 : 141;
53449 : 141;
53450 : 141;
53451 : 148;
53452 : 141;
53453 : 141;
53454 : 135;
53455 : 141;
53456 : 135;
53457 : 130;
53458 : 135;
53459 : 130;
53460 : 130;
53461 : 130;
53462 : 125;
53463 : 125;
53464 : 130;
53465 : 135;
53466 : 141;
53467 : 135;
53468 : 125;
53469 : 125;
53470 : 179;
53471 : 200;
53472 : 212;
53473 : 212;
53474 : 212;
53475 : 212;
53476 : 212;
53477 : 212;
53478 : 212;
53479 : 206;
53480 : 200;
53481 : 179;
53482 : 141;
53483 : 94;
53484 : 68;
53485 : 68;
53486 : 86;
53487 : 100;
53488 : 94;
53489 : 86;
53490 : 94;
53491 : 94;
53492 : 100;
53493 : 100;
53494 : 106;
53495 : 113;
53496 : 106;
53497 : 100;
53498 : 100;
53499 : 94;
53500 : 94;
53501 : 100;
53502 : 100;
53503 : 106;
53504 : 42;
53505 : 68;
53506 : 100;
53507 : 120;
53508 : 141;
53509 : 162;
53510 : 162;
53511 : 170;
53512 : 162;
53513 : 148;
53514 : 135;
53515 : 106;
53516 : 57;
53517 : 42;
53518 : 68;
53519 : 94;
53520 : 130;
53521 : 148;
53522 : 162;
53523 : 170;
53524 : 179;
53525 : 179;
53526 : 170;
53527 : 179;
53528 : 179;
53529 : 179;
53530 : 179;
53531 : 170;
53532 : 162;
53533 : 155;
53534 : 148;
53535 : 200;
53536 : 135;
53537 : 120;
53538 : 77;
53539 : 57;
53540 : 42;
53541 : 42;
53542 : 49;
53543 : 34;
53544 : 42;
53545 : 42;
53546 : 42;
53547 : 100;
53548 : 49;
53549 : 49;
53550 : 49;
53551 : 49;
53552 : 49;
53553 : 42;
53554 : 34;
53555 : 86;
53556 : 113;
53557 : 68;
53558 : 34;
53559 : 86;
53560 : 57;
53561 : 42;
53562 : 34;
53563 : 77;
53564 : 106;
53565 : 49;
53566 : 42;
53567 : 77;
53568 : 77;
53569 : 77;
53570 : 106;
53571 : 57;
53572 : 68;
53573 : 86;
53574 : 68;
53575 : 77;
53576 : 57;
53577 : 106;
53578 : 86;
53579 : 125;
53580 : 100;
53581 : 106;
53582 : 125;
53583 : 141;
53584 : 170;
53585 : 179;
53586 : 141;
53587 : 100;
53588 : 34;
53589 : 34;
53590 : 200;
53591 : 49;
53592 : 222;
53593 : 106;
53594 : 34;
53595 : 34;
53596 : 34;
53597 : 34;
53598 : 86;
53599 : 57;
53600 : 49;
53601 : 68;
53602 : 49;
53603 : 49;
53604 : 42;
53605 : 42;
53606 : 57;
53607 : 57;
53608 : 57;
53609 : 57;
53610 : 68;
53611 : 49;
53612 : 49;
53613 : 49;
53614 : 68;
53615 : 57;
53616 : 77;
53617 : 113;
53618 : 125;
53619 : 113;
53620 : 100;
53621 : 49;
53622 : 42;
53623 : 77;
53624 : 86;
53625 : 106;
53626 : 113;
53627 : 120;
53628 : 130;
53629 : 135;
53630 : 130;
53631 : 130;
53632 : 130;
53633 : 135;
53634 : 135;
53635 : 141;
53636 : 141;
53637 : 141;
53638 : 135;
53639 : 135;
53640 : 141;
53641 : 141;
53642 : 141;
53643 : 148;
53644 : 141;
53645 : 148;
53646 : 148;
53647 : 155;
53648 : 148;
53649 : 148;
53650 : 155;
53651 : 162;
53652 : 162;
53653 : 162;
53654 : 162;
53655 : 170;
53656 : 170;
53657 : 170;
53658 : 179;
53659 : 179;
53660 : 179;
53661 : 179;
53662 : 179;
53663 : 179;
53664 : 192;
53665 : 192;
53666 : 200;
53667 : 192;
53668 : 200;
53669 : 200;
53670 : 200;
53671 : 200;
53672 : 206;
53673 : 206;
53674 : 212;
53675 : 212;
53676 : 222;
53677 : 212;
53678 : 222;
53679 : 222;
53680 : 206;
53681 : 68;
53682 : 42;
53683 : 49;
53684 : 49;
53685 : 49;
53686 : 42;
53687 : 68;
53688 : 34;
53689 : 49;
53690 : 170;
53691 : 148;
53692 : 130;
53693 : 141;
53694 : 135;
53695 : 148;
53696 : 141;
53697 : 148;
53698 : 148;
53699 : 141;
53700 : 148;
53701 : 141;
53702 : 148;
53703 : 148;
53704 : 148;
53705 : 141;
53706 : 141;
53707 : 141;
53708 : 141;
53709 : 135;
53710 : 141;
53711 : 135;
53712 : 135;
53713 : 141;
53714 : 135;
53715 : 130;
53716 : 120;
53717 : 125;
53718 : 130;
53719 : 125;
53720 : 130;
53721 : 135;
53722 : 135;
53723 : 135;
53724 : 141;
53725 : 135;
53726 : 179;
53727 : 206;
53728 : 212;
53729 : 212;
53730 : 212;
53731 : 212;
53732 : 212;
53733 : 212;
53734 : 212;
53735 : 206;
53736 : 192;
53737 : 162;
53738 : 113;
53739 : 77;
53740 : 77;
53741 : 77;
53742 : 94;
53743 : 94;
53744 : 86;
53745 : 100;
53746 : 100;
53747 : 100;
53748 : 106;
53749 : 113;
53750 : 120;
53751 : 113;
53752 : 100;
53753 : 86;
53754 : 94;
53755 : 94;
53756 : 100;
53757 : 106;
53758 : 106;
53759 : 106;
53760 : 34;
53761 : 57;
53762 : 86;
53763 : 113;
53764 : 135;
53765 : 162;
53766 : 162;
53767 : 170;
53768 : 170;
53769 : 155;
53770 : 135;
53771 : 113;
53772 : 57;
53773 : 42;
53774 : 57;
53775 : 94;
53776 : 130;
53777 : 148;
53778 : 162;
53779 : 170;
53780 : 179;
53781 : 179;
53782 : 179;
53783 : 179;
53784 : 170;
53785 : 179;
53786 : 179;
53787 : 170;
53788 : 170;
53789 : 155;
53790 : 148;
53791 : 130;
53792 : 135;
53793 : 120;
53794 : 135;
53795 : 34;
53796 : 34;
53797 : 42;
53798 : 49;
53799 : 42;
53800 : 57;
53801 : 34;
53802 : 68;
53803 : 86;
53804 : 42;
53805 : 49;
53806 : 42;
53807 : 68;
53808 : 57;
53809 : 49;
53810 : 49;
53811 : 86;
53812 : 125;
53813 : 86;
53814 : 42;
53815 : 77;
53816 : 57;
53817 : 34;
53818 : 34;
53819 : 34;
53820 : 100;
53821 : 57;
53822 : 34;
53823 : 57;
53824 : 86;
53825 : 57;
53826 : 86;
53827 : 100;
53828 : 57;
53829 : 113;
53830 : 94;
53831 : 77;
53832 : 57;
53833 : 68;
53834 : 94;
53835 : 130;
53836 : 86;
53837 : 130;
53838 : 130;
53839 : 106;
53840 : 155;
53841 : 170;
53842 : 148;
53843 : 68;
53844 : 34;
53845 : 34;
53846 : 94;
53847 : 106;
53848 : 200;
53849 : 170;
53850 : 34;
53851 : 42;
53852 : 34;
53853 : 42;
53854 : 77;
53855 : 57;
53856 : 49;
53857 : 68;
53858 : 49;
53859 : 49;
53860 : 49;
53861 : 42;
53862 : 49;
53863 : 57;
53864 : 77;
53865 : 68;
53866 : 49;
53867 : 57;
53868 : 57;
53869 : 42;
53870 : 57;
53871 : 57;
53872 : 86;
53873 : 113;
53874 : 120;
53875 : 113;
53876 : 94;
53877 : 57;
53878 : 42;
53879 : 57;
53880 : 77;
53881 : 100;
53882 : 125;
53883 : 120;
53884 : 130;
53885 : 135;
53886 : 135;
53887 : 130;
53888 : 130;
53889 : 130;
53890 : 135;
53891 : 135;
53892 : 141;
53893 : 141;
53894 : 141;
53895 : 148;
53896 : 141;
53897 : 141;
53898 : 141;
53899 : 141;
53900 : 148;
53901 : 141;
53902 : 148;
53903 : 148;
53904 : 148;
53905 : 155;
53906 : 155;
53907 : 162;
53908 : 162;
53909 : 162;
53910 : 162;
53911 : 170;
53912 : 170;
53913 : 170;
53914 : 170;
53915 : 170;
53916 : 179;
53917 : 179;
53918 : 192;
53919 : 179;
53920 : 192;
53921 : 192;
53922 : 192;
53923 : 192;
53924 : 200;
53925 : 200;
53926 : 200;
53927 : 206;
53928 : 206;
53929 : 206;
53930 : 206;
53931 : 212;
53932 : 212;
53933 : 212;
53934 : 222;
53935 : 222;
53936 : 222;
53937 : 162;
53938 : 34;
53939 : 42;
53940 : 49;
53941 : 57;
53942 : 49;
53943 : 68;
53944 : 34;
53945 : 42;
53946 : 179;
53947 : 141;
53948 : 130;
53949 : 135;
53950 : 148;
53951 : 155;
53952 : 148;
53953 : 148;
53954 : 141;
53955 : 148;
53956 : 141;
53957 : 148;
53958 : 148;
53959 : 141;
53960 : 135;
53961 : 141;
53962 : 135;
53963 : 141;
53964 : 141;
53965 : 135;
53966 : 135;
53967 : 135;
53968 : 141;
53969 : 135;
53970 : 135;
53971 : 130;
53972 : 130;
53973 : 130;
53974 : 125;
53975 : 125;
53976 : 130;
53977 : 130;
53978 : 141;
53979 : 148;
53980 : 141;
53981 : 148;
53982 : 179;
53983 : 206;
53984 : 212;
53985 : 212;
53986 : 212;
53987 : 212;
53988 : 212;
53989 : 212;
53990 : 206;
53991 : 206;
53992 : 192;
53993 : 155;
53994 : 86;
53995 : 77;
53996 : 77;
53997 : 86;
53998 : 94;
53999 : 86;
54000 : 86;
54001 : 100;
54002 : 100;
54003 : 100;
54004 : 106;
54005 : 113;
54006 : 113;
54007 : 94;
54008 : 86;
54009 : 94;
54010 : 94;
54011 : 100;
54012 : 106;
54013 : 106;
54014 : 100;
54015 : 100;
54016 : 34;
54017 : 42;
54018 : 57;
54019 : 106;
54020 : 130;
54021 : 155;
54022 : 170;
54023 : 170;
54024 : 170;
54025 : 155;
54026 : 148;
54027 : 120;
54028 : 57;
54029 : 42;
54030 : 49;
54031 : 77;
54032 : 130;
54033 : 148;
54034 : 162;
54035 : 170;
54036 : 179;
54037 : 170;
54038 : 179;
54039 : 170;
54040 : 179;
54041 : 179;
54042 : 179;
54043 : 170;
54044 : 170;
54045 : 155;
54046 : 148;
54047 : 130;
54048 : 106;
54049 : 179;
54050 : 86;
54051 : 34;
54052 : 34;
54053 : 49;
54054 : 42;
54055 : 42;
54056 : 42;
54057 : 49;
54058 : 86;
54059 : 49;
54060 : 42;
54061 : 49;
54062 : 49;
54063 : 49;
54064 : 49;
54065 : 49;
54066 : 49;
54067 : 100;
54068 : 130;
54069 : 94;
54070 : 42;
54071 : 86;
54072 : 68;
54073 : 34;
54074 : 34;
54075 : 42;
54076 : 42;
54077 : 100;
54078 : 68;
54079 : 42;
54080 : 94;
54081 : 57;
54082 : 77;
54083 : 106;
54084 : 86;
54085 : 86;
54086 : 106;
54087 : 113;
54088 : 106;
54089 : 68;
54090 : 86;
54091 : 106;
54092 : 77;
54093 : 148;
54094 : 130;
54095 : 120;
54096 : 135;
54097 : 179;
54098 : 130;
54099 : 106;
54100 : 49;
54101 : 34;
54102 : 68;
54103 : 179;
54104 : 200;
54105 : 206;
54106 : 34;
54107 : 42;
54108 : 34;
54109 : 42;
54110 : 77;
54111 : 57;
54112 : 57;
54113 : 77;
54114 : 57;
54115 : 49;
54116 : 42;
54117 : 49;
54118 : 49;
54119 : 49;
54120 : 77;
54121 : 57;
54122 : 49;
54123 : 57;
54124 : 49;
54125 : 49;
54126 : 57;
54127 : 57;
54128 : 94;
54129 : 113;
54130 : 113;
54131 : 113;
54132 : 94;
54133 : 42;
54134 : 34;
54135 : 68;
54136 : 86;
54137 : 106;
54138 : 113;
54139 : 130;
54140 : 130;
54141 : 135;
54142 : 130;
54143 : 135;
54144 : 135;
54145 : 135;
54146 : 130;
54147 : 141;
54148 : 135;
54149 : 135;
54150 : 141;
54151 : 141;
54152 : 141;
54153 : 141;
54154 : 141;
54155 : 141;
54156 : 148;
54157 : 148;
54158 : 148;
54159 : 148;
54160 : 155;
54161 : 148;
54162 : 155;
54163 : 155;
54164 : 162;
54165 : 155;
54166 : 162;
54167 : 162;
54168 : 162;
54169 : 170;
54170 : 170;
54171 : 170;
54172 : 179;
54173 : 179;
54174 : 179;
54175 : 179;
54176 : 179;
54177 : 192;
54178 : 192;
54179 : 192;
54180 : 192;
54181 : 200;
54182 : 200;
54183 : 206;
54184 : 206;
54185 : 206;
54186 : 206;
54187 : 212;
54188 : 212;
54189 : 212;
54190 : 212;
54191 : 222;
54192 : 222;
54193 : 222;
54194 : 49;
54195 : 34;
54196 : 42;
54197 : 49;
54198 : 42;
54199 : 49;
54200 : 34;
54201 : 49;
54202 : 162;
54203 : 148;
54204 : 130;
54205 : 141;
54206 : 155;
54207 : 148;
54208 : 148;
54209 : 148;
54210 : 141;
54211 : 148;
54212 : 141;
54213 : 141;
54214 : 141;
54215 : 141;
54216 : 141;
54217 : 141;
54218 : 141;
54219 : 141;
54220 : 135;
54221 : 141;
54222 : 135;
54223 : 141;
54224 : 130;
54225 : 130;
54226 : 135;
54227 : 125;
54228 : 130;
54229 : 125;
54230 : 125;
54231 : 120;
54232 : 120;
54233 : 135;
54234 : 155;
54235 : 162;
54236 : 179;
54237 : 179;
54238 : 200;
54239 : 206;
54240 : 212;
54241 : 222;
54242 : 212;
54243 : 212;
54244 : 212;
54245 : 206;
54246 : 212;
54247 : 200;
54248 : 170;
54249 : 125;
54250 : 86;
54251 : 77;
54252 : 86;
54253 : 94;
54254 : 86;
54255 : 94;
54256 : 94;
54257 : 100;
54258 : 106;
54259 : 113;
54260 : 113;
54261 : 113;
54262 : 94;
54263 : 100;
54264 : 86;
54265 : 86;
54266 : 94;
54267 : 106;
54268 : 100;
54269 : 106;
54270 : 100;
54271 : 100;
54272 : 34;
54273 : 34;
54274 : 49;
54275 : 106;
54276 : 155;
54277 : 155;
54278 : 170;
54279 : 162;
54280 : 170;
54281 : 162;
54282 : 148;
54283 : 125;
54284 : 68;
54285 : 34;
54286 : 42;
54287 : 94;
54288 : 130;
54289 : 141;
54290 : 162;
54291 : 170;
54292 : 179;
54293 : 179;
54294 : 179;
54295 : 179;
54296 : 170;
54297 : 179;
54298 : 179;
54299 : 179;
54300 : 170;
54301 : 162;
54302 : 148;
54303 : 125;
54304 : 86;
54305 : 135;
54306 : 86;
54307 : 42;
54308 : 49;
54309 : 49;
54310 : 49;
54311 : 42;
54312 : 49;
54313 : 68;
54314 : 49;
54315 : 49;
54316 : 42;
54317 : 42;
54318 : 57;
54319 : 49;
54320 : 42;
54321 : 42;
54322 : 49;
54323 : 86;
54324 : 135;
54325 : 49;
54326 : 34;
54327 : 68;
54328 : 68;
54329 : 42;
54330 : 34;
54331 : 42;
54332 : 34;
54333 : 57;
54334 : 100;
54335 : 86;
54336 : 100;
54337 : 68;
54338 : 49;
54339 : 68;
54340 : 94;
54341 : 77;
54342 : 130;
54343 : 106;
54344 : 113;
54345 : 86;
54346 : 77;
54347 : 86;
54348 : 77;
54349 : 141;
54350 : 135;
54351 : 162;
54352 : 120;
54353 : 148;
54354 : 113;
54355 : 34;
54356 : 68;
54357 : 42;
54358 : 57;
54359 : 206;
54360 : 170;
54361 : 206;
54362 : 49;
54363 : 42;
54364 : 34;
54365 : 34;
54366 : 86;
54367 : 49;
54368 : 68;
54369 : 86;
54370 : 49;
54371 : 57;
54372 : 42;
54373 : 49;
54374 : 57;
54375 : 57;
54376 : 68;
54377 : 57;
54378 : 49;
54379 : 49;
54380 : 49;
54381 : 42;
54382 : 49;
54383 : 57;
54384 : 94;
54385 : 113;
54386 : 113;
54387 : 113;
54388 : 100;
54389 : 57;
54390 : 42;
54391 : 68;
54392 : 100;
54393 : 100;
54394 : 120;
54395 : 120;
54396 : 125;
54397 : 135;
54398 : 120;
54399 : 130;
54400 : 135;
54401 : 130;
54402 : 130;
54403 : 135;
54404 : 135;
54405 : 135;
54406 : 135;
54407 : 141;
54408 : 141;
54409 : 141;
54410 : 141;
54411 : 141;
54412 : 148;
54413 : 148;
54414 : 148;
54415 : 148;
54416 : 148;
54417 : 148;
54418 : 155;
54419 : 148;
54420 : 162;
54421 : 155;
54422 : 162;
54423 : 170;
54424 : 170;
54425 : 170;
54426 : 170;
54427 : 170;
54428 : 170;
54429 : 179;
54430 : 179;
54431 : 179;
54432 : 192;
54433 : 179;
54434 : 179;
54435 : 192;
54436 : 200;
54437 : 200;
54438 : 200;
54439 : 206;
54440 : 206;
54441 : 212;
54442 : 206;
54443 : 212;
54444 : 212;
54445 : 222;
54446 : 222;
54447 : 212;
54448 : 222;
54449 : 222;
54450 : 170;
54451 : 34;
54452 : 34;
54453 : 49;
54454 : 34;
54455 : 42;
54456 : 34;
54457 : 68;
54458 : 148;
54459 : 162;
54460 : 135;
54461 : 141;
54462 : 148;
54463 : 148;
54464 : 148;
54465 : 148;
54466 : 141;
54467 : 148;
54468 : 141;
54469 : 141;
54470 : 141;
54471 : 141;
54472 : 141;
54473 : 148;
54474 : 141;
54475 : 135;
54476 : 141;
54477 : 135;
54478 : 130;
54479 : 135;
54480 : 130;
54481 : 135;
54482 : 135;
54483 : 125;
54484 : 130;
54485 : 120;
54486 : 120;
54487 : 113;
54488 : 135;
54489 : 155;
54490 : 170;
54491 : 179;
54492 : 192;
54493 : 192;
54494 : 200;
54495 : 212;
54496 : 212;
54497 : 212;
54498 : 212;
54499 : 222;
54500 : 212;
54501 : 212;
54502 : 200;
54503 : 200;
54504 : 155;
54505 : 106;
54506 : 86;
54507 : 86;
54508 : 94;
54509 : 94;
54510 : 94;
54511 : 86;
54512 : 100;
54513 : 100;
54514 : 106;
54515 : 113;
54516 : 113;
54517 : 100;
54518 : 94;
54519 : 86;
54520 : 86;
54521 : 86;
54522 : 100;
54523 : 106;
54524 : 100;
54525 : 100;
54526 : 100;
54527 : 100;
54528 : 34;
54529 : 42;
54530 : 57;
54531 : 86;
54532 : 120;
54533 : 148;
54534 : 170;
54535 : 170;
54536 : 170;
54537 : 162;
54538 : 155;
54539 : 130;
54540 : 34;
54541 : 42;
54542 : 49;
54543 : 86;
54544 : 130;
54545 : 148;
54546 : 162;
54547 : 170;
54548 : 179;
54549 : 179;
54550 : 179;
54551 : 170;
54552 : 179;
54553 : 179;
54554 : 179;
54555 : 170;
54556 : 170;
54557 : 162;
54558 : 148;
54559 : 130;
54560 : 106;
54561 : 100;
54562 : 162;
54563 : 42;
54564 : 42;
54565 : 49;
54566 : 49;
54567 : 42;
54568 : 49;
54569 : 57;
54570 : 57;
54571 : 49;
54572 : 49;
54573 : 42;
54574 : 49;
54575 : 42;
54576 : 49;
54577 : 42;
54578 : 49;
54579 : 106;
54580 : 148;
54581 : 49;
54582 : 34;
54583 : 57;
54584 : 77;
54585 : 49;
54586 : 42;
54587 : 49;
54588 : 49;
54589 : 57;
54590 : 49;
54591 : 77;
54592 : 86;
54593 : 77;
54594 : 49;
54595 : 77;
54596 : 68;
54597 : 100;
54598 : 94;
54599 : 106;
54600 : 86;
54601 : 86;
54602 : 77;
54603 : 94;
54604 : 77;
54605 : 120;
54606 : 148;
54607 : 148;
54608 : 148;
54609 : 141;
54610 : 162;
54611 : 34;
54612 : 34;
54613 : 86;
54614 : 34;
54615 : 206;
54616 : 179;
54617 : 179;
54618 : 34;
54619 : 34;
54620 : 34;
54621 : 42;
54622 : 68;
54623 : 49;
54624 : 77;
54625 : 94;
54626 : 42;
54627 : 57;
54628 : 42;
54629 : 49;
54630 : 42;
54631 : 57;
54632 : 77;
54633 : 49;
54634 : 49;
54635 : 49;
54636 : 49;
54637 : 49;
54638 : 57;
54639 : 86;
54640 : 106;
54641 : 113;
54642 : 106;
54643 : 94;
54644 : 106;
54645 : 68;
54646 : 34;
54647 : 49;
54648 : 94;
54649 : 120;
54650 : 120;
54651 : 125;
54652 : 130;
54653 : 130;
54654 : 130;
54655 : 130;
54656 : 135;
54657 : 141;
54658 : 135;
54659 : 141;
54660 : 141;
54661 : 135;
54662 : 141;
54663 : 135;
54664 : 135;
54665 : 141;
54666 : 141;
54667 : 141;
54668 : 148;
54669 : 148;
54670 : 148;
54671 : 148;
54672 : 155;
54673 : 148;
54674 : 155;
54675 : 155;
54676 : 155;
54677 : 155;
54678 : 162;
54679 : 162;
54680 : 162;
54681 : 170;
54682 : 170;
54683 : 179;
54684 : 179;
54685 : 179;
54686 : 179;
54687 : 192;
54688 : 179;
54689 : 192;
54690 : 192;
54691 : 192;
54692 : 192;
54693 : 200;
54694 : 200;
54695 : 206;
54696 : 206;
54697 : 206;
54698 : 206;
54699 : 212;
54700 : 212;
54701 : 212;
54702 : 212;
54703 : 222;
54704 : 222;
54705 : 222;
54706 : 222;
54707 : 34;
54708 : 42;
54709 : 34;
54710 : 34;
54711 : 42;
54712 : 34;
54713 : 86;
54714 : 148;
54715 : 155;
54716 : 130;
54717 : 148;
54718 : 148;
54719 : 148;
54720 : 148;
54721 : 148;
54722 : 148;
54723 : 148;
54724 : 141;
54725 : 148;
54726 : 141;
54727 : 148;
54728 : 141;
54729 : 141;
54730 : 135;
54731 : 135;
54732 : 135;
54733 : 135;
54734 : 135;
54735 : 130;
54736 : 135;
54737 : 135;
54738 : 130;
54739 : 125;
54740 : 125;
54741 : 125;
54742 : 120;
54743 : 130;
54744 : 148;
54745 : 170;
54746 : 192;
54747 : 200;
54748 : 200;
54749 : 200;
54750 : 212;
54751 : 212;
54752 : 212;
54753 : 222;
54754 : 212;
54755 : 212;
54756 : 212;
54757 : 212;
54758 : 200;
54759 : 179;
54760 : 141;
54761 : 94;
54762 : 86;
54763 : 86;
54764 : 94;
54765 : 94;
54766 : 94;
54767 : 100;
54768 : 100;
54769 : 106;
54770 : 113;
54771 : 113;
54772 : 106;
54773 : 100;
54774 : 86;
54775 : 86;
54776 : 86;
54777 : 100;
54778 : 100;
54779 : 100;
54780 : 100;
54781 : 94;
54782 : 106;
54783 : 100;
54784 : 34;
54785 : 49;
54786 : 49;
54787 : 68;
54788 : 120;
54789 : 155;
54790 : 170;
54791 : 179;
54792 : 170;
54793 : 162;
54794 : 148;
54795 : 113;
54796 : 49;
54797 : 34;
54798 : 42;
54799 : 86;
54800 : 125;
54801 : 148;
54802 : 155;
54803 : 170;
54804 : 179;
54805 : 179;
54806 : 179;
54807 : 179;
54808 : 179;
54809 : 179;
54810 : 179;
54811 : 179;
54812 : 170;
54813 : 162;
54814 : 148;
54815 : 130;
54816 : 148;
54817 : 130;
54818 : 57;
54819 : 42;
54820 : 57;
54821 : 42;
54822 : 42;
54823 : 49;
54824 : 57;
54825 : 49;
54826 : 49;
54827 : 49;
54828 : 42;
54829 : 49;
54830 : 49;
54831 : 57;
54832 : 49;
54833 : 49;
54834 : 57;
54835 : 148;
54836 : 130;
54837 : 57;
54838 : 34;
54839 : 42;
54840 : 86;
54841 : 68;
54842 : 42;
54843 : 68;
54844 : 49;
54845 : 49;
54846 : 68;
54847 : 42;
54848 : 49;
54849 : 49;
54850 : 49;
54851 : 100;
54852 : 49;
54853 : 100;
54854 : 94;
54855 : 106;
54856 : 86;
54857 : 86;
54858 : 77;
54859 : 77;
54860 : 77;
54861 : 113;
54862 : 130;
54863 : 155;
54864 : 106;
54865 : 192;
54866 : 125;
54867 : 77;
54868 : 42;
54869 : 42;
54870 : 57;
54871 : 206;
54872 : 179;
54873 : 113;
54874 : 42;
54875 : 42;
54876 : 42;
54877 : 57;
54878 : 86;
54879 : 49;
54880 : 68;
54881 : 77;
54882 : 57;
54883 : 57;
54884 : 49;
54885 : 57;
54886 : 49;
54887 : 57;
54888 : 68;
54889 : 57;
54890 : 42;
54891 : 42;
54892 : 49;
54893 : 57;
54894 : 57;
54895 : 86;
54896 : 106;
54897 : 100;
54898 : 94;
54899 : 113;
54900 : 113;
54901 : 68;
54902 : 49;
54903 : 57;
54904 : 94;
54905 : 100;
54906 : 120;
54907 : 130;
54908 : 130;
54909 : 125;
54910 : 125;
54911 : 130;
54912 : 135;
54913 : 141;
54914 : 135;
54915 : 141;
54916 : 135;
54917 : 135;
54918 : 135;
54919 : 141;
54920 : 141;
54921 : 141;
54922 : 141;
54923 : 141;
54924 : 141;
54925 : 141;
54926 : 148;
54927 : 141;
54928 : 148;
54929 : 148;
54930 : 155;
54931 : 155;
54932 : 155;
54933 : 162;
54934 : 155;
54935 : 162;
54936 : 170;
54937 : 170;
54938 : 162;
54939 : 170;
54940 : 170;
54941 : 179;
54942 : 179;
54943 : 179;
54944 : 192;
54945 : 179;
54946 : 192;
54947 : 192;
54948 : 192;
54949 : 200;
54950 : 200;
54951 : 206;
54952 : 206;
54953 : 212;
54954 : 206;
54955 : 212;
54956 : 212;
54957 : 212;
54958 : 222;
54959 : 222;
54960 : 212;
54961 : 222;
54962 : 222;
54963 : 148;
54964 : 34;
54965 : 34;
54966 : 42;
54967 : 42;
54968 : 34;
54969 : 113;
54970 : 148;
54971 : 148;
54972 : 130;
54973 : 148;
54974 : 148;
54975 : 148;
54976 : 148;
54977 : 148;
54978 : 141;
54979 : 148;
54980 : 148;
54981 : 148;
54982 : 141;
54983 : 141;
54984 : 141;
54985 : 141;
54986 : 135;
54987 : 141;
54988 : 135;
54989 : 135;
54990 : 135;
54991 : 135;
54992 : 135;
54993 : 130;
54994 : 125;
54995 : 130;
54996 : 120;
54997 : 125;
54998 : 125;
54999 : 148;
55000 : 170;
55001 : 192;
55002 : 200;
55003 : 200;
55004 : 200;
55005 : 206;
55006 : 212;
55007 : 212;
55008 : 222;
55009 : 212;
55010 : 212;
55011 : 212;
55012 : 212;
55013 : 206;
55014 : 192;
55015 : 162;
55016 : 113;
55017 : 86;
55018 : 86;
55019 : 94;
55020 : 94;
55021 : 86;
55022 : 100;
55023 : 106;
55024 : 106;
55025 : 113;
55026 : 113;
55027 : 113;
55028 : 106;
55029 : 94;
55030 : 94;
55031 : 94;
55032 : 94;
55033 : 106;
55034 : 106;
55035 : 100;
55036 : 94;
55037 : 94;
55038 : 100;
55039 : 106;
55040 : 34;
55041 : 34;
55042 : 49;
55043 : 57;
55044 : 120;
55045 : 148;
55046 : 162;
55047 : 170;
55048 : 170;
55049 : 162;
55050 : 141;
55051 : 120;
55052 : 57;
55053 : 34;
55054 : 42;
55055 : 86;
55056 : 125;
55057 : 141;
55058 : 162;
55059 : 170;
55060 : 179;
55061 : 179;
55062 : 170;
55063 : 179;
55064 : 179;
55065 : 179;
55066 : 179;
55067 : 179;
55068 : 170;
55069 : 162;
55070 : 148;
55071 : 135;
55072 : 200;
55073 : 125;
55074 : 42;
55075 : 42;
55076 : 57;
55077 : 34;
55078 : 49;
55079 : 68;
55080 : 49;
55081 : 49;
55082 : 42;
55083 : 49;
55084 : 34;
55085 : 49;
55086 : 57;
55087 : 42;
55088 : 42;
55089 : 34;
55090 : 68;
55091 : 148;
55092 : 120;
55093 : 49;
55094 : 42;
55095 : 42;
55096 : 68;
55097 : 57;
55098 : 34;
55099 : 77;
55100 : 49;
55101 : 42;
55102 : 77;
55103 : 42;
55104 : 34;
55105 : 57;
55106 : 49;
55107 : 77;
55108 : 57;
55109 : 77;
55110 : 86;
55111 : 106;
55112 : 113;
55113 : 100;
55114 : 86;
55115 : 68;
55116 : 94;
55117 : 125;
55118 : 148;
55119 : 125;
55120 : 135;
55121 : 162;
55122 : 94;
55123 : 141;
55124 : 34;
55125 : 42;
55126 : 42;
55127 : 206;
55128 : 192;
55129 : 49;
55130 : 57;
55131 : 34;
55132 : 34;
55133 : 42;
55134 : 86;
55135 : 42;
55136 : 77;
55137 : 77;
55138 : 49;
55139 : 57;
55140 : 49;
55141 : 42;
55142 : 49;
55143 : 57;
55144 : 68;
55145 : 68;
55146 : 42;
55147 : 42;
55148 : 49;
55149 : 57;
55150 : 57;
55151 : 86;
55152 : 100;
55153 : 106;
55154 : 113;
55155 : 120;
55156 : 113;
55157 : 77;
55158 : 42;
55159 : 57;
55160 : 86;
55161 : 113;
55162 : 120;
55163 : 130;
55164 : 130;
55165 : 130;
55166 : 135;
55167 : 135;
55168 : 135;
55169 : 135;
55170 : 135;
55171 : 135;
55172 : 141;
55173 : 135;
55174 : 135;
55175 : 135;
55176 : 141;
55177 : 135;
55178 : 141;
55179 : 141;
55180 : 141;
55181 : 148;
55182 : 148;
55183 : 148;
55184 : 148;
55185 : 155;
55186 : 148;
55187 : 155;
55188 : 155;
55189 : 155;
55190 : 162;
55191 : 162;
55192 : 162;
55193 : 170;
55194 : 170;
55195 : 170;
55196 : 170;
55197 : 179;
55198 : 179;
55199 : 179;
55200 : 179;
55201 : 192;
55202 : 192;
55203 : 192;
55204 : 192;
55205 : 200;
55206 : 200;
55207 : 200;
55208 : 206;
55209 : 206;
55210 : 212;
55211 : 212;
55212 : 212;
55213 : 212;
55214 : 212;
55215 : 212;
55216 : 222;
55217 : 222;
55218 : 222;
55219 : 212;
55220 : 34;
55221 : 49;
55222 : 34;
55223 : 34;
55224 : 34;
55225 : 148;
55226 : 148;
55227 : 141;
55228 : 148;
55229 : 148;
55230 : 148;
55231 : 148;
55232 : 148;
55233 : 141;
55234 : 148;
55235 : 141;
55236 : 148;
55237 : 148;
55238 : 141;
55239 : 141;
55240 : 141;
55241 : 141;
55242 : 141;
55243 : 135;
55244 : 130;
55245 : 135;
55246 : 130;
55247 : 130;
55248 : 130;
55249 : 130;
55250 : 130;
55251 : 120;
55252 : 120;
55253 : 120;
55254 : 125;
55255 : 170;
55256 : 192;
55257 : 200;
55258 : 206;
55259 : 206;
55260 : 200;
55261 : 200;
55262 : 212;
55263 : 212;
55264 : 212;
55265 : 212;
55266 : 222;
55267 : 212;
55268 : 206;
55269 : 200;
55270 : 179;
55271 : 148;
55272 : 100;
55273 : 86;
55274 : 94;
55275 : 94;
55276 : 94;
55277 : 86;
55278 : 100;
55279 : 106;
55280 : 113;
55281 : 113;
55282 : 120;
55283 : 113;
55284 : 94;
55285 : 86;
55286 : 94;
55287 : 86;
55288 : 100;
55289 : 106;
55290 : 100;
55291 : 100;
55292 : 100;
55293 : 100;
55294 : 106;
55295 : 100;
55296 : 34;
55297 : 34;
55298 : 34;
55299 : 57;
55300 : 120;
55301 : 148;
55302 : 155;
55303 : 170;
55304 : 170;
55305 : 162;
55306 : 148;
55307 : 113;
55308 : 57;
55309 : 34;
55310 : 49;
55311 : 77;
55312 : 125;
55313 : 148;
55314 : 162;
55315 : 170;
55316 : 179;
55317 : 179;
55318 : 179;
55319 : 179;
55320 : 170;
55321 : 179;
55322 : 179;
55323 : 179;
55324 : 170;
55325 : 162;
55326 : 148;
55327 : 135;
55328 : 179;
55329 : 113;
55330 : 77;
55331 : 49;
55332 : 49;
55333 : 49;
55334 : 57;
55335 : 57;
55336 : 49;
55337 : 42;
55338 : 49;
55339 : 42;
55340 : 42;
55341 : 42;
55342 : 49;
55343 : 34;
55344 : 34;
55345 : 34;
55346 : 155;
55347 : 130;
55348 : 106;
55349 : 57;
55350 : 49;
55351 : 49;
55352 : 49;
55353 : 49;
55354 : 42;
55355 : 86;
55356 : 57;
55357 : 49;
55358 : 49;
55359 : 68;
55360 : 34;
55361 : 57;
55362 : 49;
55363 : 57;
55364 : 77;
55365 : 86;
55366 : 68;
55367 : 113;
55368 : 120;
55369 : 68;
55370 : 77;
55371 : 68;
55372 : 57;
55373 : 113;
55374 : 155;
55375 : 135;
55376 : 141;
55377 : 155;
55378 : 77;
55379 : 179;
55380 : 125;
55381 : 77;
55382 : 49;
55383 : 179;
55384 : 141;
55385 : 113;
55386 : 162;
55387 : 34;
55388 : 34;
55389 : 86;
55390 : 77;
55391 : 49;
55392 : 77;
55393 : 57;
55394 : 49;
55395 : 57;
55396 : 57;
55397 : 49;
55398 : 49;
55399 : 57;
55400 : 49;
55401 : 49;
55402 : 68;
55403 : 49;
55404 : 57;
55405 : 57;
55406 : 77;
55407 : 94;
55408 : 113;
55409 : 120;
55410 : 130;
55411 : 120;
55412 : 113;
55413 : 86;
55414 : 42;
55415 : 86;
55416 : 100;
55417 : 106;
55418 : 120;
55419 : 135;
55420 : 130;
55421 : 135;
55422 : 130;
55423 : 130;
55424 : 141;
55425 : 135;
55426 : 130;
55427 : 141;
55428 : 135;
55429 : 141;
55430 : 135;
55431 : 135;
55432 : 135;
55433 : 135;
55434 : 135;
55435 : 141;
55436 : 155;
55437 : 141;
55438 : 148;
55439 : 141;
55440 : 148;
55441 : 148;
55442 : 155;
55443 : 155;
55444 : 155;
55445 : 155;
55446 : 155;
55447 : 162;
55448 : 162;
55449 : 170;
55450 : 162;
55451 : 170;
55452 : 170;
55453 : 179;
55454 : 179;
55455 : 179;
55456 : 179;
55457 : 192;
55458 : 179;
55459 : 192;
55460 : 200;
55461 : 200;
55462 : 200;
55463 : 206;
55464 : 206;
55465 : 206;
55466 : 212;
55467 : 212;
55468 : 206;
55469 : 222;
55470 : 212;
55471 : 212;
55472 : 222;
55473 : 222;
55474 : 222;
55475 : 222;
55476 : 77;
55477 : 34;
55478 : 34;
55479 : 34;
55480 : 34;
55481 : 155;
55482 : 141;
55483 : 141;
55484 : 148;
55485 : 141;
55486 : 148;
55487 : 148;
55488 : 148;
55489 : 148;
55490 : 148;
55491 : 141;
55492 : 141;
55493 : 141;
55494 : 148;
55495 : 141;
55496 : 135;
55497 : 141;
55498 : 135;
55499 : 135;
55500 : 135;
55501 : 130;
55502 : 135;
55503 : 125;
55504 : 125;
55505 : 130;
55506 : 125;
55507 : 130;
55508 : 120;
55509 : 120;
55510 : 141;
55511 : 192;
55512 : 206;
55513 : 212;
55514 : 212;
55515 : 212;
55516 : 206;
55517 : 206;
55518 : 212;
55519 : 212;
55520 : 212;
55521 : 222;
55522 : 212;
55523 : 212;
55524 : 206;
55525 : 192;
55526 : 155;
55527 : 130;
55528 : 94;
55529 : 94;
55530 : 94;
55531 : 86;
55532 : 94;
55533 : 94;
55534 : 100;
55535 : 106;
55536 : 120;
55537 : 113;
55538 : 113;
55539 : 113;
55540 : 94;
55541 : 86;
55542 : 86;
55543 : 86;
55544 : 100;
55545 : 106;
55546 : 106;
55547 : 100;
55548 : 100;
55549 : 100;
55550 : 100;
55551 : 94;
55552 : 34;
55553 : 34;
55554 : 34;
55555 : 57;
55556 : 120;
55557 : 141;
55558 : 162;
55559 : 170;
55560 : 170;
55561 : 170;
55562 : 148;
55563 : 120;
55564 : 49;
55565 : 34;
55566 : 42;
55567 : 86;
55568 : 130;
55569 : 148;
55570 : 162;
55571 : 170;
55572 : 179;
55573 : 179;
55574 : 179;
55575 : 179;
55576 : 179;
55577 : 179;
55578 : 179;
55579 : 170;
55580 : 170;
55581 : 155;
55582 : 148;
55583 : 130;
55584 : 155;
55585 : 57;
55586 : 34;
55587 : 49;
55588 : 57;
55589 : 57;
55590 : 57;
55591 : 42;
55592 : 49;
55593 : 34;
55594 : 49;
55595 : 34;
55596 : 49;
55597 : 49;
55598 : 42;
55599 : 34;
55600 : 34;
55601 : 100;
55602 : 148;
55603 : 125;
55604 : 100;
55605 : 42;
55606 : 42;
55607 : 42;
55608 : 42;
55609 : 57;
55610 : 49;
55611 : 68;
55612 : 49;
55613 : 49;
55614 : 42;
55615 : 49;
55616 : 49;
55617 : 57;
55618 : 49;
55619 : 42;
55620 : 68;
55621 : 57;
55622 : 68;
55623 : 113;
55624 : 135;
55625 : 100;
55626 : 49;
55627 : 57;
55628 : 68;
55629 : 148;
55630 : 141;
55631 : 135;
55632 : 148;
55633 : 162;
55634 : 77;
55635 : 141;
55636 : 148;
55637 : 86;
55638 : 170;
55639 : 170;
55640 : 125;
55641 : 192;
55642 : 192;
55643 : 34;
55644 : 34;
55645 : 68;
55646 : 57;
55647 : 49;
55648 : 68;
55649 : 68;
55650 : 57;
55651 : 49;
55652 : 68;
55653 : 49;
55654 : 49;
55655 : 49;
55656 : 49;
55657 : 49;
55658 : 49;
55659 : 57;
55660 : 57;
55661 : 57;
55662 : 86;
55663 : 113;
55664 : 120;
55665 : 125;
55666 : 120;
55667 : 120;
55668 : 120;
55669 : 86;
55670 : 42;
55671 : 86;
55672 : 100;
55673 : 113;
55674 : 120;
55675 : 135;
55676 : 135;
55677 : 130;
55678 : 141;
55679 : 135;
55680 : 141;
55681 : 141;
55682 : 135;
55683 : 135;
55684 : 141;
55685 : 135;
55686 : 141;
55687 : 141;
55688 : 141;
55689 : 141;
55690 : 141;
55691 : 141;
55692 : 141;
55693 : 148;
55694 : 141;
55695 : 141;
55696 : 148;
55697 : 141;
55698 : 148;
55699 : 155;
55700 : 155;
55701 : 155;
55702 : 162;
55703 : 162;
55704 : 162;
55705 : 162;
55706 : 162;
55707 : 170;
55708 : 170;
55709 : 179;
55710 : 179;
55711 : 179;
55712 : 179;
55713 : 192;
55714 : 192;
55715 : 192;
55716 : 192;
55717 : 192;
55718 : 200;
55719 : 206;
55720 : 206;
55721 : 212;
55722 : 206;
55723 : 212;
55724 : 212;
55725 : 212;
55726 : 212;
55727 : 212;
55728 : 212;
55729 : 222;
55730 : 222;
55731 : 222;
55732 : 162;
55733 : 34;
55734 : 34;
55735 : 34;
55736 : 42;
55737 : 148;
55738 : 141;
55739 : 155;
55740 : 148;
55741 : 148;
55742 : 148;
55743 : 148;
55744 : 141;
55745 : 148;
55746 : 148;
55747 : 148;
55748 : 148;
55749 : 141;
55750 : 141;
55751 : 141;
55752 : 141;
55753 : 135;
55754 : 141;
55755 : 141;
55756 : 135;
55757 : 135;
55758 : 135;
55759 : 130;
55760 : 130;
55761 : 125;
55762 : 125;
55763 : 125;
55764 : 120;
55765 : 125;
55766 : 148;
55767 : 200;
55768 : 212;
55769 : 222;
55770 : 222;
55771 : 212;
55772 : 206;
55773 : 206;
55774 : 212;
55775 : 212;
55776 : 222;
55777 : 212;
55778 : 212;
55779 : 212;
55780 : 200;
55781 : 179;
55782 : 148;
55783 : 106;
55784 : 94;
55785 : 100;
55786 : 94;
55787 : 86;
55788 : 86;
55789 : 94;
55790 : 106;
55791 : 106;
55792 : 106;
55793 : 113;
55794 : 113;
55795 : 100;
55796 : 100;
55797 : 86;
55798 : 86;
55799 : 100;
55800 : 106;
55801 : 100;
55802 : 106;
55803 : 100;
55804 : 94;
55805 : 106;
55806 : 106;
55807 : 86;
55808 : 34;
55809 : 34;
55810 : 34;
55811 : 49;
55812 : 106;
55813 : 141;
55814 : 162;
55815 : 170;
55816 : 170;
55817 : 170;
55818 : 148;
55819 : 125;
55820 : 68;
55821 : 34;
55822 : 42;
55823 : 86;
55824 : 120;
55825 : 148;
55826 : 162;
55827 : 170;
55828 : 179;
55829 : 179;
55830 : 170;
55831 : 170;
55832 : 179;
55833 : 179;
55834 : 179;
55835 : 179;
55836 : 170;
55837 : 162;
55838 : 148;
55839 : 135;
55840 : 148;
55841 : 57;
55842 : 49;
55843 : 57;
55844 : 57;
55845 : 57;
55846 : 42;
55847 : 34;
55848 : 42;
55849 : 42;
55850 : 49;
55851 : 42;
55852 : 49;
55853 : 42;
55854 : 34;
55855 : 42;
55856 : 86;
55857 : 130;
55858 : 57;
55859 : 113;
55860 : 49;
55861 : 49;
55862 : 49;
55863 : 42;
55864 : 49;
55865 : 57;
55866 : 68;
55867 : 68;
55868 : 49;
55869 : 57;
55870 : 34;
55871 : 34;
55872 : 57;
55873 : 68;
55874 : 57;
55875 : 34;
55876 : 86;
55877 : 57;
55878 : 68;
55879 : 49;
55880 : 120;
55881 : 113;
55882 : 57;
55883 : 77;
55884 : 94;
55885 : 148;
55886 : 135;
55887 : 141;
55888 : 155;
55889 : 155;
55890 : 141;
55891 : 86;
55892 : 148;
55893 : 77;
55894 : 170;
55895 : 170;
55896 : 57;
55897 : 94;
55898 : 49;
55899 : 42;
55900 : 42;
55901 : 68;
55902 : 57;
55903 : 49;
55904 : 57;
55905 : 77;
55906 : 68;
55907 : 49;
55908 : 57;
55909 : 49;
55910 : 57;
55911 : 57;
55912 : 42;
55913 : 49;
55914 : 49;
55915 : 49;
55916 : 68;
55917 : 86;
55918 : 100;
55919 : 125;
55920 : 120;
55921 : 125;
55922 : 120;
55923 : 120;
55924 : 113;
55925 : 68;
55926 : 42;
55927 : 86;
55928 : 94;
55929 : 113;
55930 : 120;
55931 : 125;
55932 : 130;
55933 : 130;
55934 : 130;
55935 : 135;
55936 : 135;
55937 : 141;
55938 : 141;
55939 : 135;
55940 : 135;
55941 : 135;
55942 : 135;
55943 : 135;
55944 : 141;
55945 : 141;
55946 : 135;
55947 : 141;
55948 : 141;
55949 : 141;
55950 : 141;
55951 : 141;
55952 : 141;
55953 : 148;
55954 : 148;
55955 : 155;
55956 : 155;
55957 : 155;
55958 : 162;
55959 : 155;
55960 : 162;
55961 : 155;
55962 : 170;
55963 : 162;
55964 : 170;
55965 : 179;
55966 : 170;
55967 : 179;
55968 : 179;
55969 : 179;
55970 : 192;
55971 : 192;
55972 : 192;
55973 : 192;
55974 : 200;
55975 : 200;
55976 : 200;
55977 : 206;
55978 : 206;
55979 : 206;
55980 : 212;
55981 : 212;
55982 : 212;
55983 : 212;
55984 : 222;
55985 : 212;
55986 : 222;
55987 : 222;
55988 : 212;
55989 : 34;
55990 : 34;
55991 : 34;
55992 : 42;
55993 : 141;
55994 : 141;
55995 : 148;
55996 : 141;
55997 : 155;
55998 : 141;
55999 : 148;
56000 : 148;
56001 : 148;
56002 : 141;
56003 : 141;
56004 : 141;
56005 : 141;
56006 : 141;
56007 : 141;
56008 : 141;
56009 : 141;
56010 : 141;
56011 : 135;
56012 : 135;
56013 : 130;
56014 : 130;
56015 : 135;
56016 : 125;
56017 : 130;
56018 : 120;
56019 : 120;
56020 : 120;
56021 : 125;
56022 : 162;
56023 : 200;
56024 : 212;
56025 : 222;
56026 : 212;
56027 : 212;
56028 : 206;
56029 : 212;
56030 : 212;
56031 : 212;
56032 : 222;
56033 : 212;
56034 : 212;
56035 : 206;
56036 : 192;
56037 : 162;
56038 : 135;
56039 : 100;
56040 : 106;
56041 : 100;
56042 : 94;
56043 : 94;
56044 : 94;
56045 : 86;
56046 : 106;
56047 : 113;
56048 : 113;
56049 : 113;
56050 : 106;
56051 : 94;
56052 : 94;
56053 : 86;
56054 : 94;
56055 : 100;
56056 : 106;
56057 : 106;
56058 : 100;
56059 : 94;
56060 : 100;
56061 : 100;
56062 : 86;
56063 : 86;
56064 : 34;
56065 : 34;
56066 : 34;
56067 : 49;
56068 : 113;
56069 : 141;
56070 : 162;
56071 : 179;
56072 : 179;
56073 : 170;
56074 : 148;
56075 : 130;
56076 : 68;
56077 : 34;
56078 : 42;
56079 : 77;
56080 : 125;
56081 : 148;
56082 : 162;
56083 : 170;
56084 : 179;
56085 : 179;
56086 : 179;
56087 : 179;
56088 : 179;
56089 : 179;
56090 : 179;
56091 : 179;
56092 : 170;
56093 : 162;
56094 : 155;
56095 : 135;
56096 : 125;
56097 : 57;
56098 : 57;
56099 : 68;
56100 : 49;
56101 : 49;
56102 : 42;
56103 : 42;
56104 : 49;
56105 : 42;
56106 : 49;
56107 : 42;
56108 : 49;
56109 : 49;
56110 : 49;
56111 : 57;
56112 : 135;
56113 : 57;
56114 : 42;
56115 : 135;
56116 : 68;
56117 : 77;
56118 : 42;
56119 : 49;
56120 : 49;
56121 : 57;
56122 : 77;
56123 : 49;
56124 : 34;
56125 : 57;
56126 : 34;
56127 : 34;
56128 : 49;
56129 : 68;
56130 : 49;
56131 : 34;
56132 : 86;
56133 : 57;
56134 : 57;
56135 : 100;
56136 : 113;
56137 : 113;
56138 : 125;
56139 : 100;
56140 : 100;
56141 : 135;
56142 : 130;
56143 : 148;
56144 : 113;
56145 : 34;
56146 : 141;
56147 : 148;
56148 : 155;
56149 : 192;
56150 : 179;
56151 : 68;
56152 : 34;
56153 : 34;
56154 : 34;
56155 : 100;
56156 : 42;
56157 : 77;
56158 : 49;
56159 : 57;
56160 : 68;
56161 : 57;
56162 : 68;
56163 : 42;
56164 : 57;
56165 : 49;
56166 : 49;
56167 : 57;
56168 : 57;
56169 : 49;
56170 : 57;
56171 : 68;
56172 : 68;
56173 : 77;
56174 : 113;
56175 : 120;
56176 : 125;
56177 : 125;
56178 : 125;
56179 : 120;
56180 : 100;
56181 : 57;
56182 : 42;
56183 : 94;
56184 : 94;
56185 : 113;
56186 : 125;
56187 : 130;
56188 : 130;
56189 : 130;
56190 : 130;
56191 : 135;
56192 : 141;
56193 : 141;
56194 : 135;
56195 : 141;
56196 : 135;
56197 : 135;
56198 : 135;
56199 : 135;
56200 : 135;
56201 : 135;
56202 : 141;
56203 : 141;
56204 : 141;
56205 : 141;
56206 : 141;
56207 : 148;
56208 : 141;
56209 : 148;
56210 : 148;
56211 : 148;
56212 : 155;
56213 : 155;
56214 : 155;
56215 : 162;
56216 : 155;
56217 : 162;
56218 : 162;
56219 : 162;
56220 : 170;
56221 : 179;
56222 : 179;
56223 : 179;
56224 : 179;
56225 : 179;
56226 : 179;
56227 : 192;
56228 : 192;
56229 : 200;
56230 : 200;
56231 : 200;
56232 : 206;
56233 : 206;
56234 : 206;
56235 : 206;
56236 : 212;
56237 : 212;
56238 : 212;
56239 : 212;
56240 : 212;
56241 : 212;
56242 : 222;
56243 : 222;
56244 : 212;
56245 : 49;
56246 : 34;
56247 : 34;
56248 : 57;
56249 : 141;
56250 : 141;
56251 : 148;
56252 : 141;
56253 : 155;
56254 : 148;
56255 : 141;
56256 : 148;
56257 : 148;
56258 : 141;
56259 : 148;
56260 : 141;
56261 : 141;
56262 : 141;
56263 : 141;
56264 : 141;
56265 : 141;
56266 : 141;
56267 : 135;
56268 : 135;
56269 : 130;
56270 : 130;
56271 : 135;
56272 : 130;
56273 : 125;
56274 : 120;
56275 : 125;
56276 : 120;
56277 : 125;
56278 : 179;
56279 : 206;
56280 : 212;
56281 : 222;
56282 : 212;
56283 : 206;
56284 : 206;
56285 : 212;
56286 : 212;
56287 : 212;
56288 : 222;
56289 : 212;
56290 : 212;
56291 : 200;
56292 : 179;
56293 : 148;
56294 : 125;
56295 : 106;
56296 : 106;
56297 : 100;
56298 : 100;
56299 : 94;
56300 : 94;
56301 : 100;
56302 : 113;
56303 : 120;
56304 : 120;
56305 : 106;
56306 : 100;
56307 : 94;
56308 : 86;
56309 : 86;
56310 : 100;
56311 : 106;
56312 : 106;
56313 : 100;
56314 : 100;
56315 : 94;
56316 : 94;
56317 : 94;
56318 : 86;
56319 : 77;
56320 : 34;
56321 : 34;
56322 : 34;
56323 : 49;
56324 : 113;
56325 : 135;
56326 : 155;
56327 : 170;
56328 : 170;
56329 : 162;
56330 : 148;
56331 : 125;
56332 : 94;
56333 : 34;
56334 : 42;
56335 : 77;
56336 : 130;
56337 : 148;
56338 : 162;
56339 : 170;
56340 : 179;
56341 : 170;
56342 : 179;
56343 : 170;
56344 : 179;
56345 : 170;
56346 : 179;
56347 : 170;
56348 : 162;
56349 : 155;
56350 : 155;
56351 : 141;
56352 : 113;
56353 : 106;
56354 : 57;
56355 : 57;
56356 : 49;
56357 : 34;
56358 : 42;
56359 : 49;
56360 : 49;
56361 : 42;
56362 : 49;
56363 : 42;
56364 : 42;
56365 : 68;
56366 : 77;
56367 : 77;
56368 : 42;
56369 : 42;
56370 : 49;
56371 : 130;
56372 : 86;
56373 : 57;
56374 : 49;
56375 : 42;
56376 : 34;
56377 : 68;
56378 : 57;
56379 : 57;
56380 : 34;
56381 : 49;
56382 : 42;
56383 : 42;
56384 : 49;
56385 : 68;
56386 : 57;
56387 : 34;
56388 : 77;
56389 : 86;
56390 : 57;
56391 : 42;
56392 : 57;
56393 : 57;
56394 : 106;
56395 : 125;
56396 : 135;
56397 : 125;
56398 : 130;
56399 : 155;
56400 : 113;
56401 : 86;
56402 : 94;
56403 : 130;
56404 : 135;
56405 : 155;
56406 : 148;
56407 : 179;
56408 : 135;
56409 : 68;
56410 : 86;
56411 : 34;
56412 : 49;
56413 : 77;
56414 : 49;
56415 : 57;
56416 : 57;
56417 : 68;
56418 : 57;
56419 : 57;
56420 : 68;
56421 : 57;
56422 : 57;
56423 : 57;
56424 : 49;
56425 : 49;
56426 : 49;
56427 : 77;
56428 : 68;
56429 : 86;
56430 : 113;
56431 : 125;
56432 : 130;
56433 : 125;
56434 : 120;
56435 : 130;
56436 : 106;
56437 : 57;
56438 : 42;
56439 : 86;
56440 : 100;
56441 : 113;
56442 : 125;
56443 : 130;
56444 : 135;
56445 : 135;
56446 : 135;
56447 : 141;
56448 : 135;
56449 : 135;
56450 : 141;
56451 : 141;
56452 : 135;
56453 : 130;
56454 : 135;
56455 : 135;
56456 : 135;
56457 : 135;
56458 : 135;
56459 : 141;
56460 : 141;
56461 : 141;
56462 : 141;
56463 : 141;
56464 : 141;
56465 : 148;
56466 : 148;
56467 : 148;
56468 : 148;
56469 : 148;
56470 : 155;
56471 : 155;
56472 : 162;
56473 : 162;
56474 : 162;
56475 : 170;
56476 : 170;
56477 : 170;
56478 : 179;
56479 : 179;
56480 : 179;
56481 : 192;
56482 : 192;
56483 : 192;
56484 : 192;
56485 : 192;
56486 : 200;
56487 : 200;
56488 : 206;
56489 : 206;
56490 : 206;
56491 : 206;
56492 : 206;
56493 : 212;
56494 : 212;
56495 : 212;
56496 : 222;
56497 : 212;
56498 : 222;
56499 : 212;
56500 : 222;
56501 : 135;
56502 : 34;
56503 : 34;
56504 : 68;
56505 : 135;
56506 : 141;
56507 : 148;
56508 : 141;
56509 : 155;
56510 : 141;
56511 : 141;
56512 : 135;
56513 : 141;
56514 : 141;
56515 : 135;
56516 : 135;
56517 : 141;
56518 : 135;
56519 : 141;
56520 : 135;
56521 : 141;
56522 : 135;
56523 : 135;
56524 : 135;
56525 : 135;
56526 : 135;
56527 : 130;
56528 : 130;
56529 : 125;
56530 : 125;
56531 : 120;
56532 : 125;
56533 : 130;
56534 : 192;
56535 : 206;
56536 : 212;
56537 : 212;
56538 : 206;
56539 : 206;
56540 : 206;
56541 : 212;
56542 : 212;
56543 : 222;
56544 : 212;
56545 : 212;
56546 : 212;
56547 : 192;
56548 : 162;
56549 : 135;
56550 : 120;
56551 : 113;
56552 : 113;
56553 : 100;
56554 : 100;
56555 : 94;
56556 : 94;
56557 : 100;
56558 : 106;
56559 : 113;
56560 : 113;
56561 : 113;
56562 : 100;
56563 : 94;
56564 : 86;
56565 : 94;
56566 : 100;
56567 : 100;
56568 : 100;
56569 : 106;
56570 : 94;
56571 : 94;
56572 : 86;
56573 : 94;
56574 : 86;
56575 : 77;
56576 : 34;
56577 : 34;
56578 : 34;
56579 : 42;
56580 : 100;
56581 : 148;
56582 : 155;
56583 : 170;
56584 : 170;
56585 : 170;
56586 : 155;
56587 : 130;
56588 : 86;
56589 : 42;
56590 : 42;
56591 : 57;
56592 : 120;
56593 : 148;
56594 : 162;
56595 : 170;
56596 : 179;
56597 : 179;
56598 : 170;
56599 : 170;
56600 : 170;
56601 : 170;
56602 : 170;
56603 : 170;
56604 : 170;
56605 : 162;
56606 : 148;
56607 : 130;
56608 : 125;
56609 : 135;
56610 : 57;
56611 : 49;
56612 : 49;
56613 : 49;
56614 : 49;
56615 : 49;
56616 : 42;
56617 : 49;
56618 : 57;
56619 : 49;
56620 : 49;
56621 : 86;
56622 : 77;
56623 : 42;
56624 : 49;
56625 : 49;
56626 : 57;
56627 : 77;
56628 : 86;
56629 : 77;
56630 : 34;
56631 : 49;
56632 : 42;
56633 : 68;
56634 : 49;
56635 : 68;
56636 : 42;
56637 : 42;
56638 : 49;
56639 : 49;
56640 : 49;
56641 : 86;
56642 : 34;
56643 : 57;
56644 : 86;
56645 : 86;
56646 : 68;
56647 : 42;
56648 : 34;
56649 : 57;
56650 : 86;
56651 : 130;
56652 : 141;
56653 : 120;
56654 : 113;
56655 : 141;
56656 : 135;
56657 : 106;
56658 : 68;
56659 : 34;
56660 : 77;
56661 : 120;
56662 : 106;
56663 : 155;
56664 : 170;
56665 : 148;
56666 : 162;
56667 : 120;
56668 : 130;
56669 : 106;
56670 : 57;
56671 : 68;
56672 : 34;
56673 : 57;
56674 : 94;
56675 : 77;
56676 : 57;
56677 : 49;
56678 : 57;
56679 : 57;
56680 : 49;
56681 : 49;
56682 : 49;
56683 : 68;
56684 : 77;
56685 : 94;
56686 : 113;
56687 : 125;
56688 : 120;
56689 : 125;
56690 : 125;
56691 : 120;
56692 : 94;
56693 : 57;
56694 : 57;
56695 : 94;
56696 : 100;
56697 : 120;
56698 : 125;
56699 : 125;
56700 : 135;
56701 : 135;
56702 : 130;
56703 : 135;
56704 : 141;
56705 : 141;
56706 : 141;
56707 : 141;
56708 : 135;
56709 : 135;
56710 : 141;
56711 : 130;
56712 : 135;
56713 : 135;
56714 : 141;
56715 : 135;
56716 : 141;
56717 : 141;
56718 : 141;
56719 : 141;
56720 : 141;
56721 : 148;
56722 : 148;
56723 : 148;
56724 : 155;
56725 : 148;
56726 : 162;
56727 : 155;
56728 : 162;
56729 : 162;
56730 : 162;
56731 : 162;
56732 : 162;
56733 : 170;
56734 : 162;
56735 : 179;
56736 : 179;
56737 : 179;
56738 : 179;
56739 : 192;
56740 : 192;
56741 : 192;
56742 : 200;
56743 : 200;
56744 : 200;
56745 : 200;
56746 : 206;
56747 : 206;
56748 : 206;
56749 : 212;
56750 : 212;
56751 : 212;
56752 : 212;
56753 : 212;
56754 : 212;
56755 : 222;
56756 : 222;
56757 : 192;
56758 : 34;
56759 : 34;
56760 : 100;
56761 : 130;
56762 : 141;
56763 : 148;
56764 : 148;
56765 : 148;
56766 : 155;
56767 : 141;
56768 : 141;
56769 : 141;
56770 : 141;
56771 : 141;
56772 : 135;
56773 : 141;
56774 : 141;
56775 : 135;
56776 : 141;
56777 : 135;
56778 : 135;
56779 : 141;
56780 : 135;
56781 : 141;
56782 : 135;
56783 : 130;
56784 : 130;
56785 : 125;
56786 : 125;
56787 : 125;
56788 : 130;
56789 : 141;
56790 : 179;
56791 : 206;
56792 : 212;
56793 : 212;
56794 : 212;
56795 : 200;
56796 : 206;
56797 : 212;
56798 : 212;
56799 : 222;
56800 : 212;
56801 : 212;
56802 : 200;
56803 : 179;
56804 : 148;
56805 : 125;
56806 : 120;
56807 : 120;
56808 : 106;
56809 : 106;
56810 : 94;
56811 : 100;
56812 : 100;
56813 : 106;
56814 : 100;
56815 : 113;
56816 : 106;
56817 : 100;
56818 : 100;
56819 : 94;
56820 : 86;
56821 : 86;
56822 : 100;
56823 : 106;
56824 : 100;
56825 : 106;
56826 : 100;
56827 : 106;
56828 : 86;
56829 : 86;
56830 : 86;
56831 : 77;
56832 : 34;
56833 : 34;
56834 : 34;
56835 : 42;
56836 : 86;
56837 : 130;
56838 : 162;
56839 : 170;
56840 : 170;
56841 : 170;
56842 : 155;
56843 : 135;
56844 : 86;
56845 : 34;
56846 : 42;
56847 : 77;
56848 : 120;
56849 : 148;
56850 : 162;
56851 : 170;
56852 : 179;
56853 : 179;
56854 : 179;
56855 : 179;
56856 : 179;
56857 : 170;
56858 : 179;
56859 : 179;
56860 : 170;
56861 : 162;
56862 : 148;
56863 : 148;
56864 : 135;
56865 : 113;
56866 : 68;
56867 : 42;
56868 : 42;
56869 : 49;
56870 : 42;
56871 : 42;
56872 : 49;
56873 : 42;
56874 : 57;
56875 : 42;
56876 : 49;
56877 : 77;
56878 : 57;
56879 : 49;
56880 : 57;
56881 : 49;
56882 : 49;
56883 : 86;
56884 : 77;
56885 : 57;
56886 : 49;
56887 : 49;
56888 : 68;
56889 : 57;
56890 : 49;
56891 : 68;
56892 : 42;
56893 : 57;
56894 : 42;
56895 : 49;
56896 : 42;
56897 : 77;
56898 : 34;
56899 : 57;
56900 : 106;
56901 : 57;
56902 : 57;
56903 : 34;
56904 : 34;
56905 : 49;
56906 : 94;
56907 : 125;
56908 : 155;
56909 : 100;
56910 : 141;
56911 : 100;
56912 : 141;
56913 : 77;
56914 : 100;
56915 : 34;
56916 : 34;
56917 : 86;
56918 : 34;
56919 : 34;
56920 : 34;
56921 : 113;
56922 : 34;
56923 : 57;
56924 : 135;
56925 : 148;
56926 : 130;
56927 : 170;
56928 : 141;
56929 : 113;
56930 : 57;
56931 : 57;
56932 : 49;
56933 : 57;
56934 : 49;
56935 : 57;
56936 : 49;
56937 : 49;
56938 : 68;
56939 : 68;
56940 : 94;
56941 : 106;
56942 : 120;
56943 : 130;
56944 : 120;
56945 : 130;
56946 : 130;
56947 : 120;
56948 : 86;
56949 : 49;
56950 : 77;
56951 : 94;
56952 : 100;
56953 : 125;
56954 : 130;
56955 : 130;
56956 : 135;
56957 : 135;
56958 : 130;
56959 : 135;
56960 : 141;
56961 : 135;
56962 : 141;
56963 : 141;
56964 : 141;
56965 : 141;
56966 : 141;
56967 : 135;
56968 : 141;
56969 : 135;
56970 : 135;
56971 : 135;
56972 : 141;
56973 : 135;
56974 : 141;
56975 : 148;
56976 : 141;
56977 : 141;
56978 : 148;
56979 : 155;
56980 : 148;
56981 : 155;
56982 : 148;
56983 : 155;
56984 : 155;
56985 : 155;
56986 : 162;
56987 : 170;
56988 : 170;
56989 : 170;
56990 : 170;
56991 : 170;
56992 : 170;
56993 : 192;
56994 : 179;
56995 : 179;
56996 : 192;
56997 : 192;
56998 : 200;
56999 : 192;
57000 : 200;
57001 : 200;
57002 : 206;
57003 : 206;
57004 : 206;
57005 : 206;
57006 : 212;
57007 : 212;
57008 : 222;
57009 : 212;
57010 : 212;
57011 : 222;
57012 : 212;
57013 : 222;
57014 : 34;
57015 : 34;
57016 : 120;
57017 : 135;
57018 : 141;
57019 : 148;
57020 : 148;
57021 : 141;
57022 : 162;
57023 : 148;
57024 : 141;
57025 : 141;
57026 : 141;
57027 : 148;
57028 : 141;
57029 : 135;
57030 : 141;
57031 : 135;
57032 : 141;
57033 : 135;
57034 : 135;
57035 : 141;
57036 : 135;
57037 : 130;
57038 : 135;
57039 : 125;
57040 : 125;
57041 : 120;
57042 : 120;
57043 : 125;
57044 : 125;
57045 : 141;
57046 : 192;
57047 : 206;
57048 : 212;
57049 : 212;
57050 : 206;
57051 : 200;
57052 : 206;
57053 : 206;
57054 : 212;
57055 : 222;
57056 : 212;
57057 : 212;
57058 : 200;
57059 : 170;
57060 : 135;
57061 : 120;
57062 : 113;
57063 : 113;
57064 : 100;
57065 : 100;
57066 : 100;
57067 : 100;
57068 : 100;
57069 : 106;
57070 : 106;
57071 : 113;
57072 : 106;
57073 : 100;
57074 : 94;
57075 : 86;
57076 : 86;
57077 : 94;
57078 : 106;
57079 : 106;
57080 : 100;
57081 : 94;
57082 : 94;
57083 : 94;
57084 : 86;
57085 : 94;
57086 : 94;
57087 : 86;
57088 : 34;
57089 : 34;
57090 : 34;
57091 : 42;
57092 : 77;
57093 : 125;
57094 : 155;
57095 : 162;
57096 : 170;
57097 : 170;
57098 : 162;
57099 : 141;
57100 : 86;
57101 : 34;
57102 : 42;
57103 : 68;
57104 : 120;
57105 : 148;
57106 : 162;
57107 : 170;
57108 : 179;
57109 : 179;
57110 : 170;
57111 : 179;
57112 : 179;
57113 : 179;
57114 : 179;
57115 : 170;
57116 : 170;
57117 : 162;
57118 : 148;
57119 : 148;
57120 : 120;
57121 : 94;
57122 : 57;
57123 : 42;
57124 : 57;
57125 : 49;
57126 : 42;
57127 : 57;
57128 : 49;
57129 : 49;
57130 : 49;
57131 : 42;
57132 : 57;
57133 : 49;
57134 : 42;
57135 : 57;
57136 : 49;
57137 : 49;
57138 : 57;
57139 : 68;
57140 : 68;
57141 : 57;
57142 : 49;
57143 : 57;
57144 : 68;
57145 : 49;
57146 : 42;
57147 : 68;
57148 : 57;
57149 : 42;
57150 : 49;
57151 : 49;
57152 : 57;
57153 : 68;
57154 : 57;
57155 : 42;
57156 : 113;
57157 : 34;
57158 : 34;
57159 : 86;
57160 : 42;
57161 : 68;
57162 : 94;
57163 : 120;
57164 : 113;
57165 : 94;
57166 : 141;
57167 : 86;
57168 : 125;
57169 : 135;
57170 : 130;
57171 : 42;
57172 : 42;
57173 : 42;
57174 : 57;
57175 : 42;
57176 : 49;
57177 : 34;
57178 : 34;
57179 : 42;
57180 : 68;
57181 : 49;
57182 : 57;
57183 : 100;
57184 : 42;
57185 : 106;
57186 : 106;
57187 : 77;
57188 : 49;
57189 : 49;
57190 : 57;
57191 : 49;
57192 : 49;
57193 : 49;
57194 : 68;
57195 : 86;
57196 : 86;
57197 : 106;
57198 : 125;
57199 : 120;
57200 : 125;
57201 : 130;
57202 : 130;
57203 : 125;
57204 : 77;
57205 : 42;
57206 : 77;
57207 : 100;
57208 : 106;
57209 : 130;
57210 : 135;
57211 : 130;
57212 : 135;
57213 : 135;
57214 : 135;
57215 : 141;
57216 : 141;
57217 : 141;
57218 : 141;
57219 : 135;
57220 : 135;
57221 : 135;
57222 : 141;
57223 : 135;
57224 : 130;
57225 : 135;
57226 : 135;
57227 : 135;
57228 : 135;
57229 : 141;
57230 : 141;
57231 : 141;
57232 : 141;
57233 : 148;
57234 : 148;
57235 : 148;
57236 : 148;
57237 : 148;
57238 : 148;
57239 : 162;
57240 : 155;
57241 : 155;
57242 : 155;
57243 : 162;
57244 : 162;
57245 : 170;
57246 : 170;
57247 : 170;
57248 : 170;
57249 : 179;
57250 : 179;
57251 : 192;
57252 : 192;
57253 : 192;
57254 : 192;
57255 : 200;
57256 : 200;
57257 : 200;
57258 : 206;
57259 : 206;
57260 : 206;
57261 : 206;
57262 : 212;
57263 : 212;
57264 : 212;
57265 : 212;
57266 : 212;
57267 : 222;
57268 : 212;
57269 : 212;
57270 : 86;
57271 : 34;
57272 : 125;
57273 : 135;
57274 : 141;
57275 : 148;
57276 : 141;
57277 : 148;
57278 : 148;
57279 : 141;
57280 : 141;
57281 : 148;
57282 : 148;
57283 : 141;
57284 : 141;
57285 : 135;
57286 : 135;
57287 : 141;
57288 : 135;
57289 : 141;
57290 : 135;
57291 : 135;
57292 : 135;
57293 : 135;
57294 : 135;
57295 : 135;
57296 : 130;
57297 : 130;
57298 : 130;
57299 : 125;
57300 : 135;
57301 : 141;
57302 : 192;
57303 : 200;
57304 : 212;
57305 : 212;
57306 : 206;
57307 : 200;
57308 : 206;
57309 : 212;
57310 : 212;
57311 : 222;
57312 : 212;
57313 : 206;
57314 : 192;
57315 : 155;
57316 : 130;
57317 : 120;
57318 : 113;
57319 : 120;
57320 : 106;
57321 : 100;
57322 : 100;
57323 : 86;
57324 : 106;
57325 : 100;
57326 : 100;
57327 : 100;
57328 : 100;
57329 : 94;
57330 : 86;
57331 : 86;
57332 : 94;
57333 : 100;
57334 : 106;
57335 : 106;
57336 : 106;
57337 : 86;
57338 : 94;
57339 : 94;
57340 : 94;
57341 : 94;
57342 : 86;
57343 : 86;
57344 : 34;
57345 : 34;
57346 : 34;
57347 : 42;
57348 : 57;
57349 : 130;
57350 : 148;
57351 : 170;
57352 : 170;
57353 : 170;
57354 : 162;
57355 : 135;
57356 : 94;
57357 : 34;
57358 : 49;
57359 : 68;
57360 : 120;
57361 : 141;
57362 : 155;
57363 : 170;
57364 : 179;
57365 : 179;
57366 : 179;
57367 : 179;
57368 : 179;
57369 : 179;
57370 : 179;
57371 : 179;
57372 : 162;
57373 : 162;
57374 : 141;
57375 : 148;
57376 : 120;
57377 : 86;
57378 : 57;
57379 : 42;
57380 : 49;
57381 : 68;
57382 : 42;
57383 : 42;
57384 : 42;
57385 : 42;
57386 : 57;
57387 : 49;
57388 : 49;
57389 : 49;
57390 : 57;
57391 : 68;
57392 : 49;
57393 : 49;
57394 : 57;
57395 : 77;
57396 : 68;
57397 : 57;
57398 : 49;
57399 : 57;
57400 : 42;
57401 : 57;
57402 : 49;
57403 : 68;
57404 : 68;
57405 : 49;
57406 : 34;
57407 : 34;
57408 : 57;
57409 : 49;
57410 : 34;
57411 : 57;
57412 : 113;
57413 : 86;
57414 : 34;
57415 : 57;
57416 : 94;
57417 : 77;
57418 : 86;
57419 : 100;
57420 : 120;
57421 : 120;
57422 : 94;
57423 : 130;
57424 : 106;
57425 : 130;
57426 : 141;
57427 : 135;
57428 : 34;
57429 : 57;
57430 : 106;
57431 : 42;
57432 : 68;
57433 : 34;
57434 : 42;
57435 : 68;
57436 : 68;
57437 : 49;
57438 : 49;
57439 : 68;
57440 : 49;
57441 : 57;
57442 : 57;
57443 : 113;
57444 : 57;
57445 : 49;
57446 : 49;
57447 : 42;
57448 : 49;
57449 : 68;
57450 : 77;
57451 : 86;
57452 : 94;
57453 : 113;
57454 : 120;
57455 : 130;
57456 : 125;
57457 : 130;
57458 : 130;
57459 : 120;
57460 : 86;
57461 : 49;
57462 : 86;
57463 : 100;
57464 : 120;
57465 : 135;
57466 : 135;
57467 : 130;
57468 : 135;
57469 : 141;
57470 : 141;
57471 : 135;
57472 : 148;
57473 : 135;
57474 : 141;
57475 : 141;
57476 : 141;
57477 : 141;
57478 : 135;
57479 : 135;
57480 : 135;
57481 : 135;
57482 : 135;
57483 : 141;
57484 : 141;
57485 : 135;
57486 : 141;
57487 : 141;
57488 : 141;
57489 : 141;
57490 : 141;
57491 : 148;
57492 : 148;
57493 : 148;
57494 : 155;
57495 : 155;
57496 : 162;
57497 : 162;
57498 : 162;
57499 : 162;
57500 : 170;
57501 : 162;
57502 : 170;
57503 : 170;
57504 : 170;
57505 : 179;
57506 : 179;
57507 : 192;
57508 : 192;
57509 : 192;
57510 : 200;
57511 : 200;
57512 : 200;
57513 : 200;
57514 : 200;
57515 : 212;
57516 : 206;
57517 : 206;
57518 : 206;
57519 : 212;
57520 : 212;
57521 : 212;
57522 : 212;
57523 : 212;
57524 : 222;
57525 : 212;
57526 : 170;
57527 : 34;
57528 : 148;
57529 : 130;
57530 : 141;
57531 : 148;
57532 : 148;
57533 : 148;
57534 : 148;
57535 : 141;
57536 : 141;
57537 : 141;
57538 : 135;
57539 : 148;
57540 : 141;
57541 : 135;
57542 : 141;
57543 : 141;
57544 : 135;
57545 : 141;
57546 : 135;
57547 : 141;
57548 : 141;
57549 : 135;
57550 : 130;
57551 : 130;
57552 : 125;
57553 : 130;
57554 : 130;
57555 : 130;
57556 : 130;
57557 : 141;
57558 : 170;
57559 : 200;
57560 : 206;
57561 : 206;
57562 : 206;
57563 : 200;
57564 : 206;
57565 : 212;
57566 : 222;
57567 : 212;
57568 : 212;
57569 : 200;
57570 : 179;
57571 : 141;
57572 : 120;
57573 : 120;
57574 : 113;
57575 : 113;
57576 : 106;
57577 : 106;
57578 : 100;
57579 : 86;
57580 : 94;
57581 : 100;
57582 : 100;
57583 : 106;
57584 : 86;
57585 : 86;
57586 : 86;
57587 : 94;
57588 : 100;
57589 : 100;
57590 : 100;
57591 : 106;
57592 : 100;
57593 : 86;
57594 : 100;
57595 : 94;
57596 : 86;
57597 : 94;
57598 : 94;
57599 : 100;
57600 : 34;
57601 : 34;
57602 : 34;
57603 : 34;
57604 : 68;
57605 : 113;
57606 : 155;
57607 : 155;
57608 : 170;
57609 : 170;
57610 : 162;
57611 : 135;
57612 : 94;
57613 : 49;
57614 : 49;
57615 : 77;
57616 : 120;
57617 : 148;
57618 : 155;
57619 : 170;
57620 : 170;
57621 : 179;
57622 : 179;
57623 : 170;
57624 : 179;
57625 : 179;
57626 : 179;
57627 : 179;
57628 : 170;
57629 : 162;
57630 : 135;
57631 : 162;
57632 : 125;
57633 : 113;
57634 : 57;
57635 : 57;
57636 : 34;
57637 : 49;
57638 : 42;
57639 : 49;
57640 : 42;
57641 : 49;
57642 : 49;
57643 : 42;
57644 : 42;
57645 : 68;
57646 : 68;
57647 : 68;
57648 : 42;
57649 : 57;
57650 : 49;
57651 : 68;
57652 : 57;
57653 : 57;
57654 : 68;
57655 : 42;
57656 : 42;
57657 : 57;
57658 : 49;
57659 : 49;
57660 : 86;
57661 : 42;
57662 : 42;
57663 : 49;
57664 : 57;
57665 : 42;
57666 : 42;
57667 : 94;
57668 : 57;
57669 : 86;
57670 : 86;
57671 : 57;
57672 : 86;
57673 : 106;
57674 : 77;
57675 : 77;
57676 : 86;
57677 : 141;
57678 : 100;
57679 : 106;
57680 : 68;
57681 : 125;
57682 : 135;
57683 : 141;
57684 : 86;
57685 : 49;
57686 : 130;
57687 : 42;
57688 : 49;
57689 : 34;
57690 : 42;
57691 : 68;
57692 : 49;
57693 : 68;
57694 : 49;
57695 : 57;
57696 : 57;
57697 : 57;
57698 : 49;
57699 : 57;
57700 : 68;
57701 : 49;
57702 : 42;
57703 : 42;
57704 : 49;
57705 : 77;
57706 : 86;
57707 : 86;
57708 : 106;
57709 : 113;
57710 : 125;
57711 : 120;
57712 : 130;
57713 : 135;
57714 : 125;
57715 : 113;
57716 : 77;
57717 : 57;
57718 : 86;
57719 : 113;
57720 : 125;
57721 : 130;
57722 : 135;
57723 : 135;
57724 : 141;
57725 : 130;
57726 : 141;
57727 : 141;
57728 : 135;
57729 : 141;
57730 : 141;
57731 : 141;
57732 : 141;
57733 : 141;
57734 : 141;
57735 : 135;
57736 : 135;
57737 : 135;
57738 : 135;
57739 : 135;
57740 : 135;
57741 : 141;
57742 : 135;
57743 : 141;
57744 : 141;
57745 : 141;
57746 : 148;
57747 : 148;
57748 : 148;
57749 : 148;
57750 : 155;
57751 : 155;
57752 : 148;
57753 : 162;
57754 : 162;
57755 : 162;
57756 : 170;
57757 : 162;
57758 : 170;
57759 : 162;
57760 : 170;
57761 : 179;
57762 : 179;
57763 : 179;
57764 : 192;
57765 : 192;
57766 : 192;
57767 : 200;
57768 : 200;
57769 : 200;
57770 : 200;
57771 : 206;
57772 : 206;
57773 : 212;
57774 : 206;
57775 : 206;
57776 : 212;
57777 : 212;
57778 : 212;
57779 : 212;
57780 : 212;
57781 : 212;
57782 : 206;
57783 : 34;
57784 : 135;
57785 : 135;
57786 : 141;
57787 : 148;
57788 : 155;
57789 : 148;
57790 : 148;
57791 : 148;
57792 : 141;
57793 : 141;
57794 : 141;
57795 : 141;
57796 : 148;
57797 : 141;
57798 : 141;
57799 : 141;
57800 : 141;
57801 : 141;
57802 : 141;
57803 : 135;
57804 : 141;
57805 : 130;
57806 : 135;
57807 : 130;
57808 : 130;
57809 : 130;
57810 : 135;
57811 : 130;
57812 : 130;
57813 : 135;
57814 : 155;
57815 : 192;
57816 : 200;
57817 : 200;
57818 : 200;
57819 : 200;
57820 : 206;
57821 : 212;
57822 : 222;
57823 : 222;
57824 : 206;
57825 : 200;
57826 : 170;
57827 : 135;
57828 : 120;
57829 : 113;
57830 : 113;
57831 : 113;
57832 : 100;
57833 : 106;
57834 : 94;
57835 : 94;
57836 : 100;
57837 : 100;
57838 : 100;
57839 : 86;
57840 : 68;
57841 : 77;
57842 : 94;
57843 : 100;
57844 : 106;
57845 : 106;
57846 : 100;
57847 : 100;
57848 : 86;
57849 : 100;
57850 : 86;
57851 : 94;
57852 : 100;
57853 : 86;
57854 : 100;
57855 : 100;
57856 : 34;
57857 : 34;
57858 : 34;
57859 : 42;
57860 : 57;
57861 : 120;
57862 : 148;
57863 : 162;
57864 : 170;
57865 : 170;
57866 : 155;
57867 : 141;
57868 : 113;
57869 : 42;
57870 : 57;
57871 : 68;
57872 : 125;
57873 : 141;
57874 : 155;
57875 : 170;
57876 : 179;
57877 : 179;
57878 : 179;
57879 : 170;
57880 : 179;
57881 : 170;
57882 : 179;
57883 : 170;
57884 : 170;
57885 : 155;
57886 : 141;
57887 : 162;
57888 : 141;
57889 : 141;
57890 : 49;
57891 : 68;
57892 : 34;
57893 : 49;
57894 : 42;
57895 : 34;
57896 : 34;
57897 : 57;
57898 : 49;
57899 : 49;
57900 : 100;
57901 : 86;
57902 : 57;
57903 : 49;
57904 : 42;
57905 : 42;
57906 : 57;
57907 : 68;
57908 : 57;
57909 : 68;
57910 : 49;
57911 : 49;
57912 : 49;
57913 : 57;
57914 : 57;
57915 : 49;
57916 : 68;
57917 : 34;
57918 : 42;
57919 : 42;
57920 : 57;
57921 : 49;
57922 : 34;
57923 : 100;
57924 : 68;
57925 : 68;
57926 : 100;
57927 : 57;
57928 : 34;
57929 : 155;
57930 : 100;
57931 : 135;
57932 : 86;
57933 : 135;
57934 : 135;
57935 : 113;
57936 : 77;
57937 : 57;
57938 : 77;
57939 : 120;
57940 : 148;
57941 : 77;
57942 : 100;
57943 : 49;
57944 : 57;
57945 : 34;
57946 : 49;
57947 : 57;
57948 : 57;
57949 : 49;
57950 : 57;
57951 : 57;
57952 : 57;
57953 : 57;
57954 : 49;
57955 : 49;
57956 : 68;
57957 : 49;
57958 : 57;
57959 : 49;
57960 : 57;
57961 : 77;
57962 : 86;
57963 : 94;
57964 : 106;
57965 : 113;
57966 : 125;
57967 : 125;
57968 : 125;
57969 : 130;
57970 : 130;
57971 : 94;
57972 : 49;
57973 : 77;
57974 : 100;
57975 : 106;
57976 : 125;
57977 : 130;
57978 : 135;
57979 : 135;
57980 : 141;
57981 : 141;
57982 : 141;
57983 : 141;
57984 : 135;
57985 : 141;
57986 : 141;
57987 : 141;
57988 : 135;
57989 : 141;
57990 : 141;
57991 : 135;
57992 : 135;
57993 : 135;
57994 : 141;
57995 : 141;
57996 : 135;
57997 : 135;
57998 : 135;
57999 : 141;
58000 : 141;
58001 : 141;
58002 : 141;
58003 : 148;
58004 : 148;
58005 : 148;
58006 : 148;
58007 : 162;
58008 : 155;
58009 : 155;
58010 : 162;
58011 : 162;
58012 : 170;
58013 : 162;
58014 : 162;
58015 : 170;
58016 : 170;
58017 : 170;
58018 : 179;
58019 : 192;
58020 : 179;
58021 : 192;
58022 : 192;
58023 : 192;
58024 : 200;
58025 : 200;
58026 : 200;
58027 : 206;
58028 : 206;
58029 : 206;
58030 : 212;
58031 : 206;
58032 : 212;
58033 : 212;
58034 : 212;
58035 : 212;
58036 : 212;
58037 : 222;
58038 : 212;
58039 : 42;
58040 : 130;
58041 : 141;
58042 : 141;
58043 : 141;
58044 : 141;
58045 : 148;
58046 : 148;
58047 : 141;
58048 : 148;
58049 : 141;
58050 : 148;
58051 : 148;
58052 : 141;
58053 : 148;
58054 : 141;
58055 : 141;
58056 : 141;
58057 : 141;
58058 : 141;
58059 : 141;
58060 : 135;
58061 : 135;
58062 : 130;
58063 : 135;
58064 : 130;
58065 : 135;
58066 : 130;
58067 : 135;
58068 : 135;
58069 : 135;
58070 : 141;
58071 : 155;
58072 : 170;
58073 : 179;
58074 : 179;
58075 : 192;
58076 : 206;
58077 : 212;
58078 : 222;
58079 : 212;
58080 : 206;
58081 : 200;
58082 : 162;
58083 : 130;
58084 : 113;
58085 : 106;
58086 : 113;
58087 : 106;
58088 : 100;
58089 : 100;
58090 : 100;
58091 : 94;
58092 : 100;
58093 : 106;
58094 : 94;
58095 : 86;
58096 : 68;
58097 : 86;
58098 : 100;
58099 : 113;
58100 : 100;
58101 : 100;
58102 : 100;
58103 : 86;
58104 : 86;
58105 : 94;
58106 : 94;
58107 : 100;
58108 : 94;
58109 : 94;
58110 : 94;
58111 : 86;
58112 : 42;
58113 : 49;
58114 : 34;
58115 : 42;
58116 : 49;
58117 : 100;
58118 : 141;
58119 : 162;
58120 : 170;
58121 : 170;
58122 : 162;
58123 : 141;
58124 : 106;
58125 : 68;
58126 : 49;
58127 : 77;
58128 : 120;
58129 : 141;
58130 : 155;
58131 : 170;
58132 : 179;
58133 : 170;
58134 : 179;
58135 : 179;
58136 : 179;
58137 : 179;
58138 : 179;
58139 : 179;
58140 : 170;
58141 : 162;
58142 : 141;
58143 : 155;
58144 : 162;
58145 : 86;
58146 : 49;
58147 : 86;
58148 : 42;
58149 : 34;
58150 : 34;
58151 : 42;
58152 : 34;
58153 : 49;
58154 : 86;
58155 : 94;
58156 : 49;
58157 : 49;
58158 : 42;
58159 : 42;
58160 : 42;
58161 : 57;
58162 : 68;
58163 : 57;
58164 : 57;
58165 : 49;
58166 : 57;
58167 : 49;
58168 : 68;
58169 : 57;
58170 : 57;
58171 : 49;
58172 : 49;
58173 : 68;
58174 : 49;
58175 : 57;
58176 : 42;
58177 : 77;
58178 : 86;
58179 : 49;
58180 : 57;
58181 : 57;
58182 : 77;
58183 : 113;
58184 : 34;
58185 : 34;
58186 : 162;
58187 : 179;
58188 : 100;
58189 : 135;
58190 : 130;
58191 : 86;
58192 : 86;
58193 : 57;
58194 : 68;
58195 : 130;
58196 : 113;
58197 : 113;
58198 : 141;
58199 : 141;
58200 : 170;
58201 : 34;
58202 : 49;
58203 : 57;
58204 : 49;
58205 : 49;
58206 : 68;
58207 : 57;
58208 : 57;
58209 : 49;
58210 : 49;
58211 : 49;
58212 : 49;
58213 : 42;
58214 : 42;
58215 : 49;
58216 : 68;
58217 : 86;
58218 : 86;
58219 : 100;
58220 : 113;
58221 : 113;
58222 : 120;
58223 : 125;
58224 : 130;
58225 : 125;
58226 : 120;
58227 : 86;
58228 : 49;
58229 : 86;
58230 : 94;
58231 : 106;
58232 : 130;
58233 : 130;
58234 : 135;
58235 : 141;
58236 : 141;
58237 : 141;
58238 : 135;
58239 : 141;
58240 : 141;
58241 : 148;
58242 : 135;
58243 : 141;
58244 : 135;
58245 : 135;
58246 : 135;
58247 : 135;
58248 : 141;
58249 : 135;
58250 : 141;
58251 : 135;
58252 : 135;
58253 : 135;
58254 : 135;
58255 : 141;
58256 : 141;
58257 : 141;
58258 : 141;
58259 : 148;
58260 : 148;
58261 : 148;
58262 : 148;
58263 : 155;
58264 : 148;
58265 : 155;
58266 : 155;
58267 : 155;
58268 : 162;
58269 : 162;
58270 : 170;
58271 : 162;
58272 : 170;
58273 : 179;
58274 : 179;
58275 : 179;
58276 : 179;
58277 : 192;
58278 : 192;
58279 : 192;
58280 : 200;
58281 : 200;
58282 : 200;
58283 : 206;
58284 : 206;
58285 : 206;
58286 : 206;
58287 : 212;
58288 : 212;
58289 : 212;
58290 : 212;
58291 : 212;
58292 : 212;
58293 : 212;
58294 : 206;
58295 : 130;
58296 : 120;
58297 : 148;
58298 : 141;
58299 : 130;
58300 : 120;
58301 : 130;
58302 : 135;
58303 : 135;
58304 : 148;
58305 : 141;
58306 : 148;
58307 : 148;
58308 : 148;
58309 : 141;
58310 : 148;
58311 : 141;
58312 : 141;
58313 : 141;
58314 : 141;
58315 : 141;
58316 : 135;
58317 : 135;
58318 : 135;
58319 : 130;
58320 : 135;
58321 : 141;
58322 : 141;
58323 : 141;
58324 : 135;
58325 : 141;
58326 : 141;
58327 : 141;
58328 : 148;
58329 : 155;
58330 : 162;
58331 : 192;
58332 : 206;
58333 : 212;
58334 : 222;
58335 : 212;
58336 : 206;
58337 : 192;
58338 : 162;
58339 : 130;
58340 : 113;
58341 : 113;
58342 : 106;
58343 : 100;
58344 : 94;
58345 : 86;
58346 : 94;
58347 : 100;
58348 : 100;
58349 : 94;
58350 : 86;
58351 : 77;
58352 : 86;
58353 : 94;
58354 : 100;
58355 : 113;
58356 : 106;
58357 : 94;
58358 : 100;
58359 : 94;
58360 : 86;
58361 : 86;
58362 : 100;
58363 : 100;
58364 : 94;
58365 : 100;
58366 : 86;
58367 : 77;
58368 : 34;
58369 : 34;
58370 : 42;
58371 : 34;
58372 : 49;
58373 : 100;
58374 : 141;
58375 : 155;
58376 : 170;
58377 : 170;
58378 : 162;
58379 : 141;
58380 : 120;
58381 : 68;
58382 : 57;
58383 : 77;
58384 : 113;
58385 : 141;
58386 : 155;
58387 : 170;
58388 : 170;
58389 : 179;
58390 : 170;
58391 : 179;
58392 : 170;
58393 : 179;
58394 : 179;
58395 : 179;
58396 : 170;
58397 : 162;
58398 : 148;
58399 : 141;
58400 : 170;
58401 : 106;
58402 : 68;
58403 : 100;
58404 : 57;
58405 : 49;
58406 : 42;
58407 : 42;
58408 : 68;
58409 : 77;
58410 : 68;
58411 : 49;
58412 : 49;
58413 : 49;
58414 : 49;
58415 : 49;
58416 : 42;
58417 : 57;
58418 : 68;
58419 : 68;
58420 : 68;
58421 : 57;
58422 : 57;
58423 : 57;
58424 : 57;
58425 : 68;
58426 : 57;
58427 : 49;
58428 : 49;
58429 : 68;
58430 : 68;
58431 : 42;
58432 : 42;
58433 : 68;
58434 : 113;
58435 : 42;
58436 : 42;
58437 : 57;
58438 : 68;
58439 : 106;
58440 : 57;
58441 : 34;
58442 : 49;
58443 : 49;
58444 : 86;
58445 : 113;
58446 : 125;
58447 : 100;
58448 : 68;
58449 : 42;
58450 : 49;
58451 : 77;
58452 : 135;
58453 : 179;
58454 : 148;
58455 : 179;
58456 : 34;
58457 : 42;
58458 : 49;
58459 : 57;
58460 : 42;
58461 : 42;
58462 : 57;
58463 : 49;
58464 : 49;
58465 : 49;
58466 : 49;
58467 : 42;
58468 : 49;
58469 : 49;
58470 : 49;
58471 : 57;
58472 : 68;
58473 : 77;
58474 : 94;
58475 : 113;
58476 : 113;
58477 : 120;
58478 : 120;
58479 : 125;
58480 : 125;
58481 : 120;
58482 : 113;
58483 : 68;
58484 : 57;
58485 : 94;
58486 : 94;
58487 : 125;
58488 : 130;
58489 : 135;
58490 : 135;
58491 : 135;
58492 : 135;
58493 : 141;
58494 : 148;
58495 : 141;
58496 : 141;
58497 : 148;
58498 : 141;
58499 : 141;
58500 : 141;
58501 : 141;
58502 : 141;
58503 : 141;
58504 : 135;
58505 : 135;
58506 : 135;
58507 : 135;
58508 : 135;
58509 : 135;
58510 : 135;
58511 : 141;
58512 : 141;
58513 : 141;
58514 : 148;
58515 : 148;
58516 : 148;
58517 : 148;
58518 : 148;
58519 : 148;
58520 : 155;
58521 : 148;
58522 : 155;
58523 : 155;
58524 : 155;
58525 : 162;
58526 : 162;
58527 : 170;
58528 : 170;
58529 : 179;
58530 : 170;
58531 : 179;
58532 : 192;
58533 : 192;
58534 : 192;
58535 : 192;
58536 : 200;
58537 : 192;
58538 : 200;
58539 : 200;
58540 : 206;
58541 : 206;
58542 : 212;
58543 : 212;
58544 : 212;
58545 : 212;
58546 : 212;
58547 : 212;
58548 : 212;
58549 : 212;
58550 : 222;
58551 : 200;
58552 : 120;
58553 : 148;
58554 : 130;
58555 : 100;
58556 : 106;
58557 : 120;
58558 : 120;
58559 : 120;
58560 : 125;
58561 : 130;
58562 : 135;
58563 : 141;
58564 : 141;
58565 : 148;
58566 : 148;
58567 : 141;
58568 : 148;
58569 : 141;
58570 : 141;
58571 : 148;
58572 : 141;
58573 : 141;
58574 : 141;
58575 : 130;
58576 : 141;
58577 : 135;
58578 : 148;
58579 : 148;
58580 : 148;
58581 : 141;
58582 : 135;
58583 : 135;
58584 : 130;
58585 : 141;
58586 : 162;
58587 : 200;
58588 : 206;
58589 : 222;
58590 : 212;
58591 : 212;
58592 : 200;
58593 : 179;
58594 : 141;
58595 : 120;
58596 : 113;
58597 : 113;
58598 : 100;
58599 : 100;
58600 : 94;
58601 : 86;
58602 : 86;
58603 : 100;
58604 : 94;
58605 : 86;
58606 : 86;
58607 : 77;
58608 : 86;
58609 : 100;
58610 : 100;
58611 : 106;
58612 : 100;
58613 : 94;
58614 : 86;
58615 : 86;
58616 : 94;
58617 : 94;
58618 : 94;
58619 : 94;
58620 : 94;
58621 : 100;
58622 : 86;
58623 : 68;
58624 : 34;
58625 : 34;
58626 : 34;
58627 : 42;
58628 : 42;
58629 : 100;
58630 : 148;
58631 : 155;
58632 : 170;
58633 : 162;
58634 : 162;
58635 : 141;
58636 : 120;
58637 : 68;
58638 : 57;
58639 : 77;
58640 : 113;
58641 : 135;
58642 : 155;
58643 : 162;
58644 : 170;
58645 : 179;
58646 : 179;
58647 : 170;
58648 : 179;
58649 : 179;
58650 : 179;
58651 : 170;
58652 : 170;
58653 : 162;
58654 : 148;
58655 : 130;
58656 : 170;
58657 : 94;
58658 : 68;
58659 : 68;
58660 : 57;
58661 : 42;
58662 : 49;
58663 : 49;
58664 : 57;
58665 : 49;
58666 : 49;
58667 : 49;
58668 : 49;
58669 : 49;
58670 : 42;
58671 : 49;
58672 : 49;
58673 : 57;
58674 : 49;
58675 : 77;
58676 : 68;
58677 : 57;
58678 : 68;
58679 : 77;
58680 : 57;
58681 : 57;
58682 : 49;
58683 : 57;
58684 : 57;
58685 : 68;
58686 : 34;
58687 : 34;
58688 : 42;
58689 : 94;
58690 : 57;
58691 : 49;
58692 : 42;
58693 : 49;
58694 : 86;
58695 : 120;
58696 : 94;
58697 : 86;
58698 : 34;
58699 : 68;
58700 : 49;
58701 : 34;
58702 : 68;
58703 : 155;
58704 : 86;
58705 : 42;
58706 : 57;
58707 : 77;
58708 : 86;
58709 : 106;
58710 : 170;
58711 : 125;
58712 : 34;
58713 : 42;
58714 : 49;
58715 : 49;
58716 : 42;
58717 : 49;
58718 : 57;
58719 : 57;
58720 : 42;
58721 : 49;
58722 : 49;
58723 : 42;
58724 : 42;
58725 : 49;
58726 : 49;
58727 : 57;
58728 : 77;
58729 : 77;
58730 : 106;
58731 : 113;
58732 : 120;
58733 : 113;
58734 : 125;
58735 : 130;
58736 : 120;
58737 : 120;
58738 : 94;
58739 : 49;
58740 : 68;
58741 : 94;
58742 : 106;
58743 : 130;
58744 : 130;
58745 : 135;
58746 : 135;
58747 : 141;
58748 : 141;
58749 : 135;
58750 : 141;
58751 : 141;
58752 : 141;
58753 : 141;
58754 : 148;
58755 : 141;
58756 : 141;
58757 : 141;
58758 : 141;
58759 : 141;
58760 : 141;
58761 : 135;
58762 : 135;
58763 : 135;
58764 : 141;
58765 : 141;
58766 : 141;
58767 : 141;
58768 : 141;
58769 : 141;
58770 : 148;
58771 : 141;
58772 : 148;
58773 : 148;
58774 : 155;
58775 : 148;
58776 : 148;
58777 : 148;
58778 : 155;
58779 : 155;
58780 : 155;
58781 : 162;
58782 : 162;
58783 : 162;
58784 : 170;
58785 : 170;
58786 : 179;
58787 : 179;
58788 : 179;
58789 : 179;
58790 : 192;
58791 : 192;
58792 : 200;
58793 : 200;
58794 : 200;
58795 : 200;
58796 : 206;
58797 : 206;
58798 : 206;
58799 : 206;
58800 : 212;
58801 : 206;
58802 : 222;
58803 : 212;
58804 : 212;
58805 : 212;
58806 : 212;
58807 : 212;
58808 : 120;
58809 : 141;
58810 : 120;
58811 : 94;
58812 : 86;
58813 : 113;
58814 : 100;
58815 : 113;
58816 : 113;
58817 : 120;
58818 : 120;
58819 : 130;
58820 : 130;
58821 : 141;
58822 : 141;
58823 : 141;
58824 : 148;
58825 : 148;
58826 : 148;
58827 : 141;
58828 : 141;
58829 : 141;
58830 : 141;
58831 : 135;
58832 : 141;
58833 : 148;
58834 : 148;
58835 : 155;
58836 : 148;
58837 : 141;
58838 : 141;
58839 : 135;
58840 : 135;
58841 : 148;
58842 : 162;
58843 : 200;
58844 : 212;
58845 : 222;
58846 : 212;
58847 : 212;
58848 : 200;
58849 : 170;
58850 : 135;
58851 : 113;
58852 : 113;
58853 : 106;
58854 : 100;
58855 : 94;
58856 : 86;
58857 : 94;
58858 : 100;
58859 : 100;
58860 : 86;
58861 : 77;
58862 : 77;
58863 : 86;
58864 : 94;
58865 : 100;
58866 : 106;
58867 : 100;
58868 : 100;
58869 : 94;
58870 : 94;
58871 : 94;
58872 : 86;
58873 : 94;
58874 : 94;
58875 : 94;
58876 : 100;
58877 : 86;
58878 : 68;
58879 : 57;
58880 : 34;
58881 : 34;
58882 : 34;
58883 : 42;
58884 : 49;
58885 : 106;
58886 : 141;
58887 : 148;
58888 : 162;
58889 : 170;
58890 : 162;
58891 : 141;
58892 : 113;
58893 : 68;
58894 : 68;
58895 : 77;
58896 : 113;
58897 : 141;
58898 : 162;
58899 : 170;
58900 : 170;
58901 : 179;
58902 : 179;
58903 : 170;
58904 : 179;
58905 : 179;
58906 : 179;
58907 : 170;
58908 : 170;
58909 : 162;
58910 : 148;
58911 : 130;
58912 : 148;
58913 : 100;
58914 : 86;
58915 : 57;
58916 : 77;
58917 : 49;
58918 : 49;
58919 : 49;
58920 : 49;
58921 : 49;
58922 : 57;
58923 : 49;
58924 : 49;
58925 : 42;
58926 : 49;
58927 : 42;
58928 : 57;
58929 : 57;
58930 : 68;
58931 : 57;
58932 : 49;
58933 : 57;
58934 : 68;
58935 : 86;
58936 : 57;
58937 : 42;
58938 : 49;
58939 : 49;
58940 : 49;
58941 : 49;
58942 : 49;
58943 : 34;
58944 : 34;
58945 : 86;
58946 : 42;
58947 : 57;
58948 : 49;
58949 : 49;
58950 : 106;
58951 : 120;
58952 : 141;
58953 : 49;
58954 : 86;
58955 : 49;
58956 : 49;
58957 : 49;
58958 : 49;
58959 : 130;
58960 : 135;
58961 : 49;
58962 : 57;
58963 : 106;
58964 : 106;
58965 : 77;
58966 : 170;
58967 : 68;
58968 : 34;
58969 : 49;
58970 : 68;
58971 : 49;
58972 : 42;
58973 : 49;
58974 : 49;
58975 : 49;
58976 : 42;
58977 : 49;
58978 : 42;
58979 : 42;
58980 : 42;
58981 : 49;
58982 : 57;
58983 : 68;
58984 : 77;
58985 : 86;
58986 : 106;
58987 : 113;
58988 : 113;
58989 : 120;
58990 : 120;
58991 : 125;
58992 : 120;
58993 : 120;
58994 : 68;
58995 : 49;
58996 : 86;
58997 : 94;
58998 : 125;
58999 : 135;
59000 : 130;
59001 : 135;
59002 : 130;
59003 : 141;
59004 : 135;
59005 : 135;
59006 : 141;
59007 : 141;
59008 : 141;
59009 : 148;
59010 : 141;
59011 : 141;
59012 : 141;
59013 : 141;
59014 : 141;
59015 : 148;
59016 : 141;
59017 : 141;
59018 : 135;
59019 : 135;
59020 : 141;
59021 : 135;
59022 : 141;
59023 : 135;
59024 : 148;
59025 : 141;
59026 : 141;
59027 : 148;
59028 : 148;
59029 : 148;
59030 : 148;
59031 : 155;
59032 : 148;
59033 : 155;
59034 : 148;
59035 : 155;
59036 : 162;
59037 : 162;
59038 : 162;
59039 : 162;
59040 : 170;
59041 : 170;
59042 : 170;
59043 : 170;
59044 : 179;
59045 : 192;
59046 : 179;
59047 : 192;
59048 : 192;
59049 : 200;
59050 : 200;
59051 : 200;
59052 : 206;
59053 : 206;
59054 : 206;
59055 : 212;
59056 : 212;
59057 : 212;
59058 : 212;
59059 : 212;
59060 : 212;
59061 : 212;
59062 : 222;
59063 : 212;
59064 : 148;
59065 : 130;
59066 : 86;
59067 : 77;
59068 : 77;
59069 : 100;
59070 : 77;
59071 : 94;
59072 : 94;
59073 : 100;
59074 : 113;
59075 : 120;
59076 : 120;
59077 : 125;
59078 : 125;
59079 : 135;
59080 : 135;
59081 : 135;
59082 : 135;
59083 : 141;
59084 : 141;
59085 : 141;
59086 : 141;
59087 : 141;
59088 : 141;
59089 : 148;
59090 : 155;
59091 : 155;
59092 : 148;
59093 : 141;
59094 : 141;
59095 : 135;
59096 : 141;
59097 : 148;
59098 : 179;
59099 : 206;
59100 : 212;
59101 : 222;
59102 : 212;
59103 : 206;
59104 : 192;
59105 : 148;
59106 : 130;
59107 : 113;
59108 : 106;
59109 : 100;
59110 : 86;
59111 : 86;
59112 : 86;
59113 : 94;
59114 : 100;
59115 : 86;
59116 : 77;
59117 : 68;
59118 : 77;
59119 : 86;
59120 : 106;
59121 : 106;
59122 : 100;
59123 : 94;
59124 : 94;
59125 : 86;
59126 : 86;
59127 : 94;
59128 : 100;
59129 : 106;
59130 : 94;
59131 : 86;
59132 : 86;
59133 : 77;
59134 : 68;
59135 : 49;
59136 : 34;
59137 : 34;
59138 : 42;
59139 : 34;
59140 : 49;
59141 : 94;
59142 : 135;
59143 : 155;
59144 : 170;
59145 : 179;
59146 : 170;
59147 : 162;
59148 : 120;
59149 : 57;
59150 : 68;
59151 : 77;
59152 : 106;
59153 : 141;
59154 : 155;
59155 : 162;
59156 : 170;
59157 : 170;
59158 : 179;
59159 : 170;
59160 : 179;
59161 : 179;
59162 : 179;
59163 : 179;
59164 : 170;
59165 : 162;
59166 : 148;
59167 : 130;
59168 : 130;
59169 : 94;
59170 : 77;
59171 : 77;
59172 : 57;
59173 : 34;
59174 : 42;
59175 : 49;
59176 : 57;
59177 : 68;
59178 : 49;
59179 : 57;
59180 : 57;
59181 : 49;
59182 : 42;
59183 : 57;
59184 : 68;
59185 : 49;
59186 : 68;
59187 : 57;
59188 : 49;
59189 : 57;
59190 : 77;
59191 : 68;
59192 : 57;
59193 : 49;
59194 : 49;
59195 : 42;
59196 : 57;
59197 : 49;
59198 : 42;
59199 : 34;
59200 : 57;
59201 : 68;
59202 : 42;
59203 : 57;
59204 : 86;
59205 : 42;
59206 : 68;
59207 : 125;
59208 : 100;
59209 : 125;
59210 : 49;
59211 : 57;
59212 : 57;
59213 : 42;
59214 : 57;
59215 : 77;
59216 : 49;
59217 : 49;
59218 : 68;
59219 : 130;
59220 : 86;
59221 : 106;
59222 : 130;
59223 : 34;
59224 : 42;
59225 : 49;
59226 : 57;
59227 : 42;
59228 : 42;
59229 : 49;
59230 : 42;
59231 : 57;
59232 : 57;
59233 : 42;
59234 : 34;
59235 : 42;
59236 : 42;
59237 : 57;
59238 : 68;
59239 : 68;
59240 : 77;
59241 : 100;
59242 : 113;
59243 : 113;
59244 : 120;
59245 : 120;
59246 : 125;
59247 : 125;
59248 : 120;
59249 : 100;
59250 : 49;
59251 : 49;
59252 : 86;
59253 : 94;
59254 : 135;
59255 : 135;
59256 : 135;
59257 : 135;
59258 : 135;
59259 : 141;
59260 : 141;
59261 : 141;
59262 : 148;
59263 : 141;
59264 : 141;
59265 : 148;
59266 : 141;
59267 : 148;
59268 : 141;
59269 : 141;
59270 : 141;
59271 : 141;
59272 : 141;
59273 : 135;
59274 : 135;
59275 : 135;
59276 : 141;
59277 : 135;
59278 : 135;
59279 : 141;
59280 : 135;
59281 : 141;
59282 : 141;
59283 : 148;
59284 : 141;
59285 : 148;
59286 : 148;
59287 : 148;
59288 : 155;
59289 : 148;
59290 : 148;
59291 : 155;
59292 : 162;
59293 : 162;
59294 : 162;
59295 : 162;
59296 : 170;
59297 : 170;
59298 : 170;
59299 : 170;
59300 : 179;
59301 : 179;
59302 : 192;
59303 : 192;
59304 : 192;
59305 : 192;
59306 : 200;
59307 : 200;
59308 : 206;
59309 : 206;
59310 : 206;
59311 : 206;
59312 : 212;
59313 : 212;
59314 : 212;
59315 : 212;
59316 : 222;
59317 : 212;
59318 : 222;
59319 : 222;
59320 : 192;
59321 : 100;
59322 : 86;
59323 : 77;
59324 : 57;
59325 : 77;
59326 : 68;
59327 : 77;
59328 : 77;
59329 : 86;
59330 : 86;
59331 : 94;
59332 : 100;
59333 : 106;
59334 : 113;
59335 : 120;
59336 : 113;
59337 : 130;
59338 : 125;
59339 : 130;
59340 : 125;
59341 : 135;
59342 : 141;
59343 : 148;
59344 : 148;
59345 : 155;
59346 : 155;
59347 : 148;
59348 : 141;
59349 : 135;
59350 : 125;
59351 : 130;
59352 : 135;
59353 : 155;
59354 : 192;
59355 : 212;
59356 : 222;
59357 : 222;
59358 : 212;
59359 : 200;
59360 : 179;
59361 : 141;
59362 : 120;
59363 : 106;
59364 : 100;
59365 : 86;
59366 : 77;
59367 : 86;
59368 : 94;
59369 : 94;
59370 : 94;
59371 : 94;
59372 : 68;
59373 : 77;
59374 : 86;
59375 : 100;
59376 : 106;
59377 : 100;
59378 : 94;
59379 : 100;
59380 : 94;
59381 : 94;
59382 : 86;
59383 : 94;
59384 : 106;
59385 : 106;
59386 : 94;
59387 : 94;
59388 : 94;
59389 : 77;
59390 : 57;
59391 : 57;
59392 : 34;
59393 : 34;
59394 : 34;
59395 : 34;
59396 : 49;
59397 : 77;
59398 : 141;
59399 : 170;
59400 : 170;
59401 : 170;
59402 : 170;
59403 : 162;
59404 : 130;
59405 : 77;
59406 : 57;
59407 : 68;
59408 : 113;
59409 : 135;
59410 : 155;
59411 : 162;
59412 : 170;
59413 : 170;
59414 : 179;
59415 : 179;
59416 : 179;
59417 : 170;
59418 : 179;
59419 : 179;
59420 : 170;
59421 : 162;
59422 : 155;
59423 : 135;
59424 : 125;
59425 : 100;
59426 : 77;
59427 : 94;
59428 : 68;
59429 : 34;
59430 : 42;
59431 : 49;
59432 : 57;
59433 : 42;
59434 : 34;
59435 : 49;
59436 : 42;
59437 : 49;
59438 : 49;
59439 : 68;
59440 : 49;
59441 : 42;
59442 : 68;
59443 : 49;
59444 : 57;
59445 : 49;
59446 : 68;
59447 : 68;
59448 : 57;
59449 : 57;
59450 : 49;
59451 : 42;
59452 : 42;
59453 : 42;
59454 : 49;
59455 : 42;
59456 : 57;
59457 : 42;
59458 : 49;
59459 : 77;
59460 : 68;
59461 : 120;
59462 : 106;
59463 : 94;
59464 : 130;
59465 : 155;
59466 : 49;
59467 : 49;
59468 : 68;
59469 : 86;
59470 : 49;
59471 : 49;
59472 : 57;
59473 : 42;
59474 : 57;
59475 : 155;
59476 : 57;
59477 : 106;
59478 : 155;
59479 : 34;
59480 : 42;
59481 : 57;
59482 : 49;
59483 : 34;
59484 : 57;
59485 : 49;
59486 : 49;
59487 : 42;
59488 : 49;
59489 : 42;
59490 : 34;
59491 : 42;
59492 : 49;
59493 : 57;
59494 : 68;
59495 : 77;
59496 : 94;
59497 : 113;
59498 : 120;
59499 : 120;
59500 : 120;
59501 : 120;
59502 : 125;
59503 : 113;
59504 : 113;
59505 : 77;
59506 : 42;
59507 : 77;
59508 : 86;
59509 : 113;
59510 : 130;
59511 : 135;
59512 : 130;
59513 : 135;
59514 : 135;
59515 : 141;
59516 : 141;
59517 : 148;
59518 : 141;
59519 : 141;
59520 : 148;
59521 : 148;
59522 : 135;
59523 : 135;
59524 : 141;
59525 : 148;
59526 : 141;
59527 : 141;
59528 : 141;
59529 : 135;
59530 : 141;
59531 : 135;
59532 : 135;
59533 : 135;
59534 : 135;
59535 : 141;
59536 : 141;
59537 : 135;
59538 : 148;
59539 : 148;
59540 : 148;
59541 : 148;
59542 : 148;
59543 : 148;
59544 : 148;
59545 : 155;
59546 : 162;
59547 : 155;
59548 : 155;
59549 : 162;
59550 : 162;
59551 : 162;
59552 : 170;
59553 : 170;
59554 : 170;
59555 : 170;
59556 : 179;
59557 : 179;
59558 : 192;
59559 : 179;
59560 : 192;
59561 : 192;
59562 : 192;
59563 : 206;
59564 : 206;
59565 : 200;
59566 : 206;
59567 : 206;
59568 : 212;
59569 : 212;
59570 : 212;
59571 : 212;
59572 : 212;
59573 : 212;
59574 : 212;
59575 : 212;
59576 : 222;
59577 : 77;
59578 : 77;
59579 : 86;
59580 : 86;
59581 : 77;
59582 : 77;
59583 : 68;
59584 : 68;
59585 : 77;
59586 : 77;
59587 : 77;
59588 : 86;
59589 : 86;
59590 : 94;
59591 : 94;
59592 : 94;
59593 : 100;
59594 : 106;
59595 : 113;
59596 : 113;
59597 : 120;
59598 : 125;
59599 : 141;
59600 : 141;
59601 : 155;
59602 : 162;
59603 : 162;
59604 : 148;
59605 : 130;
59606 : 125;
59607 : 135;
59608 : 130;
59609 : 162;
59610 : 200;
59611 : 212;
59612 : 222;
59613 : 222;
59614 : 206;
59615 : 192;
59616 : 162;
59617 : 135;
59618 : 113;
59619 : 94;
59620 : 94;
59621 : 86;
59622 : 68;
59623 : 77;
59624 : 86;
59625 : 94;
59626 : 94;
59627 : 77;
59628 : 68;
59629 : 86;
59630 : 100;
59631 : 106;
59632 : 100;
59633 : 94;
59634 : 86;
59635 : 94;
59636 : 94;
59637 : 86;
59638 : 94;
59639 : 94;
59640 : 106;
59641 : 100;
59642 : 100;
59643 : 94;
59644 : 77;
59645 : 57;
59646 : 57;
59647 : 57;
59648 : 34;
59649 : 34;
59650 : 34;
59651 : 34;
59652 : 34;
59653 : 68;
59654 : 135;
59655 : 162;
59656 : 170;
59657 : 179;
59658 : 170;
59659 : 155;
59660 : 130;
59661 : 94;
59662 : 49;
59663 : 77;
59664 : 106;
59665 : 130;
59666 : 148;
59667 : 162;
59668 : 170;
59669 : 179;
59670 : 170;
59671 : 179;
59672 : 179;
59673 : 170;
59674 : 179;
59675 : 179;
59676 : 170;
59677 : 162;
59678 : 155;
59679 : 141;
59680 : 106;
59681 : 125;
59682 : 68;
59683 : 86;
59684 : 49;
59685 : 42;
59686 : 42;
59687 : 57;
59688 : 34;
59689 : 42;
59690 : 42;
59691 : 49;
59692 : 42;
59693 : 49;
59694 : 57;
59695 : 68;
59696 : 42;
59697 : 49;
59698 : 68;
59699 : 49;
59700 : 49;
59701 : 49;
59702 : 68;
59703 : 68;
59704 : 57;
59705 : 57;
59706 : 49;
59707 : 42;
59708 : 49;
59709 : 49;
59710 : 57;
59711 : 57;
59712 : 49;
59713 : 49;
59714 : 68;
59715 : 34;
59716 : 34;
59717 : 100;
59718 : 86;
59719 : 94;
59720 : 135;
59721 : 106;
59722 : 170;
59723 : 77;
59724 : 49;
59725 : 42;
59726 : 77;
59727 : 94;
59728 : 94;
59729 : 77;
59730 : 94;
59731 : 130;
59732 : 42;
59733 : 49;
59734 : 49;
59735 : 57;
59736 : 57;
59737 : 49;
59738 : 42;
59739 : 42;
59740 : 68;
59741 : 42;
59742 : 42;
59743 : 42;
59744 : 42;
59745 : 42;
59746 : 42;
59747 : 42;
59748 : 57;
59749 : 57;
59750 : 86;
59751 : 86;
59752 : 100;
59753 : 113;
59754 : 113;
59755 : 120;
59756 : 113;
59757 : 120;
59758 : 120;
59759 : 113;
59760 : 100;
59761 : 42;
59762 : 49;
59763 : 86;
59764 : 100;
59765 : 125;
59766 : 135;
59767 : 135;
59768 : 135;
59769 : 135;
59770 : 130;
59771 : 135;
59772 : 135;
59773 : 135;
59774 : 141;
59775 : 141;
59776 : 135;
59777 : 148;
59778 : 141;
59779 : 141;
59780 : 135;
59781 : 148;
59782 : 135;
59783 : 141;
59784 : 148;
59785 : 135;
59786 : 135;
59787 : 141;
59788 : 135;
59789 : 135;
59790 : 135;
59791 : 135;
59792 : 135;
59793 : 141;
59794 : 141;
59795 : 141;
59796 : 148;
59797 : 141;
59798 : 148;
59799 : 148;
59800 : 148;
59801 : 148;
59802 : 148;
59803 : 155;
59804 : 162;
59805 : 155;
59806 : 162;
59807 : 162;
59808 : 170;
59809 : 162;
59810 : 170;
59811 : 170;
59812 : 170;
59813 : 179;
59814 : 179;
59815 : 192;
59816 : 192;
59817 : 200;
59818 : 200;
59819 : 200;
59820 : 200;
59821 : 206;
59822 : 206;
59823 : 206;
59824 : 212;
59825 : 212;
59826 : 212;
59827 : 212;
59828 : 212;
59829 : 222;
59830 : 222;
59831 : 222;
59832 : 212;
59833 : 77;
59834 : 86;
59835 : 86;
59836 : 86;
59837 : 86;
59838 : 77;
59839 : 86;
59840 : 77;
59841 : 77;
59842 : 86;
59843 : 77;
59844 : 77;
59845 : 77;
59846 : 68;
59847 : 77;
59848 : 77;
59849 : 77;
59850 : 86;
59851 : 94;
59852 : 86;
59853 : 100;
59854 : 106;
59855 : 125;
59856 : 135;
59857 : 148;
59858 : 155;
59859 : 155;
59860 : 141;
59861 : 162;
59862 : 155;
59863 : 148;
59864 : 148;
59865 : 170;
59866 : 200;
59867 : 212;
59868 : 222;
59869 : 212;
59870 : 200;
59871 : 179;
59872 : 141;
59873 : 120;
59874 : 94;
59875 : 86;
59876 : 77;
59877 : 68;
59878 : 77;
59879 : 86;
59880 : 94;
59881 : 86;
59882 : 77;
59883 : 77;
59884 : 77;
59885 : 94;
59886 : 106;
59887 : 100;
59888 : 100;
59889 : 94;
59890 : 94;
59891 : 94;
59892 : 86;
59893 : 94;
59894 : 94;
59895 : 106;
59896 : 106;
59897 : 100;
59898 : 94;
59899 : 86;
59900 : 68;
59901 : 68;
59902 : 42;
59903 : 49;
59904 : 34;
59905 : 34;
59906 : 34;
59907 : 34;
59908 : 42;
59909 : 68;
59910 : 148;
59911 : 162;
59912 : 170;
59913 : 179;
59914 : 179;
59915 : 162;
59916 : 141;
59917 : 113;
59918 : 49;
59919 : 77;
59920 : 106;
59921 : 135;
59922 : 148;
59923 : 162;
59924 : 170;
59925 : 170;
59926 : 179;
59927 : 170;
59928 : 179;
59929 : 179;
59930 : 179;
59931 : 179;
59932 : 179;
59933 : 162;
59934 : 155;
59935 : 130;
59936 : 77;
59937 : 130;
59938 : 86;
59939 : 94;
59940 : 57;
59941 : 34;
59942 : 49;
59943 : 49;
59944 : 42;
59945 : 49;
59946 : 49;
59947 : 42;
59948 : 42;
59949 : 77;
59950 : 68;
59951 : 57;
59952 : 49;
59953 : 49;
59954 : 77;
59955 : 49;
59956 : 49;
59957 : 49;
59958 : 68;
59959 : 57;
59960 : 68;
59961 : 57;
59962 : 68;
59963 : 49;
59964 : 42;
59965 : 57;
59966 : 49;
59967 : 49;
59968 : 57;
59969 : 57;
59970 : 42;
59971 : 34;
59972 : 34;
59973 : 42;
59974 : 86;
59975 : 77;
59976 : 120;
59977 : 113;
59978 : 148;
59979 : 141;
59980 : 135;
59981 : 57;
59982 : 77;
59983 : 100;
59984 : 135;
59985 : 113;
59986 : 57;
59987 : 34;
59988 : 57;
59989 : 42;
59990 : 49;
59991 : 57;
59992 : 68;
59993 : 49;
59994 : 42;
59995 : 49;
59996 : 49;
59997 : 42;
59998 : 42;
59999 : 42;
60000 : 34;
60001 : 42;
60002 : 42;
60003 : 49;
60004 : 57;
60005 : 68;
60006 : 86;
60007 : 94;
60008 : 106;
60009 : 120;
60010 : 113;
60011 : 120;
60012 : 120;
60013 : 120;
60014 : 113;
60015 : 113;
60016 : 57;
60017 : 34;
60018 : 68;
60019 : 106;
60020 : 113;
60021 : 130;
60022 : 135;
60023 : 135;
60024 : 135;
60025 : 130;
60026 : 135;
60027 : 141;
60028 : 135;
60029 : 141;
60030 : 141;
60031 : 141;
60032 : 141;
60033 : 141;
60034 : 141;
60035 : 141;
60036 : 141;
60037 : 141;
60038 : 141;
60039 : 141;
60040 : 135;
60041 : 141;
60042 : 135;
60043 : 135;
60044 : 135;
60045 : 135;
60046 : 135;
60047 : 135;
60048 : 135;
60049 : 135;
60050 : 141;
60051 : 141;
60052 : 141;
60053 : 148;
60054 : 148;
60055 : 155;
60056 : 148;
60057 : 148;
60058 : 148;
60059 : 148;
60060 : 155;
60061 : 162;
60062 : 155;
60063 : 162;
60064 : 162;
60065 : 170;
60066 : 170;
60067 : 170;
60068 : 179;
60069 : 179;
60070 : 192;
60071 : 179;
60072 : 192;
60073 : 192;
60074 : 200;
60075 : 200;
60076 : 200;
60077 : 200;
60078 : 206;
60079 : 206;
60080 : 206;
60081 : 212;
60082 : 212;
60083 : 212;
60084 : 212;
60085 : 212;
60086 : 222;
60087 : 212;
60088 : 222;
60089 : 141;
60090 : 68;
60091 : 86;
60092 : 100;
60093 : 94;
60094 : 100;
60095 : 86;
60096 : 77;
60097 : 77;
60098 : 77;
60099 : 77;
60100 : 68;
60101 : 68;
60102 : 57;
60103 : 68;
60104 : 68;
60105 : 57;
60106 : 68;
60107 : 68;
60108 : 57;
60109 : 68;
60110 : 86;
60111 : 86;
60112 : 120;
60113 : 120;
60114 : 135;
60115 : 148;
60116 : 170;
60117 : 179;
60118 : 170;
60119 : 148;
60120 : 162;
60121 : 192;
60122 : 206;
60123 : 222;
60124 : 212;
60125 : 212;
60126 : 192;
60127 : 155;
60128 : 135;
60129 : 106;
60130 : 86;
60131 : 77;
60132 : 57;
60133 : 57;
60134 : 77;
60135 : 86;
60136 : 86;
60137 : 77;
60138 : 77;
60139 : 86;
60140 : 86;
60141 : 100;
60142 : 106;
60143 : 94;
60144 : 86;
60145 : 94;
60146 : 94;
60147 : 94;
60148 : 86;
60149 : 86;
60150 : 100;
60151 : 106;
60152 : 100;
60153 : 94;
60154 : 94;
60155 : 86;
60156 : 68;
60157 : 57;
60158 : 57;
60159 : 57;
60160 : 42;
60161 : 42;
60162 : 34;
60163 : 42;
60164 : 34;
60165 : 68;
60166 : 135;
60167 : 162;
60168 : 170;
60169 : 179;
60170 : 170;
60171 : 162;
60172 : 148;
60173 : 113;
60174 : 57;
60175 : 77;
60176 : 94;
60177 : 135;
60178 : 155;
60179 : 162;
60180 : 170;
60181 : 179;
60182 : 179;
60183 : 170;
60184 : 179;
60185 : 170;
60186 : 179;
60187 : 179;
60188 : 170;
60189 : 170;
60190 : 155;
60191 : 94;
60192 : 100;
60193 : 120;
60194 : 86;
60195 : 77;
60196 : 57;
60197 : 42;
60198 : 57;
60199 : 42;
60200 : 34;
60201 : 42;
60202 : 34;
60203 : 42;
60204 : 57;
60205 : 86;
60206 : 49;
60207 : 57;
60208 : 42;
60209 : 49;
60210 : 68;
60211 : 49;
60212 : 49;
60213 : 57;
60214 : 68;
60215 : 57;
60216 : 68;
60217 : 57;
60218 : 57;
60219 : 57;
60220 : 57;
60221 : 42;
60222 : 57;
60223 : 42;
60224 : 57;
60225 : 57;
60226 : 42;
60227 : 49;
60228 : 57;
60229 : 42;
60230 : 42;
60231 : 113;
60232 : 94;
60233 : 125;
60234 : 141;
60235 : 113;
60236 : 148;
60237 : 100;
60238 : 141;
60239 : 100;
60240 : 77;
60241 : 100;
60242 : 94;
60243 : 42;
60244 : 49;
60245 : 42;
60246 : 49;
60247 : 57;
60248 : 49;
60249 : 49;
60250 : 42;
60251 : 57;
60252 : 49;
60253 : 34;
60254 : 42;
60255 : 42;
60256 : 34;
60257 : 42;
60258 : 42;
60259 : 49;
60260 : 68;
60261 : 77;
60262 : 86;
60263 : 100;
60264 : 106;
60265 : 113;
60266 : 113;
60267 : 120;
60268 : 120;
60269 : 120;
60270 : 120;
60271 : 68;
60272 : 34;
60273 : 42;
60274 : 86;
60275 : 106;
60276 : 135;
60277 : 135;
60278 : 130;
60279 : 135;
60280 : 135;
60281 : 135;
60282 : 141;
60283 : 135;
60284 : 141;
60285 : 141;
60286 : 141;
60287 : 141;
60288 : 141;
60289 : 141;
60290 : 141;
60291 : 135;
60292 : 141;
60293 : 148;
60294 : 141;
60295 : 141;
60296 : 141;
60297 : 135;
60298 : 141;
60299 : 135;
60300 : 135;
60301 : 135;
60302 : 135;
60303 : 135;
60304 : 135;
60305 : 141;
60306 : 141;
60307 : 135;
60308 : 148;
60309 : 148;
60310 : 141;
60311 : 148;
60312 : 155;
60313 : 148;
60314 : 148;
60315 : 155;
60316 : 155;
60317 : 155;
60318 : 155;
60319 : 155;
60320 : 162;
60321 : 162;
60322 : 170;
60323 : 170;
60324 : 179;
60325 : 179;
60326 : 179;
60327 : 192;
60328 : 192;
60329 : 192;
60330 : 192;
60331 : 200;
60332 : 200;
60333 : 206;
60334 : 206;
60335 : 206;
60336 : 212;
60337 : 206;
60338 : 212;
60339 : 212;
60340 : 212;
60341 : 212;
60342 : 222;
60343 : 212;
60344 : 222;
60345 : 200;
60346 : 68;
60347 : 86;
60348 : 94;
60349 : 106;
60350 : 100;
60351 : 94;
60352 : 100;
60353 : 94;
60354 : 86;
60355 : 86;
60356 : 86;
60357 : 77;
60358 : 68;
60359 : 68;
60360 : 57;
60361 : 49;
60362 : 57;
60363 : 42;
60364 : 49;
60365 : 49;
60366 : 57;
60367 : 57;
60368 : 77;
60369 : 100;
60370 : 113;
60371 : 179;
60372 : 192;
60373 : 192;
60374 : 179;
60375 : 148;
60376 : 162;
60377 : 192;
60378 : 206;
60379 : 212;
60380 : 212;
60381 : 206;
60382 : 179;
60383 : 148;
60384 : 113;
60385 : 86;
60386 : 77;
60387 : 57;
60388 : 49;
60389 : 68;
60390 : 77;
60391 : 86;
60392 : 77;
60393 : 77;
60394 : 86;
60395 : 94;
60396 : 106;
60397 : 106;
60398 : 106;
60399 : 94;
60400 : 86;
60401 : 86;
60402 : 86;
60403 : 86;
60404 : 94;
60405 : 86;
60406 : 100;
60407 : 100;
60408 : 100;
60409 : 100;
60410 : 94;
60411 : 77;
60412 : 57;
60413 : 57;
60414 : 49;
60415 : 49;
60416 : 49;
60417 : 49;
60418 : 49;
60419 : 57;
60420 : 57;
60421 : 68;
60422 : 130;
60423 : 162;
60424 : 170;
60425 : 179;
60426 : 179;
60427 : 170;
60428 : 162;
60429 : 106;
60430 : 57;
60431 : 68;
60432 : 100;
60433 : 135;
60434 : 155;
60435 : 162;
60436 : 170;
60437 : 170;
60438 : 179;
60439 : 179;
60440 : 170;
60441 : 179;
60442 : 179;
60443 : 179;
60444 : 179;
60445 : 170;
60446 : 155;
60447 : 86;
60448 : 86;
60449 : 135;
60450 : 68;
60451 : 57;
60452 : 49;
60453 : 34;
60454 : 49;
60455 : 49;
60456 : 49;
60457 : 57;
60458 : 42;
60459 : 68;
60460 : 57;
60461 : 57;
60462 : 49;
60463 : 68;
60464 : 42;
60465 : 49;
60466 : 68;
60467 : 49;
60468 : 42;
60469 : 68;
60470 : 68;
60471 : 49;
60472 : 57;
60473 : 68;
60474 : 57;
60475 : 42;
60476 : 57;
60477 : 57;
60478 : 49;
60479 : 42;
60480 : 34;
60481 : 57;
60482 : 57;
60483 : 49;
60484 : 57;
60485 : 42;
60486 : 34;
60487 : 34;
60488 : 100;
60489 : 106;
60490 : 162;
60491 : 148;
60492 : 100;
60493 : 135;
60494 : 94;
60495 : 94;
60496 : 100;
60497 : 57;
60498 : 94;
60499 : 77;
60500 : 42;
60501 : 42;
60502 : 49;
60503 : 49;
60504 : 42;
60505 : 42;
60506 : 49;
60507 : 57;
60508 : 57;
60509 : 49;
60510 : 49;
60511 : 34;
60512 : 42;
60513 : 42;
60514 : 42;
60515 : 57;
60516 : 77;
60517 : 86;
60518 : 94;
60519 : 106;
60520 : 113;
60521 : 113;
60522 : 120;
60523 : 120;
60524 : 120;
60525 : 120;
60526 : 77;
60527 : 42;
60528 : 42;
60529 : 68;
60530 : 100;
60531 : 125;
60532 : 130;
60533 : 130;
60534 : 141;
60535 : 135;
60536 : 135;
60537 : 135;
60538 : 135;
60539 : 141;
60540 : 135;
60541 : 141;
60542 : 135;
60543 : 141;
60544 : 135;
60545 : 141;
60546 : 141;
60547 : 148;
60548 : 141;
60549 : 148;
60550 : 141;
60551 : 148;
60552 : 148;
60553 : 141;
60554 : 141;
60555 : 141;
60556 : 141;
60557 : 141;
60558 : 135;
60559 : 135;
60560 : 135;
60561 : 141;
60562 : 135;
60563 : 135;
60564 : 141;
60565 : 141;
60566 : 141;
60567 : 148;
60568 : 148;
60569 : 148;
60570 : 148;
60571 : 155;
60572 : 155;
60573 : 155;
60574 : 155;
60575 : 162;
60576 : 155;
60577 : 162;
60578 : 162;
60579 : 170;
60580 : 179;
60581 : 170;
60582 : 179;
60583 : 179;
60584 : 179;
60585 : 192;
60586 : 192;
60587 : 200;
60588 : 200;
60589 : 200;
60590 : 206;
60591 : 206;
60592 : 206;
60593 : 206;
60594 : 206;
60595 : 212;
60596 : 212;
60597 : 212;
60598 : 212;
60599 : 222;
60600 : 212;
60601 : 222;
60602 : 77;
60603 : 86;
60604 : 94;
60605 : 100;
60606 : 106;
60607 : 100;
60608 : 100;
60609 : 100;
60610 : 94;
60611 : 86;
60612 : 86;
60613 : 77;
60614 : 68;
60615 : 77;
60616 : 68;
60617 : 57;
60618 : 49;
60619 : 49;
60620 : 42;
60621 : 42;
60622 : 34;
60623 : 49;
60624 : 49;
60625 : 94;
60626 : 155;
60627 : 192;
60628 : 200;
60629 : 192;
60630 : 179;
60631 : 162;
60632 : 170;
60633 : 200;
60634 : 206;
60635 : 222;
60636 : 212;
60637 : 200;
60638 : 170;
60639 : 135;
60640 : 86;
60641 : 68;
60642 : 68;
60643 : 57;
60644 : 77;
60645 : 77;
60646 : 86;
60647 : 77;
60648 : 77;
60649 : 68;
60650 : 86;
60651 : 86;
60652 : 100;
60653 : 106;
60654 : 100;
60655 : 94;
60656 : 86;
60657 : 94;
60658 : 86;
60659 : 86;
60660 : 86;
60661 : 100;
60662 : 100;
60663 : 100;
60664 : 100;
60665 : 94;
60666 : 86;
60667 : 68;
60668 : 57;
60669 : 57;
60670 : 49;
60671 : 49;
60672 : 57;
60673 : 77;
60674 : 77;
60675 : 77;
60676 : 68;
60677 : 86;
60678 : 125;
60679 : 155;
60680 : 179;
60681 : 179;
60682 : 179;
60683 : 179;
60684 : 155;
60685 : 113;
60686 : 68;
60687 : 77;
60688 : 106;
60689 : 130;
60690 : 148;
60691 : 162;
60692 : 170;
60693 : 179;
60694 : 179;
60695 : 179;
60696 : 170;
60697 : 179;
60698 : 192;
60699 : 179;
60700 : 170;
60701 : 162;
60702 : 148;
60703 : 94;
60704 : 77;
60705 : 148;
60706 : 68;
60707 : 49;
60708 : 57;
60709 : 34;
60710 : 68;
60711 : 42;
60712 : 49;
60713 : 57;
60714 : 68;
60715 : 49;
60716 : 42;
60717 : 49;
60718 : 49;
60719 : 57;
60720 : 42;
60721 : 49;
60722 : 57;
60723 : 68;
60724 : 49;
60725 : 68;
60726 : 57;
60727 : 68;
60728 : 49;
60729 : 57;
60730 : 57;
60731 : 49;
60732 : 49;
60733 : 49;
60734 : 34;
60735 : 49;
60736 : 34;
60737 : 49;
60738 : 77;
60739 : 49;
60740 : 57;
60741 : 57;
60742 : 49;
60743 : 49;
60744 : 34;
60745 : 86;
60746 : 135;
60747 : 148;
60748 : 141;
60749 : 130;
60750 : 113;
60751 : 77;
60752 : 113;
60753 : 113;
60754 : 141;
60755 : 86;
60756 : 42;
60757 : 34;
60758 : 57;
60759 : 42;
60760 : 42;
60761 : 42;
60762 : 42;
60763 : 42;
60764 : 49;
60765 : 42;
60766 : 34;
60767 : 42;
60768 : 49;
60769 : 42;
60770 : 49;
60771 : 77;
60772 : 68;
60773 : 86;
60774 : 100;
60775 : 106;
60776 : 113;
60777 : 113;
60778 : 120;
60779 : 113;
60780 : 120;
60781 : 100;
60782 : 49;
60783 : 42;
60784 : 49;
60785 : 100;
60786 : 120;
60787 : 130;
60788 : 130;
60789 : 135;
60790 : 141;
60791 : 135;
60792 : 135;
60793 : 135;
60794 : 141;
60795 : 135;
60796 : 135;
60797 : 141;
60798 : 141;
60799 : 135;
60800 : 135;
60801 : 141;
60802 : 148;
60803 : 148;
60804 : 141;
60805 : 148;
60806 : 141;
60807 : 141;
60808 : 135;
60809 : 141;
60810 : 141;
60811 : 135;
60812 : 141;
60813 : 135;
60814 : 141;
60815 : 135;
60816 : 141;
60817 : 141;
60818 : 141;
60819 : 141;
60820 : 141;
60821 : 141;
60822 : 141;
60823 : 141;
60824 : 148;
60825 : 148;
60826 : 148;
60827 : 148;
60828 : 155;
60829 : 155;
60830 : 162;
60831 : 155;
60832 : 155;
60833 : 162;
60834 : 170;
60835 : 170;
60836 : 179;
60837 : 179;
60838 : 179;
60839 : 179;
60840 : 192;
60841 : 192;
60842 : 192;
60843 : 192;
60844 : 200;
60845 : 200;
60846 : 206;
60847 : 206;
60848 : 206;
60849 : 206;
60850 : 212;
60851 : 212;
60852 : 212;
60853 : 212;
60854 : 212;
60855 : 212;
60856 : 212;
60857 : 212;
60858 : 120;
60859 : 86;
60860 : 94;
60861 : 100;
60862 : 106;
60863 : 106;
60864 : 106;
60865 : 106;
60866 : 94;
60867 : 100;
60868 : 94;
60869 : 86;
60870 : 86;
60871 : 77;
60872 : 68;
60873 : 57;
60874 : 57;
60875 : 49;
60876 : 42;
60877 : 34;
60878 : 34;
60879 : 42;
60880 : 42;
60881 : 120;
60882 : 179;
60883 : 200;
60884 : 206;
60885 : 200;
60886 : 162;
60887 : 148;
60888 : 179;
60889 : 200;
60890 : 212;
60891 : 212;
60892 : 206;
60893 : 192;
60894 : 148;
60895 : 86;
60896 : 77;
60897 : 49;
60898 : 57;
60899 : 57;
60900 : 68;
60901 : 77;
60902 : 77;
60903 : 77;
60904 : 68;
60905 : 77;
60906 : 94;
60907 : 113;
60908 : 113;
60909 : 100;
60910 : 86;
60911 : 86;
60912 : 86;
60913 : 86;
60914 : 86;
60915 : 86;
60916 : 86;
60917 : 100;
60918 : 113;
60919 : 113;
60920 : 100;
60921 : 94;
60922 : 77;
60923 : 68;
60924 : 77;
60925 : 49;
60926 : 57;
60927 : 57;
60928 : 86;
60929 : 86;
60930 : 86;
60931 : 86;
60932 : 86;
60933 : 94;
60934 : 120;
60935 : 155;
60936 : 170;
60937 : 179;
60938 : 192;
60939 : 170;
60940 : 155;
60941 : 120;
60942 : 68;
60943 : 68;
60944 : 106;
60945 : 135;
60946 : 148;
60947 : 162;
60948 : 170;
60949 : 179;
60950 : 170;
60951 : 179;
60952 : 170;
60953 : 170;
60954 : 179;
60955 : 179;
60956 : 170;
60957 : 170;
60958 : 141;
60959 : 113;
60960 : 106;
60961 : 135;
60962 : 94;
60963 : 49;
60964 : 42;
60965 : 49;
60966 : 49;
60967 : 57;
60968 : 57;
60969 : 77;
60970 : 57;
60971 : 49;
60972 : 49;
60973 : 42;
60974 : 57;
60975 : 49;
60976 : 57;
60977 : 42;
60978 : 49;
60979 : 49;
60980 : 57;
60981 : 68;
60982 : 49;
60983 : 68;
60984 : 57;
60985 : 57;
60986 : 68;
60987 : 49;
60988 : 49;
60989 : 49;
60990 : 49;
60991 : 49;
60992 : 42;
60993 : 49;
60994 : 42;
60995 : 68;
60996 : 49;
60997 : 77;
60998 : 49;
60999 : 49;
61000 : 42;
61001 : 42;
61002 : 57;
61003 : 141;
61004 : 130;
61005 : 148;
61006 : 148;
61007 : 106;
61008 : 106;
61009 : 94;
61010 : 106;
61011 : 135;
61012 : 42;
61013 : 49;
61014 : 49;
61015 : 34;
61016 : 42;
61017 : 42;
61018 : 34;
61019 : 34;
61020 : 42;
61021 : 34;
61022 : 49;
61023 : 49;
61024 : 42;
61025 : 49;
61026 : 68;
61027 : 77;
61028 : 77;
61029 : 94;
61030 : 113;
61031 : 113;
61032 : 125;
61033 : 113;
61034 : 125;
61035 : 113;
61036 : 100;
61037 : 42;
61038 : 42;
61039 : 42;
61040 : 77;
61041 : 113;
61042 : 125;
61043 : 135;
61044 : 125;
61045 : 135;
61046 : 135;
61047 : 130;
61048 : 135;
61049 : 135;
61050 : 141;
61051 : 135;
61052 : 141;
61053 : 141;
61054 : 141;
61055 : 141;
61056 : 141;
61057 : 135;
61058 : 141;
61059 : 148;
61060 : 141;
61061 : 148;
61062 : 141;
61063 : 148;
61064 : 141;
61065 : 148;
61066 : 141;
61067 : 135;
61068 : 141;
61069 : 135;
61070 : 135;
61071 : 135;
61072 : 135;
61073 : 135;
61074 : 141;
61075 : 141;
61076 : 135;
61077 : 135;
61078 : 135;
61079 : 148;
61080 : 141;
61081 : 148;
61082 : 148;
61083 : 148;
61084 : 155;
61085 : 155;
61086 : 155;
61087 : 155;
61088 : 162;
61089 : 162;
61090 : 162;
61091 : 170;
61092 : 170;
61093 : 170;
61094 : 179;
61095 : 179;
61096 : 179;
61097 : 192;
61098 : 192;
61099 : 192;
61100 : 200;
61101 : 200;
61102 : 200;
61103 : 206;
61104 : 206;
61105 : 206;
61106 : 206;
61107 : 206;
61108 : 212;
61109 : 212;
61110 : 222;
61111 : 212;
61112 : 222;
61113 : 222;
61114 : 192;
61115 : 77;
61116 : 94;
61117 : 100;
61118 : 100;
61119 : 106;
61120 : 106;
61121 : 100;
61122 : 100;
61123 : 100;
61124 : 94;
61125 : 100;
61126 : 86;
61127 : 86;
61128 : 77;
61129 : 68;
61130 : 57;
61131 : 57;
61132 : 42;
61133 : 42;
61134 : 42;
61135 : 34;
61136 : 42;
61137 : 106;
61138 : 192;
61139 : 206;
61140 : 206;
61141 : 192;
61142 : 155;
61143 : 162;
61144 : 192;
61145 : 206;
61146 : 212;
61147 : 212;
61148 : 192;
61149 : 170;
61150 : 113;
61151 : 57;
61152 : 57;
61153 : 57;
61154 : 57;
61155 : 68;
61156 : 68;
61157 : 77;
61158 : 68;
61159 : 68;
61160 : 77;
61161 : 94;
61162 : 100;
61163 : 106;
61164 : 106;
61165 : 94;
61166 : 86;
61167 : 77;
61168 : 86;
61169 : 77;
61170 : 86;
61171 : 77;
61172 : 94;
61173 : 106;
61174 : 113;
61175 : 100;
61176 : 94;
61177 : 86;
61178 : 77;
61179 : 77;
61180 : 68;
61181 : 57;
61182 : 57;
61183 : 57;
61184 : 86;
61185 : 94;
61186 : 94;
61187 : 86;
61188 : 100;
61189 : 106;
61190 : 120;
61191 : 155;
61192 : 170;
61193 : 179;
61194 : 179;
61195 : 170;
61196 : 162;
61197 : 130;
61198 : 77;
61199 : 86;
61200 : 100;
61201 : 130;
61202 : 148;
61203 : 162;
61204 : 170;
61205 : 179;
61206 : 179;
61207 : 179;
61208 : 170;
61209 : 179;
61210 : 192;
61211 : 179;
61212 : 179;
61213 : 162;
61214 : 135;
61215 : 113;
61216 : 113;
61217 : 125;
61218 : 94;
61219 : 57;
61220 : 42;
61221 : 34;
61222 : 42;
61223 : 57;
61224 : 49;
61225 : 49;
61226 : 42;
61227 : 49;
61228 : 49;
61229 : 49;
61230 : 49;
61231 : 49;
61232 : 49;
61233 : 49;
61234 : 49;
61235 : 49;
61236 : 68;
61237 : 57;
61238 : 49;
61239 : 68;
61240 : 57;
61241 : 68;
61242 : 57;
61243 : 68;
61244 : 42;
61245 : 49;
61246 : 42;
61247 : 42;
61248 : 57;
61249 : 49;
61250 : 42;
61251 : 57;
61252 : 68;
61253 : 68;
61254 : 57;
61255 : 49;
61256 : 42;
61257 : 49;
61258 : 68;
61259 : 57;
61260 : 130;
61261 : 148;
61262 : 162;
61263 : 135;
61264 : 68;
61265 : 100;
61266 : 141;
61267 : 68;
61268 : 42;
61269 : 57;
61270 : 49;
61271 : 49;
61272 : 42;
61273 : 42;
61274 : 42;
61275 : 49;
61276 : 34;
61277 : 42;
61278 : 34;
61279 : 49;
61280 : 49;
61281 : 57;
61282 : 77;
61283 : 77;
61284 : 86;
61285 : 106;
61286 : 113;
61287 : 113;
61288 : 125;
61289 : 113;
61290 : 120;
61291 : 106;
61292 : 34;
61293 : 34;
61294 : 42;
61295 : 77;
61296 : 100;
61297 : 120;
61298 : 125;
61299 : 130;
61300 : 125;
61301 : 135;
61302 : 130;
61303 : 135;
61304 : 135;
61305 : 141;
61306 : 141;
61307 : 141;
61308 : 141;
61309 : 135;
61310 : 141;
61311 : 141;
61312 : 141;
61313 : 141;
61314 : 141;
61315 : 141;
61316 : 141;
61317 : 141;
61318 : 141;
61319 : 141;
61320 : 141;
61321 : 141;
61322 : 141;
61323 : 141;
61324 : 135;
61325 : 141;
61326 : 141;
61327 : 135;
61328 : 135;
61329 : 141;
61330 : 135;
61331 : 141;
61332 : 135;
61333 : 135;
61334 : 141;
61335 : 141;
61336 : 148;
61337 : 141;
61338 : 141;
61339 : 148;
61340 : 148;
61341 : 148;
61342 : 155;
61343 : 155;
61344 : 155;
61345 : 162;
61346 : 162;
61347 : 170;
61348 : 170;
61349 : 162;
61350 : 179;
61351 : 170;
61352 : 179;
61353 : 192;
61354 : 192;
61355 : 192;
61356 : 200;
61357 : 192;
61358 : 200;
61359 : 200;
61360 : 206;
61361 : 206;
61362 : 206;
61363 : 206;
61364 : 212;
61365 : 212;
61366 : 212;
61367 : 212;
61368 : 212;
61369 : 212;
61370 : 212;
61371 : 57;
61372 : 86;
61373 : 100;
61374 : 106;
61375 : 106;
61376 : 106;
61377 : 106;
61378 : 106;
61379 : 100;
61380 : 94;
61381 : 94;
61382 : 86;
61383 : 94;
61384 : 86;
61385 : 77;
61386 : 77;
61387 : 68;
61388 : 57;
61389 : 49;
61390 : 42;
61391 : 42;
61392 : 42;
61393 : 113;
61394 : 179;
61395 : 200;
61396 : 200;
61397 : 192;
61398 : 170;
61399 : 170;
61400 : 192;
61401 : 200;
61402 : 200;
61403 : 192;
61404 : 179;
61405 : 120;
61406 : 68;
61407 : 49;
61408 : 49;
61409 : 57;
61410 : 68;
61411 : 68;
61412 : 86;
61413 : 68;
61414 : 68;
61415 : 77;
61416 : 86;
61417 : 100;
61418 : 106;
61419 : 113;
61420 : 100;
61421 : 77;
61422 : 86;
61423 : 77;
61424 : 77;
61425 : 77;
61426 : 86;
61427 : 94;
61428 : 100;
61429 : 113;
61430 : 120;
61431 : 100;
61432 : 94;
61433 : 86;
61434 : 86;
61435 : 86;
61436 : 68;
61437 : 57;
61438 : 57;
61439 : 68;
61440 : 86;
61441 : 94;
61442 : 86;
61443 : 100;
61444 : 100;
61445 : 113;
61446 : 130;
61447 : 155;
61448 : 170;
61449 : 179;
61450 : 179;
61451 : 179;
61452 : 170;
61453 : 135;
61454 : 94;
61455 : 77;
61456 : 100;
61457 : 130;
61458 : 148;
61459 : 162;
61460 : 170;
61461 : 179;
61462 : 170;
61463 : 179;
61464 : 179;
61465 : 179;
61466 : 179;
61467 : 179;
61468 : 179;
61469 : 170;
61470 : 141;
61471 : 113;
61472 : 113;
61473 : 120;
61474 : 86;
61475 : 49;
61476 : 42;
61477 : 57;
61478 : 42;
61479 : 49;
61480 : 49;
61481 : 49;
61482 : 42;
61483 : 49;
61484 : 49;
61485 : 49;
61486 : 49;
61487 : 68;
61488 : 49;
61489 : 49;
61490 : 49;
61491 : 49;
61492 : 49;
61493 : 42;
61494 : 57;
61495 : 68;
61496 : 57;
61497 : 57;
61498 : 49;
61499 : 68;
61500 : 68;
61501 : 42;
61502 : 49;
61503 : 34;
61504 : 57;
61505 : 57;
61506 : 57;
61507 : 42;
61508 : 57;
61509 : 68;
61510 : 42;
61511 : 49;
61512 : 57;
61513 : 86;
61514 : 57;
61515 : 77;
61516 : 57;
61517 : 57;
61518 : 57;
61519 : 141;
61520 : 120;
61521 : 130;
61522 : 49;
61523 : 42;
61524 : 49;
61525 : 49;
61526 : 49;
61527 : 42;
61528 : 49;
61529 : 42;
61530 : 49;
61531 : 42;
61532 : 34;
61533 : 34;
61534 : 49;
61535 : 49;
61536 : 57;
61537 : 68;
61538 : 77;
61539 : 86;
61540 : 86;
61541 : 106;
61542 : 113;
61543 : 120;
61544 : 120;
61545 : 113;
61546 : 94;
61547 : 49;
61548 : 34;
61549 : 42;
61550 : 86;
61551 : 100;
61552 : 113;
61553 : 125;
61554 : 130;
61555 : 130;
61556 : 130;
61557 : 135;
61558 : 135;
61559 : 141;
61560 : 135;
61561 : 135;
61562 : 141;
61563 : 141;
61564 : 135;
61565 : 141;
61566 : 135;
61567 : 141;
61568 : 141;
61569 : 141;
61570 : 135;
61571 : 148;
61572 : 148;
61573 : 141;
61574 : 135;
61575 : 141;
61576 : 141;
61577 : 141;
61578 : 135;
61579 : 141;
61580 : 141;
61581 : 141;
61582 : 135;
61583 : 135;
61584 : 135;
61585 : 141;
61586 : 135;
61587 : 141;
61588 : 148;
61589 : 141;
61590 : 135;
61591 : 141;
61592 : 148;
61593 : 141;
61594 : 148;
61595 : 155;
61596 : 148;
61597 : 148;
61598 : 155;
61599 : 155;
61600 : 162;
61601 : 162;
61602 : 162;
61603 : 162;
61604 : 162;
61605 : 170;
61606 : 179;
61607 : 170;
61608 : 192;
61609 : 179;
61610 : 179;
61611 : 192;
61612 : 192;
61613 : 200;
61614 : 200;
61615 : 206;
61616 : 206;
61617 : 206;
61618 : 206;
61619 : 212;
61620 : 206;
61621 : 212;
61622 : 212;
61623 : 206;
61624 : 212;
61625 : 212;
61626 : 212;
61627 : 86;
61628 : 86;
61629 : 94;
61630 : 106;
61631 : 113;
61632 : 113;
61633 : 106;
61634 : 106;
61635 : 100;
61636 : 106;
61637 : 94;
61638 : 94;
61639 : 94;
61640 : 86;
61641 : 86;
61642 : 77;
61643 : 68;
61644 : 57;
61645 : 57;
61646 : 49;
61647 : 49;
61648 : 57;
61649 : 94;
61650 : 162;
61651 : 192;
61652 : 200;
61653 : 200;
61654 : 192;
61655 : 192;
61656 : 192;
61657 : 192;
61658 : 192;
61659 : 170;
61660 : 120;
61661 : 68;
61662 : 57;
61663 : 49;
61664 : 49;
61665 : 57;
61666 : 68;
61667 : 68;
61668 : 57;
61669 : 68;
61670 : 77;
61671 : 86;
61672 : 94;
61673 : 106;
61674 : 106;
61675 : 100;
61676 : 86;
61677 : 77;
61678 : 77;
61679 : 86;
61680 : 77;
61681 : 86;
61682 : 86;
61683 : 100;
61684 : 106;
61685 : 113;
61686 : 106;
61687 : 106;
61688 : 86;
61689 : 86;
61690 : 77;
61691 : 68;
61692 : 57;
61693 : 57;
61694 : 68;
61695 : 57;
61696 : 86;
61697 : 86;
61698 : 94;
61699 : 106;
61700 : 106;
61701 : 120;
61702 : 135;
61703 : 155;
61704 : 170;
61705 : 179;
61706 : 179;
61707 : 179;
61708 : 170;
61709 : 135;
61710 : 100;
61711 : 77;
61712 : 100;
61713 : 125;
61714 : 148;
61715 : 170;
61716 : 170;
61717 : 179;
61718 : 179;
61719 : 179;
61720 : 179;
61721 : 179;
61722 : 179;
61723 : 179;
61724 : 179;
61725 : 170;
61726 : 155;
61727 : 77;
61728 : 125;
61729 : 113;
61730 : 86;
61731 : 42;
61732 : 42;
61733 : 49;
61734 : 42;
61735 : 57;
61736 : 49;
61737 : 49;
61738 : 49;
61739 : 49;
61740 : 49;
61741 : 42;
61742 : 49;
61743 : 68;
61744 : 57;
61745 : 49;
61746 : 49;
61747 : 49;
61748 : 49;
61749 : 42;
61750 : 77;
61751 : 57;
61752 : 57;
61753 : 42;
61754 : 49;
61755 : 77;
61756 : 86;
61757 : 42;
61758 : 57;
61759 : 42;
61760 : 42;
61761 : 57;
61762 : 100;
61763 : 42;
61764 : 49;
61765 : 57;
61766 : 77;
61767 : 57;
61768 : 49;
61769 : 94;
61770 : 68;
61771 : 57;
61772 : 106;
61773 : 100;
61774 : 68;
61775 : 86;
61776 : 125;
61777 : 162;
61778 : 57;
61779 : 49;
61780 : 49;
61781 : 42;
61782 : 49;
61783 : 49;
61784 : 49;
61785 : 42;
61786 : 42;
61787 : 42;
61788 : 42;
61789 : 42;
61790 : 42;
61791 : 49;
61792 : 57;
61793 : 77;
61794 : 77;
61795 : 94;
61796 : 100;
61797 : 113;
61798 : 120;
61799 : 120;
61800 : 113;
61801 : 86;
61802 : 42;
61803 : 34;
61804 : 49;
61805 : 77;
61806 : 100;
61807 : 113;
61808 : 125;
61809 : 120;
61810 : 125;
61811 : 130;
61812 : 130;
61813 : 130;
61814 : 130;
61815 : 135;
61816 : 135;
61817 : 141;
61818 : 135;
61819 : 141;
61820 : 135;
61821 : 141;
61822 : 135;
61823 : 141;
61824 : 135;
61825 : 141;
61826 : 141;
61827 : 148;
61828 : 141;
61829 : 141;
61830 : 141;
61831 : 141;
61832 : 141;
61833 : 148;
61834 : 148;
61835 : 141;
61836 : 141;
61837 : 141;
61838 : 135;
61839 : 135;
61840 : 135;
61841 : 141;
61842 : 135;
61843 : 141;
61844 : 135;
61845 : 141;
61846 : 141;
61847 : 141;
61848 : 141;
61849 : 148;
61850 : 141;
61851 : 141;
61852 : 148;
61853 : 148;
61854 : 155;
61855 : 155;
61856 : 155;
61857 : 162;
61858 : 162;
61859 : 170;
61860 : 162;
61861 : 162;
61862 : 170;
61863 : 170;
61864 : 179;
61865 : 179;
61866 : 192;
61867 : 192;
61868 : 192;
61869 : 192;
61870 : 200;
61871 : 200;
61872 : 200;
61873 : 206;
61874 : 206;
61875 : 206;
61876 : 212;
61877 : 212;
61878 : 212;
61879 : 206;
61880 : 222;
61881 : 212;
61882 : 212;
61883 : 162;
61884 : 77;
61885 : 86;
61886 : 94;
61887 : 100;
61888 : 106;
61889 : 106;
61890 : 106;
61891 : 106;
61892 : 106;
61893 : 94;
61894 : 100;
61895 : 100;
61896 : 86;
61897 : 86;
61898 : 86;
61899 : 68;
61900 : 77;
61901 : 68;
61902 : 68;
61903 : 77;
61904 : 77;
61905 : 94;
61906 : 162;
61907 : 200;
61908 : 206;
61909 : 206;
61910 : 200;
61911 : 192;
61912 : 179;
61913 : 170;
61914 : 155;
61915 : 113;
61916 : 86;
61917 : 57;
61918 : 49;
61919 : 49;
61920 : 57;
61921 : 68;
61922 : 77;
61923 : 57;
61924 : 68;
61925 : 68;
61926 : 86;
61927 : 94;
61928 : 113;
61929 : 106;
61930 : 100;
61931 : 86;
61932 : 77;
61933 : 77;
61934 : 86;
61935 : 77;
61936 : 86;
61937 : 77;
61938 : 100;
61939 : 106;
61940 : 113;
61941 : 113;
61942 : 100;
61943 : 94;
61944 : 100;
61945 : 86;
61946 : 68;
61947 : 68;
61948 : 57;
61949 : 57;
61950 : 77;
61951 : 68;
61952 : 68;
61953 : 86;
61954 : 100;
61955 : 113;
61956 : 113;
61957 : 120;
61958 : 130;
61959 : 155;
61960 : 170;
61961 : 179;
61962 : 179;
61963 : 170;
61964 : 162;
61965 : 135;
61966 : 94;
61967 : 86;
61968 : 106;
61969 : 135;
61970 : 148;
61971 : 162;
61972 : 170;
61973 : 170;
61974 : 179;
61975 : 179;
61976 : 179;
61977 : 179;
61978 : 192;
61979 : 179;
61980 : 170;
61981 : 170;
61982 : 155;
61983 : 77;
61984 : 130;
61985 : 106;
61986 : 86;
61987 : 42;
61988 : 42;
61989 : 49;
61990 : 49;
61991 : 49;
61992 : 42;
61993 : 57;
61994 : 49;
61995 : 68;
61996 : 49;
61997 : 49;
61998 : 49;
61999 : 68;
62000 : 49;
62001 : 42;
62002 : 42;
62003 : 49;
62004 : 49;
62005 : 57;
62006 : 77;
62007 : 77;
62008 : 57;
62009 : 42;
62010 : 57;
62011 : 86;
62012 : 86;
62013 : 42;
62014 : 42;
62015 : 57;
62016 : 34;
62017 : 86;
62018 : 86;
62019 : 86;
62020 : 57;
62021 : 57;
62022 : 106;
62023 : 42;
62024 : 77;
62025 : 57;
62026 : 86;
62027 : 68;
62028 : 86;
62029 : 141;
62030 : 125;
62031 : 57;
62032 : 42;
62033 : 57;
62034 : 100;
62035 : 42;
62036 : 49;
62037 : 42;
62038 : 42;
62039 : 49;
62040 : 49;
62041 : 42;
62042 : 34;
62043 : 34;
62044 : 34;
62045 : 42;
62046 : 49;
62047 : 57;
62048 : 68;
62049 : 77;
62050 : 86;
62051 : 100;
62052 : 106;
62053 : 106;
62054 : 120;
62055 : 77;
62056 : 34;
62057 : 49;
62058 : 42;
62059 : 57;
62060 : 94;
62061 : 100;
62062 : 113;
62063 : 113;
62064 : 125;
62065 : 130;
62066 : 130;
62067 : 130;
62068 : 130;
62069 : 135;
62070 : 135;
62071 : 141;
62072 : 135;
62073 : 141;
62074 : 141;
62075 : 135;
62076 : 135;
62077 : 141;
62078 : 141;
62079 : 141;
62080 : 141;
62081 : 141;
62082 : 141;
62083 : 141;
62084 : 141;
62085 : 141;
62086 : 135;
62087 : 141;
62088 : 141;
62089 : 141;
62090 : 141;
62091 : 141;
62092 : 148;
62093 : 141;
62094 : 141;
62095 : 135;
62096 : 148;
62097 : 135;
62098 : 141;
62099 : 141;
62100 : 135;
62101 : 141;
62102 : 135;
62103 : 141;
62104 : 141;
62105 : 141;
62106 : 148;
62107 : 148;
62108 : 148;
62109 : 148;
62110 : 155;
62111 : 155;
62112 : 148;
62113 : 162;
62114 : 155;
62115 : 162;
62116 : 162;
62117 : 170;
62118 : 162;
62119 : 170;
62120 : 179;
62121 : 179;
62122 : 179;
62123 : 192;
62124 : 192;
62125 : 192;
62126 : 200;
62127 : 192;
62128 : 200;
62129 : 206;
62130 : 206;
62131 : 212;
62132 : 206;
62133 : 212;
62134 : 212;
62135 : 212;
62136 : 212;
62137 : 212;
62138 : 222;
62139 : 212;
62140 : 68;
62141 : 86;
62142 : 94;
62143 : 94;
62144 : 100;
62145 : 106;
62146 : 100;
62147 : 100;
62148 : 100;
62149 : 94;
62150 : 94;
62151 : 106;
62152 : 94;
62153 : 100;
62154 : 86;
62155 : 86;
62156 : 77;
62157 : 77;
62158 : 77;
62159 : 77;
62160 : 86;
62161 : 113;
62162 : 155;
62163 : 200;
62164 : 212;
62165 : 212;
62166 : 206;
62167 : 192;
62168 : 170;
62169 : 135;
62170 : 86;
62171 : 86;
62172 : 57;
62173 : 57;
62174 : 49;
62175 : 68;
62176 : 68;
62177 : 77;
62178 : 68;
62179 : 68;
62180 : 68;
62181 : 77;
62182 : 86;
62183 : 100;
62184 : 106;
62185 : 100;
62186 : 94;
62187 : 86;
62188 : 68;
62189 : 77;
62190 : 68;
62191 : 86;
62192 : 86;
62193 : 86;
62194 : 106;
62195 : 113;
62196 : 113;
62197 : 100;
62198 : 100;
62199 : 86;
62200 : 86;
62201 : 77;
62202 : 77;
62203 : 57;
62204 : 68;
62205 : 68;
62206 : 57;
62207 : 57;
62208 : 57;
62209 : 86;
62210 : 100;
62211 : 113;
62212 : 113;
62213 : 113;
62214 : 120;
62215 : 148;
62216 : 170;
62217 : 170;
62218 : 179;
62219 : 179;
62220 : 162;
62221 : 130;
62222 : 106;
62223 : 86;
62224 : 106;
62225 : 130;
62226 : 148;
62227 : 162;
62228 : 170;
62229 : 170;
62230 : 170;
62231 : 179;
62232 : 179;
62233 : 179;
62234 : 179;
62235 : 179;
62236 : 170;
62237 : 170;
62238 : 162;
62239 : 68;
62240 : 120;
62241 : 106;
62242 : 77;
62243 : 34;
62244 : 42;
62245 : 34;
62246 : 49;
62247 : 57;
62248 : 57;
62249 : 68;
62250 : 42;
62251 : 68;
62252 : 57;
62253 : 49;
62254 : 57;
62255 : 57;
62256 : 57;
62257 : 42;
62258 : 34;
62259 : 42;
62260 : 42;
62261 : 68;
62262 : 68;
62263 : 130;
62264 : 57;
62265 : 42;
62266 : 57;
62267 : 100;
62268 : 86;
62269 : 77;
62270 : 34;
62271 : 42;
62272 : 42;
62273 : 68;
62274 : 86;
62275 : 42;
62276 : 68;
62277 : 49;
62278 : 57;
62279 : 86;
62280 : 57;
62281 : 77;
62282 : 42;
62283 : 86;
62284 : 68;
62285 : 100;
62286 : 148;
62287 : 57;
62288 : 77;
62289 : 49;
62290 : 86;
62291 : 49;
62292 : 42;
62293 : 34;
62294 : 42;
62295 : 49;
62296 : 49;
62297 : 42;
62298 : 34;
62299 : 34;
62300 : 34;
62301 : 42;
62302 : 42;
62303 : 68;
62304 : 77;
62305 : 86;
62306 : 100;
62307 : 94;
62308 : 94;
62309 : 57;
62310 : 49;
62311 : 34;
62312 : 49;
62313 : 68;
62314 : 86;
62315 : 100;
62316 : 106;
62317 : 113;
62318 : 120;
62319 : 120;
62320 : 130;
62321 : 125;
62322 : 130;
62323 : 135;
62324 : 135;
62325 : 130;
62326 : 135;
62327 : 141;
62328 : 135;
62329 : 135;
62330 : 141;
62331 : 135;
62332 : 135;
62333 : 141;
62334 : 141;
62335 : 141;
62336 : 141;
62337 : 135;
62338 : 141;
62339 : 141;
62340 : 148;
62341 : 141;
62342 : 141;
62343 : 141;
62344 : 141;
62345 : 141;
62346 : 141;
62347 : 148;
62348 : 141;
62349 : 148;
62350 : 148;
62351 : 141;
62352 : 141;
62353 : 141;
62354 : 141;
62355 : 141;
62356 : 141;
62357 : 135;
62358 : 148;
62359 : 135;
62360 : 141;
62361 : 141;
62362 : 141;
62363 : 148;
62364 : 148;
62365 : 148;
62366 : 148;
62367 : 155;
62368 : 148;
62369 : 162;
62370 : 162;
62371 : 162;
62372 : 162;
62373 : 170;
62374 : 170;
62375 : 170;
62376 : 179;
62377 : 170;
62378 : 179;
62379 : 179;
62380 : 192;
62381 : 192;
62382 : 192;
62383 : 200;
62384 : 200;
62385 : 206;
62386 : 206;
62387 : 206;
62388 : 206;
62389 : 212;
62390 : 212;
62391 : 212;
62392 : 212;
62393 : 212;
62394 : 212;
62395 : 212;
62396 : 77;
62397 : 86;
62398 : 100;
62399 : 100;
62400 : 100;
62401 : 100;
62402 : 100;
62403 : 106;
62404 : 113;
62405 : 106;
62406 : 94;
62407 : 100;
62408 : 100;
62409 : 94;
62410 : 86;
62411 : 86;
62412 : 86;
62413 : 94;
62414 : 94;
62415 : 86;
62416 : 86;
62417 : 120;
62418 : 162;
62419 : 200;
62420 : 206;
62421 : 206;
62422 : 192;
62423 : 162;
62424 : 125;
62425 : 77;
62426 : 68;
62427 : 57;
62428 : 68;
62429 : 49;
62430 : 57;
62431 : 77;
62432 : 77;
62433 : 77;
62434 : 68;
62435 : 77;
62436 : 77;
62437 : 94;
62438 : 106;
62439 : 106;
62440 : 100;
62441 : 94;
62442 : 100;
62443 : 77;
62444 : 68;
62445 : 68;
62446 : 68;
62447 : 77;
62448 : 86;
62449 : 94;
62450 : 113;
62451 : 113;
62452 : 113;
62453 : 100;
62454 : 100;
62455 : 94;
62456 : 94;
62457 : 68;
62458 : 68;
62459 : 68;
62460 : 68;
62461 : 68;
62462 : 77;
62463 : 57;
62464 : 49;
62465 : 86;
62466 : 94;
62467 : 106;
62468 : 100;
62469 : 100;
62470 : 113;
62471 : 141;
62472 : 162;
62473 : 170;
62474 : 179;
62475 : 179;
62476 : 162;
62477 : 135;
62478 : 100;
62479 : 86;
62480 : 106;
62481 : 125;
62482 : 141;
62483 : 155;
62484 : 170;
62485 : 179;
62486 : 179;
62487 : 179;
62488 : 179;
62489 : 179;
62490 : 179;
62491 : 179;
62492 : 179;
62493 : 162;
62494 : 162;
62495 : 77;
62496 : 113;
62497 : 106;
62498 : 42;
62499 : 42;
62500 : 42;
62501 : 57;
62502 : 49;
62503 : 49;
62504 : 49;
62505 : 57;
62506 : 49;
62507 : 68;
62508 : 57;
62509 : 42;
62510 : 49;
62511 : 49;
62512 : 68;
62513 : 57;
62514 : 42;
62515 : 49;
62516 : 42;
62517 : 86;
62518 : 68;
62519 : 135;
62520 : 49;
62521 : 49;
62522 : 68;
62523 : 86;
62524 : 94;
62525 : 94;
62526 : 42;
62527 : 49;
62528 : 49;
62529 : 34;
62530 : 113;
62531 : 57;
62532 : 34;
62533 : 57;
62534 : 49;
62535 : 148;
62536 : 34;
62537 : 68;
62538 : 42;
62539 : 77;
62540 : 94;
62541 : 113;
62542 : 162;
62543 : 106;
62544 : 68;
62545 : 57;
62546 : 49;
62547 : 68;
62548 : 42;
62549 : 34;
62550 : 57;
62551 : 49;
62552 : 34;
62553 : 42;
62554 : 42;
62555 : 49;
62556 : 42;
62557 : 49;
62558 : 57;
62559 : 68;
62560 : 86;
62561 : 68;
62562 : 49;
62563 : 49;
62564 : 49;
62565 : 34;
62566 : 42;
62567 : 57;
62568 : 86;
62569 : 86;
62570 : 100;
62571 : 106;
62572 : 113;
62573 : 120;
62574 : 125;
62575 : 120;
62576 : 125;
62577 : 130;
62578 : 130;
62579 : 130;
62580 : 130;
62581 : 135;
62582 : 135;
62583 : 135;
62584 : 130;
62585 : 135;
62586 : 135;
62587 : 135;
62588 : 141;
62589 : 135;
62590 : 141;
62591 : 135;
62592 : 141;
62593 : 135;
62594 : 141;
62595 : 141;
62596 : 141;
62597 : 141;
62598 : 148;
62599 : 148;
62600 : 148;
62601 : 148;
62602 : 148;
62603 : 141;
62604 : 141;
62605 : 148;
62606 : 141;
62607 : 141;
62608 : 141;
62609 : 148;
62610 : 141;
62611 : 141;
62612 : 141;
62613 : 135;
62614 : 141;
62615 : 141;
62616 : 135;
62617 : 148;
62618 : 141;
62619 : 148;
62620 : 148;
62621 : 148;
62622 : 148;
62623 : 155;
62624 : 155;
62625 : 155;
62626 : 155;
62627 : 162;
62628 : 162;
62629 : 170;
62630 : 170;
62631 : 170;
62632 : 170;
62633 : 170;
62634 : 179;
62635 : 179;
62636 : 192;
62637 : 192;
62638 : 192;
62639 : 200;
62640 : 200;
62641 : 200;
62642 : 206;
62643 : 206;
62644 : 206;
62645 : 212;
62646 : 212;
62647 : 206;
62648 : 212;
62649 : 222;
62650 : 212;
62651 : 212;
62652 : 135;
62653 : 77;
62654 : 86;
62655 : 100;
62656 : 100;
62657 : 100;
62658 : 94;
62659 : 100;
62660 : 106;
62661 : 100;
62662 : 100;
62663 : 100;
62664 : 100;
62665 : 100;
62666 : 94;
62667 : 100;
62668 : 100;
62669 : 100;
62670 : 100;
62671 : 94;
62672 : 94;
62673 : 106;
62674 : 155;
62675 : 192;
62676 : 200;
62677 : 192;
62678 : 170;
62679 : 135;
62680 : 86;
62681 : 68;
62682 : 86;
62683 : 68;
62684 : 68;
62685 : 68;
62686 : 77;
62687 : 77;
62688 : 77;
62689 : 68;
62690 : 77;
62691 : 77;
62692 : 94;
62693 : 106;
62694 : 113;
62695 : 113;
62696 : 94;
62697 : 86;
62698 : 77;
62699 : 77;
62700 : 68;
62701 : 68;
62702 : 68;
62703 : 86;
62704 : 100;
62705 : 100;
62706 : 113;
62707 : 113;
62708 : 106;
62709 : 106;
62710 : 100;
62711 : 94;
62712 : 77;
62713 : 68;
62714 : 68;
62715 : 68;
62716 : 68;
62717 : 77;
62718 : 68;
62719 : 57;
62720 : 42;
62721 : 68;
62722 : 77;
62723 : 94;
62724 : 86;
62725 : 94;
62726 : 120;
62727 : 135;
62728 : 162;
62729 : 179;
62730 : 179;
62731 : 170;
62732 : 162;
62733 : 141;
62734 : 106;
62735 : 86;
62736 : 106;
62737 : 125;
62738 : 148;
62739 : 162;
62740 : 170;
62741 : 179;
62742 : 179;
62743 : 179;
62744 : 192;
62745 : 179;
62746 : 192;
62747 : 179;
62748 : 179;
62749 : 162;
62750 : 162;
62751 : 94;
62752 : 77;
62753 : 94;
62754 : 42;
62755 : 49;
62756 : 49;
62757 : 49;
62758 : 49;
62759 : 57;
62760 : 57;
62761 : 49;
62762 : 49;
62763 : 68;
62764 : 57;
62765 : 42;
62766 : 49;
62767 : 42;
62768 : 86;
62769 : 34;
62770 : 49;
62771 : 49;
62772 : 49;
62773 : 68;
62774 : 49;
62775 : 120;
62776 : 49;
62777 : 34;
62778 : 77;
62779 : 77;
62780 : 120;
62781 : 100;
62782 : 94;
62783 : 57;
62784 : 49;
62785 : 49;
62786 : 77;
62787 : 94;
62788 : 42;
62789 : 49;
62790 : 68;
62791 : 77;
62792 : 120;
62793 : 68;
62794 : 57;
62795 : 68;
62796 : 100;
62797 : 113;
62798 : 94;
62799 : 170;
62800 : 106;
62801 : 49;
62802 : 49;
62803 : 68;
62804 : 34;
62805 : 42;
62806 : 49;
62807 : 49;
62808 : 49;
62809 : 49;
62810 : 49;
62811 : 49;
62812 : 49;
62813 : 49;
62814 : 49;
62815 : 49;
62816 : 42;
62817 : 57;
62818 : 34;
62819 : 42;
62820 : 68;
62821 : 86;
62822 : 94;
62823 : 106;
62824 : 113;
62825 : 113;
62826 : 113;
62827 : 120;
62828 : 125;
62829 : 120;
62830 : 125;
62831 : 125;
62832 : 125;
62833 : 125;
62834 : 125;
62835 : 135;
62836 : 130;
62837 : 130;
62838 : 135;
62839 : 135;
62840 : 135;
62841 : 141;
62842 : 135;
62843 : 135;
62844 : 135;
62845 : 141;
62846 : 141;
62847 : 141;
62848 : 130;
62849 : 148;
62850 : 141;
62851 : 141;
62852 : 141;
62853 : 141;
62854 : 141;
62855 : 141;
62856 : 141;
62857 : 148;
62858 : 148;
62859 : 148;
62860 : 148;
62861 : 148;
62862 : 141;
62863 : 141;
62864 : 141;
62865 : 141;
62866 : 135;
62867 : 135;
62868 : 141;
62869 : 141;
62870 : 141;
62871 : 141;
62872 : 141;
62873 : 141;
62874 : 141;
62875 : 148;
62876 : 141;
62877 : 148;
62878 : 148;
62879 : 148;
62880 : 155;
62881 : 155;
62882 : 155;
62883 : 155;
62884 : 162;
62885 : 162;
62886 : 170;
62887 : 170;
62888 : 179;
62889 : 179;
62890 : 179;
62891 : 179;
62892 : 192;
62893 : 179;
62894 : 192;
62895 : 192;
62896 : 200;
62897 : 206;
62898 : 200;
62899 : 206;
62900 : 212;
62901 : 206;
62902 : 212;
62903 : 212;
62904 : 212;
62905 : 212;
62906 : 212;
62907 : 212;
62908 : 179;
62909 : 77;
62910 : 86;
62911 : 86;
62912 : 94;
62913 : 100;
62914 : 100;
62915 : 106;
62916 : 106;
62917 : 106;
62918 : 100;
62919 : 106;
62920 : 100;
62921 : 100;
62922 : 94;
62923 : 100;
62924 : 100;
62925 : 106;
62926 : 106;
62927 : 106;
62928 : 106;
62929 : 106;
62930 : 130;
62931 : 162;
62932 : 162;
62933 : 162;
62934 : 100;
62935 : 86;
62936 : 86;
62937 : 86;
62938 : 77;
62939 : 77;
62940 : 77;
62941 : 77;
62942 : 68;
62943 : 86;
62944 : 77;
62945 : 68;
62946 : 86;
62947 : 86;
62948 : 100;
62949 : 113;
62950 : 113;
62951 : 100;
62952 : 86;
62953 : 77;
62954 : 77;
62955 : 68;
62956 : 57;
62957 : 68;
62958 : 77;
62959 : 94;
62960 : 106;
62961 : 113;
62962 : 120;
62963 : 113;
62964 : 113;
62965 : 100;
62966 : 100;
62967 : 86;
62968 : 68;
62969 : 57;
62970 : 68;
62971 : 68;
62972 : 57;
62973 : 68;
62974 : 49;
62975 : 49;
62976 : 42;
62977 : 49;
62978 : 68;
62979 : 86;
62980 : 86;
62981 : 94;
62982 : 113;
62983 : 130;
62984 : 162;
62985 : 170;
62986 : 179;
62987 : 179;
62988 : 170;
62989 : 141;
62990 : 120;
62991 : 86;
62992 : 106;
62993 : 120;
62994 : 148;
62995 : 162;
62996 : 170;
62997 : 170;
62998 : 179;
62999 : 179;
63000 : 179;
63001 : 179;
63002 : 192;
63003 : 179;
63004 : 179;
63005 : 170;
63006 : 155;
63007 : 106;
63008 : 68;
63009 : 77;
63010 : 42;
63011 : 49;
63012 : 49;
63013 : 42;
63014 : 34;
63015 : 49;
63016 : 49;
63017 : 49;
63018 : 57;
63019 : 57;
63020 : 49;
63021 : 57;
63022 : 57;
63023 : 49;
63024 : 113;
63025 : 42;
63026 : 57;
63027 : 49;
63028 : 49;
63029 : 68;
63030 : 49;
63031 : 113;
63032 : 49;
63033 : 42;
63034 : 49;
63035 : 100;
63036 : 113;
63037 : 100;
63038 : 106;
63039 : 49;
63040 : 49;
63041 : 49;
63042 : 34;
63043 : 113;
63044 : 34;
63045 : 42;
63046 : 34;
63047 : 49;
63048 : 155;
63049 : 49;
63050 : 77;
63051 : 57;
63052 : 77;
63053 : 106;
63054 : 120;
63055 : 130;
63056 : 141;
63057 : 100;
63058 : 49;
63059 : 77;
63060 : 42;
63061 : 42;
63062 : 42;
63063 : 42;
63064 : 42;
63065 : 42;
63066 : 57;
63067 : 42;
63068 : 49;
63069 : 34;
63070 : 34;
63071 : 42;
63072 : 49;
63073 : 68;
63074 : 77;
63075 : 86;
63076 : 86;
63077 : 94;
63078 : 100;
63079 : 100;
63080 : 113;
63081 : 120;
63082 : 120;
63083 : 120;
63084 : 125;
63085 : 125;
63086 : 130;
63087 : 130;
63088 : 130;
63089 : 130;
63090 : 130;
63091 : 130;
63092 : 130;
63093 : 130;
63094 : 130;
63095 : 135;
63096 : 135;
63097 : 135;
63098 : 141;
63099 : 141;
63100 : 141;
63101 : 141;
63102 : 135;
63103 : 135;
63104 : 141;
63105 : 141;
63106 : 135;
63107 : 141;
63108 : 141;
63109 : 141;
63110 : 148;
63111 : 141;
63112 : 148;
63113 : 141;
63114 : 148;
63115 : 141;
63116 : 148;
63117 : 148;
63118 : 141;
63119 : 141;
63120 : 141;
63121 : 141;
63122 : 141;
63123 : 135;
63124 : 141;
63125 : 141;
63126 : 141;
63127 : 141;
63128 : 141;
63129 : 141;
63130 : 141;
63131 : 141;
63132 : 148;
63133 : 148;
63134 : 148;
63135 : 155;
63136 : 155;
63137 : 162;
63138 : 162;
63139 : 162;
63140 : 162;
63141 : 162;
63142 : 170;
63143 : 170;
63144 : 179;
63145 : 179;
63146 : 179;
63147 : 179;
63148 : 192;
63149 : 192;
63150 : 192;
63151 : 192;
63152 : 200;
63153 : 200;
63154 : 206;
63155 : 206;
63156 : 206;
63157 : 212;
63158 : 212;
63159 : 206;
63160 : 212;
63161 : 222;
63162 : 212;
63163 : 212;
63164 : 206;
63165 : 57;
63166 : 86;
63167 : 86;
63168 : 86;
63169 : 94;
63170 : 100;
63171 : 100;
63172 : 106;
63173 : 106;
63174 : 113;
63175 : 106;
63176 : 100;
63177 : 100;
63178 : 100;
63179 : 106;
63180 : 106;
63181 : 113;
63182 : 113;
63183 : 113;
63184 : 106;
63185 : 106;
63186 : 113;
63187 : 120;
63188 : 125;
63189 : 113;
63190 : 86;
63191 : 86;
63192 : 77;
63193 : 86;
63194 : 77;
63195 : 86;
63196 : 86;
63197 : 86;
63198 : 86;
63199 : 77;
63200 : 68;
63201 : 68;
63202 : 86;
63203 : 100;
63204 : 106;
63205 : 106;
63206 : 100;
63207 : 86;
63208 : 77;
63209 : 68;
63210 : 68;
63211 : 57;
63212 : 57;
63213 : 68;
63214 : 86;
63215 : 106;
63216 : 113;
63217 : 113;
63218 : 113;
63219 : 113;
63220 : 113;
63221 : 100;
63222 : 94;
63223 : 86;
63224 : 77;
63225 : 57;
63226 : 68;
63227 : 57;
63228 : 57;
63229 : 57;
63230 : 57;
63231 : 42;
63232 : 49;
63233 : 49;
63234 : 57;
63235 : 68;
63236 : 77;
63237 : 86;
63238 : 100;
63239 : 125;
63240 : 155;
63241 : 162;
63242 : 170;
63243 : 170;
63244 : 162;
63245 : 141;
63246 : 120;
63247 : 94;
63248 : 106;
63249 : 125;
63250 : 141;
63251 : 162;
63252 : 170;
63253 : 179;
63254 : 179;
63255 : 179;
63256 : 179;
63257 : 179;
63258 : 179;
63259 : 179;
63260 : 170;
63261 : 170;
63262 : 162;
63263 : 113;
63264 : 57;
63265 : 86;
63266 : 42;
63267 : 49;
63268 : 49;
63269 : 57;
63270 : 68;
63271 : 42;
63272 : 42;
63273 : 49;
63274 : 68;
63275 : 68;
63276 : 57;
63277 : 57;
63278 : 68;
63279 : 49;
63280 : 120;
63281 : 34;
63282 : 49;
63283 : 42;
63284 : 49;
63285 : 57;
63286 : 68;
63287 : 100;
63288 : 49;
63289 : 42;
63290 : 57;
63291 : 86;
63292 : 100;
63293 : 125;
63294 : 120;
63295 : 42;
63296 : 49;
63297 : 42;
63298 : 94;
63299 : 106;
63300 : 120;
63301 : 34;
63302 : 34;
63303 : 86;
63304 : 68;
63305 : 125;
63306 : 42;
63307 : 77;
63308 : 68;
63309 : 125;
63310 : 120;
63311 : 49;
63312 : 100;
63313 : 106;
63314 : 77;
63315 : 57;
63316 : 42;
63317 : 49;
63318 : 57;
63319 : 68;
63320 : 57;
63321 : 34;
63322 : 42;
63323 : 34;
63324 : 42;
63325 : 49;
63326 : 57;
63327 : 77;
63328 : 77;
63329 : 77;
63330 : 86;
63331 : 86;
63332 : 94;
63333 : 100;
63334 : 113;
63335 : 113;
63336 : 120;
63337 : 125;
63338 : 120;
63339 : 120;
63340 : 125;
63341 : 125;
63342 : 130;
63343 : 130;
63344 : 130;
63345 : 125;
63346 : 130;
63347 : 130;
63348 : 125;
63349 : 130;
63350 : 135;
63351 : 135;
63352 : 130;
63353 : 135;
63354 : 135;
63355 : 141;
63356 : 130;
63357 : 135;
63358 : 141;
63359 : 141;
63360 : 148;
63361 : 141;
63362 : 141;
63363 : 135;
63364 : 141;
63365 : 141;
63366 : 141;
63367 : 148;
63368 : 148;
63369 : 141;
63370 : 148;
63371 : 148;
63372 : 141;
63373 : 141;
63374 : 148;
63375 : 141;
63376 : 148;
63377 : 148;
63378 : 141;
63379 : 135;
63380 : 141;
63381 : 141;
63382 : 141;
63383 : 141;
63384 : 141;
63385 : 141;
63386 : 141;
63387 : 141;
63388 : 141;
63389 : 155;
63390 : 148;
63391 : 148;
63392 : 148;
63393 : 155;
63394 : 155;
63395 : 155;
63396 : 162;
63397 : 162;
63398 : 162;
63399 : 162;
63400 : 170;
63401 : 179;
63402 : 179;
63403 : 179;
63404 : 179;
63405 : 179;
63406 : 192;
63407 : 192;
63408 : 192;
63409 : 200;
63410 : 200;
63411 : 200;
63412 : 206;
63413 : 206;
63414 : 212;
63415 : 212;
63416 : 212;
63417 : 212;
63418 : 212;
63419 : 212;
63420 : 212;
63421 : 86;
63422 : 86;
63423 : 77;
63424 : 94;
63425 : 94;
63426 : 100;
63427 : 94;
63428 : 100;
63429 : 106;
63430 : 113;
63431 : 106;
63432 : 106;
63433 : 106;
63434 : 106;
63435 : 106;
63436 : 113;
63437 : 113;
63438 : 120;
63439 : 120;
63440 : 113;
63441 : 113;
63442 : 106;
63443 : 113;
63444 : 113;
63445 : 100;
63446 : 86;
63447 : 86;
63448 : 86;
63449 : 86;
63450 : 94;
63451 : 100;
63452 : 86;
63453 : 94;
63454 : 77;
63455 : 77;
63456 : 77;
63457 : 77;
63458 : 94;
63459 : 106;
63460 : 106;
63461 : 94;
63462 : 86;
63463 : 86;
63464 : 68;
63465 : 68;
63466 : 68;
63467 : 68;
63468 : 57;
63469 : 77;
63470 : 100;
63471 : 100;
63472 : 113;
63473 : 113;
63474 : 120;
63475 : 113;
63476 : 106;
63477 : 100;
63478 : 94;
63479 : 77;
63480 : 77;
63481 : 57;
63482 : 57;
63483 : 57;
63484 : 57;
63485 : 57;
63486 : 49;
63487 : 57;
63488 : 57;
63489 : 57;
63490 : 57;
63491 : 68;
63492 : 77;
63493 : 77;
63494 : 86;
63495 : 113;
63496 : 155;
63497 : 170;
63498 : 179;
63499 : 179;
63500 : 170;
63501 : 148;
63502 : 125;
63503 : 100;
63504 : 106;
63505 : 125;
63506 : 141;
63507 : 155;
63508 : 170;
63509 : 179;
63510 : 179;
63511 : 179;
63512 : 179;
63513 : 179;
63514 : 192;
63515 : 179;
63516 : 179;
63517 : 162;
63518 : 155;
63519 : 86;
63520 : 57;
63521 : 68;
63522 : 57;
63523 : 57;
63524 : 57;
63525 : 49;
63526 : 49;
63527 : 57;
63528 : 42;
63529 : 49;
63530 : 57;
63531 : 57;
63532 : 57;
63533 : 49;
63534 : 57;
63535 : 57;
63536 : 77;
63537 : 49;
63538 : 49;
63539 : 42;
63540 : 49;
63541 : 57;
63542 : 100;
63543 : 57;
63544 : 49;
63545 : 42;
63546 : 42;
63547 : 106;
63548 : 86;
63549 : 120;
63550 : 120;
63551 : 77;
63552 : 34;
63553 : 34;
63554 : 68;
63555 : 106;
63556 : 141;
63557 : 57;
63558 : 34;
63559 : 34;
63560 : 77;
63561 : 77;
63562 : 106;
63563 : 49;
63564 : 68;
63565 : 120;
63566 : 113;
63567 : 135;
63568 : 68;
63569 : 113;
63570 : 94;
63571 : 49;
63572 : 34;
63573 : 42;
63574 : 77;
63575 : 34;
63576 : 34;
63577 : 42;
63578 : 42;
63579 : 49;
63580 : 57;
63581 : 49;
63582 : 68;
63583 : 86;
63584 : 86;
63585 : 86;
63586 : 100;
63587 : 113;
63588 : 106;
63589 : 120;
63590 : 113;
63591 : 120;
63592 : 120;
63593 : 125;
63594 : 120;
63595 : 125;
63596 : 125;
63597 : 120;
63598 : 130;
63599 : 130;
63600 : 130;
63601 : 130;
63602 : 125;
63603 : 130;
63604 : 125;
63605 : 130;
63606 : 130;
63607 : 135;
63608 : 135;
63609 : 141;
63610 : 135;
63611 : 135;
63612 : 135;
63613 : 135;
63614 : 141;
63615 : 148;
63616 : 148;
63617 : 141;
63618 : 141;
63619 : 141;
63620 : 141;
63621 : 135;
63622 : 141;
63623 : 141;
63624 : 141;
63625 : 148;
63626 : 148;
63627 : 141;
63628 : 148;
63629 : 148;
63630 : 148;
63631 : 148;
63632 : 141;
63633 : 148;
63634 : 148;
63635 : 141;
63636 : 148;
63637 : 141;
63638 : 148;
63639 : 141;
63640 : 141;
63641 : 148;
63642 : 141;
63643 : 148;
63644 : 148;
63645 : 148;
63646 : 148;
63647 : 148;
63648 : 155;
63649 : 155;
63650 : 155;
63651 : 155;
63652 : 155;
63653 : 162;
63654 : 170;
63655 : 162;
63656 : 170;
63657 : 170;
63658 : 170;
63659 : 179;
63660 : 179;
63661 : 179;
63662 : 192;
63663 : 192;
63664 : 192;
63665 : 192;
63666 : 200;
63667 : 200;
63668 : 200;
63669 : 206;
63670 : 212;
63671 : 212;
63672 : 212;
63673 : 212;
63674 : 212;
63675 : 212;
63676 : 212;
63677 : 141;
63678 : 77;
63679 : 77;
63680 : 86;
63681 : 86;
63682 : 100;
63683 : 94;
63684 : 100;
63685 : 106;
63686 : 106;
63687 : 113;
63688 : 106;
63689 : 113;
63690 : 113;
63691 : 113;
63692 : 113;
63693 : 120;
63694 : 113;
63695 : 113;
63696 : 106;
63697 : 113;
63698 : 113;
63699 : 100;
63700 : 106;
63701 : 94;
63702 : 94;
63703 : 86;
63704 : 100;
63705 : 106;
63706 : 100;
63707 : 106;
63708 : 86;
63709 : 94;
63710 : 77;
63711 : 86;
63712 : 77;
63713 : 86;
63714 : 100;
63715 : 106;
63716 : 94;
63717 : 86;
63718 : 86;
63719 : 77;
63720 : 77;
63721 : 77;
63722 : 57;
63723 : 68;
63724 : 68;
63725 : 94;
63726 : 100;
63727 : 113;
63728 : 113;
63729 : 120;
63730 : 113;
63731 : 106;
63732 : 106;
63733 : 94;
63734 : 86;
63735 : 68;
63736 : 57;
63737 : 68;
63738 : 57;
63739 : 68;
63740 : 57;
63741 : 49;
63742 : 57;
63743 : 49;
63744 : 49;
63745 : 57;
63746 : 68;
63747 : 57;
63748 : 68;
63749 : 68;
63750 : 86;
63751 : 113;
63752 : 162;
63753 : 179;
63754 : 192;
63755 : 192;
63756 : 192;
63757 : 170;
63758 : 135;
63759 : 106;
63760 : 106;
63761 : 125;
63762 : 141;
63763 : 162;
63764 : 170;
63765 : 179;
63766 : 179;
63767 : 179;
63768 : 179;
63769 : 192;
63770 : 179;
63771 : 179;
63772 : 179;
63773 : 170;
63774 : 113;
63775 : 68;
63776 : 49;
63777 : 68;
63778 : 57;
63779 : 57;
63780 : 49;
63781 : 57;
63782 : 42;
63783 : 49;
63784 : 42;
63785 : 57;
63786 : 57;
63787 : 57;
63788 : 57;
63789 : 57;
63790 : 68;
63791 : 57;
63792 : 49;
63793 : 100;
63794 : 49;
63795 : 49;
63796 : 34;
63797 : 68;
63798 : 113;
63799 : 42;
63800 : 34;
63801 : 42;
63802 : 42;
63803 : 100;
63804 : 120;
63805 : 42;
63806 : 141;
63807 : 135;
63808 : 49;
63809 : 42;
63810 : 49;
63811 : 106;
63812 : 135;
63813 : 77;
63814 : 34;
63815 : 34;
63816 : 57;
63817 : 86;
63818 : 130;
63819 : 34;
63820 : 42;
63821 : 68;
63822 : 106;
63823 : 113;
63824 : 77;
63825 : 68;
63826 : 49;
63827 : 42;
63828 : 42;
63829 : 34;
63830 : 49;
63831 : 42;
63832 : 49;
63833 : 42;
63834 : 57;
63835 : 49;
63836 : 57;
63837 : 68;
63838 : 86;
63839 : 94;
63840 : 100;
63841 : 106;
63842 : 113;
63843 : 113;
63844 : 113;
63845 : 120;
63846 : 120;
63847 : 120;
63848 : 120;
63849 : 125;
63850 : 120;
63851 : 125;
63852 : 125;
63853 : 130;
63854 : 135;
63855 : 125;
63856 : 130;
63857 : 130;
63858 : 130;
63859 : 130;
63860 : 130;
63861 : 130;
63862 : 130;
63863 : 135;
63864 : 141;
63865 : 135;
63866 : 135;
63867 : 130;
63868 : 135;
63869 : 135;
63870 : 135;
63871 : 141;
63872 : 135;
63873 : 135;
63874 : 135;
63875 : 141;
63876 : 148;
63877 : 141;
63878 : 141;
63879 : 141;
63880 : 141;
63881 : 148;
63882 : 141;
63883 : 148;
63884 : 141;
63885 : 141;
63886 : 148;
63887 : 148;
63888 : 141;
63889 : 148;
63890 : 148;
63891 : 141;
63892 : 148;
63893 : 141;
63894 : 148;
63895 : 141;
63896 : 141;
63897 : 141;
63898 : 148;
63899 : 148;
63900 : 155;
63901 : 148;
63902 : 148;
63903 : 155;
63904 : 148;
63905 : 155;
63906 : 155;
63907 : 155;
63908 : 162;
63909 : 162;
63910 : 162;
63911 : 162;
63912 : 170;
63913 : 170;
63914 : 179;
63915 : 179;
63916 : 179;
63917 : 179;
63918 : 192;
63919 : 179;
63920 : 192;
63921 : 200;
63922 : 192;
63923 : 200;
63924 : 206;
63925 : 206;
63926 : 206;
63927 : 206;
63928 : 212;
63929 : 206;
63930 : 212;
63931 : 212;
63932 : 212;
63933 : 192;
63934 : 68;
63935 : 68;
63936 : 86;
63937 : 86;
63938 : 100;
63939 : 100;
63940 : 106;
63941 : 106;
63942 : 113;
63943 : 113;
63944 : 113;
63945 : 120;
63946 : 120;
63947 : 120;
63948 : 113;
63949 : 120;
63950 : 120;
63951 : 113;
63952 : 120;
63953 : 113;
63954 : 106;
63955 : 106;
63956 : 106;
63957 : 106;
63958 : 94;
63959 : 100;
63960 : 106;
63961 : 113;
63962 : 106;
63963 : 106;
63964 : 94;
63965 : 86;
63966 : 77;
63967 : 77;
63968 : 86;
63969 : 94;
63970 : 100;
63971 : 94;
63972 : 77;
63973 : 77;
63974 : 68;
63975 : 68;
63976 : 68;
63977 : 77;
63978 : 68;
63979 : 77;
63980 : 86;
63981 : 100;
63982 : 113;
63983 : 120;
63984 : 120;
63985 : 120;
63986 : 113;
63987 : 106;
63988 : 100;
63989 : 86;
63990 : 77;
63991 : 68;
63992 : 57;
63993 : 57;
63994 : 49;
63995 : 57;
63996 : 49;
63997 : 49;
63998 : 49;
63999 : 57;
64000 : 49;
64001 : 57;
64002 : 49;
64003 : 57;
64004 : 57;
64005 : 68;
64006 : 68;
64007 : 120;
64008 : 170;
64009 : 200;
64010 : 206;
64011 : 200;
64012 : 200;
64013 : 192;
64014 : 155;
64015 : 100;
64016 : 120;
64017 : 120;
64018 : 148;
64019 : 162;
64020 : 170;
64021 : 179;
64022 : 179;
64023 : 179;
64024 : 179;
64025 : 179;
64026 : 179;
64027 : 192;
64028 : 179;
64029 : 155;
64030 : 106;
64031 : 77;
64032 : 57;
64033 : 57;
64034 : 49;
64035 : 49;
64036 : 34;
64037 : 57;
64038 : 42;
64039 : 57;
64040 : 42;
64041 : 49;
64042 : 68;
64043 : 57;
64044 : 49;
64045 : 57;
64046 : 57;
64047 : 57;
64048 : 42;
64049 : 86;
64050 : 49;
64051 : 42;
64052 : 42;
64053 : 57;
64054 : 135;
64055 : 68;
64056 : 34;
64057 : 49;
64058 : 49;
64059 : 125;
64060 : 130;
64061 : 49;
64062 : 125;
64063 : 135;
64064 : 77;
64065 : 57;
64066 : 42;
64067 : 86;
64068 : 94;
64069 : 68;
64070 : 77;
64071 : 34;
64072 : 34;
64073 : 86;
64074 : 57;
64075 : 135;
64076 : 49;
64077 : 42;
64078 : 68;
64079 : 94;
64080 : 130;
64081 : 57;
64082 : 42;
64083 : 68;
64084 : 42;
64085 : 34;
64086 : 57;
64087 : 57;
64088 : 49;
64089 : 49;
64090 : 57;
64091 : 49;
64092 : 77;
64093 : 86;
64094 : 94;
64095 : 100;
64096 : 106;
64097 : 113;
64098 : 113;
64099 : 120;
64100 : 113;
64101 : 113;
64102 : 113;
64103 : 120;
64104 : 125;
64105 : 125;
64106 : 125;
64107 : 125;
64108 : 130;
64109 : 130;
64110 : 125;
64111 : 120;
64112 : 130;
64113 : 130;
64114 : 130;
64115 : 135;
64116 : 135;
64117 : 130;
64118 : 135;
64119 : 130;
64120 : 135;
64121 : 135;
64122 : 135;
64123 : 135;
64124 : 135;
64125 : 135;
64126 : 141;
64127 : 135;
64128 : 135;
64129 : 141;
64130 : 141;
64131 : 141;
64132 : 135;
64133 : 141;
64134 : 141;
64135 : 141;
64136 : 148;
64137 : 148;
64138 : 148;
64139 : 148;
64140 : 148;
64141 : 148;
64142 : 148;
64143 : 141;
64144 : 148;
64145 : 141;
64146 : 148;
64147 : 148;
64148 : 141;
64149 : 141;
64150 : 141;
64151 : 148;
64152 : 141;
64153 : 148;
64154 : 141;
64155 : 148;
64156 : 148;
64157 : 148;
64158 : 148;
64159 : 148;
64160 : 148;
64161 : 148;
64162 : 155;
64163 : 155;
64164 : 155;
64165 : 162;
64166 : 162;
64167 : 170;
64168 : 170;
64169 : 170;
64170 : 170;
64171 : 179;
64172 : 179;
64173 : 179;
64174 : 179;
64175 : 192;
64176 : 192;
64177 : 192;
64178 : 200;
64179 : 200;
64180 : 200;
64181 : 206;
64182 : 206;
64183 : 206;
64184 : 206;
64185 : 212;
64186 : 206;
64187 : 212;
64188 : 212;
64189 : 206;
64190 : 57;
64191 : 77;
64192 : 86;
64193 : 86;
64194 : 94;
64195 : 106;
64196 : 106;
64197 : 106;
64198 : 106;
64199 : 106;
64200 : 113;
64201 : 113;
64202 : 120;
64203 : 120;
64204 : 125;
64205 : 113;
64206 : 113;
64207 : 113;
64208 : 113;
64209 : 113;
64210 : 113;
64211 : 113;
64212 : 106;
64213 : 106;
64214 : 100;
64215 : 106;
64216 : 113;
64217 : 113;
64218 : 113;
64219 : 100;
64220 : 100;
64221 : 86;
64222 : 86;
64223 : 100;
64224 : 100;
64225 : 100;
64226 : 100;
64227 : 86;
64228 : 77;
64229 : 68;
64230 : 68;
64231 : 68;
64232 : 77;
64233 : 68;
64234 : 68;
64235 : 86;
64236 : 94;
64237 : 113;
64238 : 120;
64239 : 120;
64240 : 120;
64241 : 113;
64242 : 113;
64243 : 100;
64244 : 86;
64245 : 86;
64246 : 68;
64247 : 57;
64248 : 57;
64249 : 57;
64250 : 57;
64251 : 49;
64252 : 57;
64253 : 57;
64254 : 57;
64255 : 68;
64256 : 49;
64257 : 57;
64258 : 49;
64259 : 49;
64260 : 57;
64261 : 57;
64262 : 68;
64263 : 120;
64264 : 192;
64265 : 200;
64266 : 206;
64267 : 200;
64268 : 200;
64269 : 192;
64270 : 170;
64271 : 106;
64272 : 113;
64273 : 125;
64274 : 141;
64275 : 162;
64276 : 170;
64277 : 179;
64278 : 170;
64279 : 179;
64280 : 179;
64281 : 179;
64282 : 179;
64283 : 179;
64284 : 179;
64285 : 162;
64286 : 130;
64287 : 113;
64288 : 68;
64289 : 49;
64290 : 42;
64291 : 57;
64292 : 57;
64293 : 57;
64294 : 49;
64295 : 49;
64296 : 42;
64297 : 68;
64298 : 49;
64299 : 57;
64300 : 57;
64301 : 68;
64302 : 57;
64303 : 77;
64304 : 42;
64305 : 42;
64306 : 106;
64307 : 34;
64308 : 42;
64309 : 77;
64310 : 148;
64311 : 68;
64312 : 42;
64313 : 49;
64314 : 34;
64315 : 120;
64316 : 141;
64317 : 68;
64318 : 68;
64319 : 148;
64320 : 120;
64321 : 42;
64322 : 42;
64323 : 42;
64324 : 106;
64325 : 113;
64326 : 57;
64327 : 57;
64328 : 42;
64329 : 86;
64330 : 68;
64331 : 113;
64332 : 86;
64333 : 42;
64334 : 86;
64335 : 86;
64336 : 113;
64337 : 86;
64338 : 100;
64339 : 94;
64340 : 42;
64341 : 34;
64342 : 34;
64343 : 42;
64344 : 49;
64345 : 49;
64346 : 57;
64347 : 68;
64348 : 86;
64349 : 86;
64350 : 100;
64351 : 106;
64352 : 106;
64353 : 113;
64354 : 113;
64355 : 113;
64356 : 120;
64357 : 113;
64358 : 120;
64359 : 120;
64360 : 120;
64361 : 120;
64362 : 125;
64363 : 120;
64364 : 120;
64365 : 130;
64366 : 125;
64367 : 125;
64368 : 135;
64369 : 130;
64370 : 130;
64371 : 135;
64372 : 130;
64373 : 135;
64374 : 130;
64375 : 130;
64376 : 135;
64377 : 135;
64378 : 130;
64379 : 141;
64380 : 135;
64381 : 135;
64382 : 141;
64383 : 135;
64384 : 141;
64385 : 135;
64386 : 141;
64387 : 135;
64388 : 148;
64389 : 141;
64390 : 135;
64391 : 141;
64392 : 148;
64393 : 141;
64394 : 141;
64395 : 148;
64396 : 141;
64397 : 148;
64398 : 148;
64399 : 148;
64400 : 141;
64401 : 148;
64402 : 148;
64403 : 148;
64404 : 155;
64405 : 141;
64406 : 148;
64407 : 148;
64408 : 155;
64409 : 148;
64410 : 141;
64411 : 148;
64412 : 148;
64413 : 148;
64414 : 148;
64415 : 155;
64416 : 155;
64417 : 148;
64418 : 155;
64419 : 155;
64420 : 162;
64421 : 162;
64422 : 162;
64423 : 170;
64424 : 170;
64425 : 170;
64426 : 170;
64427 : 179;
64428 : 179;
64429 : 179;
64430 : 192;
64431 : 192;
64432 : 179;
64433 : 192;
64434 : 200;
64435 : 200;
64436 : 200;
64437 : 200;
64438 : 206;
64439 : 206;
64440 : 212;
64441 : 206;
64442 : 212;
64443 : 212;
64444 : 212;
64445 : 212;
64446 : 94;
64447 : 68;
64448 : 86;
64449 : 86;
64450 : 94;
64451 : 100;
64452 : 100;
64453 : 106;
64454 : 106;
64455 : 113;
64456 : 113;
64457 : 120;
64458 : 120;
64459 : 120;
64460 : 120;
64461 : 120;
64462 : 120;
64463 : 113;
64464 : 120;
64465 : 113;
64466 : 106;
64467 : 106;
64468 : 113;
64469 : 106;
64470 : 113;
64471 : 120;
64472 : 120;
64473 : 113;
64474 : 113;
64475 : 106;
64476 : 100;
64477 : 94;
64478 : 94;
64479 : 94;
64480 : 100;
64481 : 86;
64482 : 94;
64483 : 77;
64484 : 77;
64485 : 68;
64486 : 77;
64487 : 77;
64488 : 86;
64489 : 68;
64490 : 77;
64491 : 86;
64492 : 113;
64493 : 113;
64494 : 125;
64495 : 125;
64496 : 120;
64497 : 106;
64498 : 113;
64499 : 86;
64500 : 86;
64501 : 77;
64502 : 57;
64503 : 57;
64504 : 49;
64505 : 57;
64506 : 68;
64507 : 49;
64508 : 49;
64509 : 57;
64510 : 68;
64511 : 94;
64512 : 49;
64513 : 49;
64514 : 57;
64515 : 49;
64516 : 57;
64517 : 57;
64518 : 68;
64519 : 125;
64520 : 200;
64521 : 192;
64522 : 200;
64523 : 206;
64524 : 200;
64525 : 192;
64526 : 179;
64527 : 120;
64528 : 113;
64529 : 125;
64530 : 148;
64531 : 162;
64532 : 162;
64533 : 179;
64534 : 179;
64535 : 170;
64536 : 179;
64537 : 179;
64538 : 179;
64539 : 179;
64540 : 179;
64541 : 170;
64542 : 135;
64543 : 113;
64544 : 57;
64545 : 49;
64546 : 42;
64547 : 57;
64548 : 34;
64549 : 49;
64550 : 49;
64551 : 42;
64552 : 49;
64553 : 57;
64554 : 68;
64555 : 57;
64556 : 68;
64557 : 57;
64558 : 68;
64559 : 68;
64560 : 49;
64561 : 42;
64562 : 113;
64563 : 57;
64564 : 49;
64565 : 100;
64566 : 100;
64567 : 77;
64568 : 42;
64569 : 49;
64570 : 57;
64571 : 120;
64572 : 148;
64573 : 57;
64574 : 77;
64575 : 77;
64576 : 141;
64577 : 49;
64578 : 42;
64579 : 42;
64580 : 94;
64581 : 120;
64582 : 34;
64583 : 57;
64584 : 57;
64585 : 49;
64586 : 86;
64587 : 68;
64588 : 100;
64589 : 34;
64590 : 77;
64591 : 57;
64592 : 120;
64593 : 86;
64594 : 113;
64595 : 130;
64596 : 42;
64597 : 34;
64598 : 34;
64599 : 42;
64600 : 49;
64601 : 57;
64602 : 68;
64603 : 77;
64604 : 94;
64605 : 100;
64606 : 106;
64607 : 100;
64608 : 106;
64609 : 120;
64610 : 106;
64611 : 120;
64612 : 113;
64613 : 113;
64614 : 125;
64615 : 120;
64616 : 120;
64617 : 125;
64618 : 130;
64619 : 125;
64620 : 125;
64621 : 130;
64622 : 125;
64623 : 125;
64624 : 130;
64625 : 135;
64626 : 135;
64627 : 130;
64628 : 135;
64629 : 130;
64630 : 130;
64631 : 130;
64632 : 130;
64633 : 135;
64634 : 130;
64635 : 135;
64636 : 135;
64637 : 135;
64638 : 135;
64639 : 141;
64640 : 141;
64641 : 135;
64642 : 135;
64643 : 141;
64644 : 141;
64645 : 135;
64646 : 141;
64647 : 141;
64648 : 148;
64649 : 148;
64650 : 141;
64651 : 148;
64652 : 141;
64653 : 141;
64654 : 148;
64655 : 148;
64656 : 148;
64657 : 148;
64658 : 141;
64659 : 148;
64660 : 148;
64661 : 141;
64662 : 148;
64663 : 155;
64664 : 148;
64665 : 148;
64666 : 148;
64667 : 141;
64668 : 155;
64669 : 148;
64670 : 155;
64671 : 155;
64672 : 155;
64673 : 155;
64674 : 155;
64675 : 162;
64676 : 162;
64677 : 162;
64678 : 162;
64679 : 170;
64680 : 162;
64681 : 170;
64682 : 170;
64683 : 179;
64684 : 170;
64685 : 179;
64686 : 179;
64687 : 179;
64688 : 192;
64689 : 192;
64690 : 192;
64691 : 200;
64692 : 192;
64693 : 200;
64694 : 206;
64695 : 206;
64696 : 206;
64697 : 212;
64698 : 206;
64699 : 212;
64700 : 212;
64701 : 212;
64702 : 141;
64703 : 77;
64704 : 68;
64705 : 86;
64706 : 86;
64707 : 106;
64708 : 100;
64709 : 94;
64710 : 106;
64711 : 106;
64712 : 120;
64713 : 120;
64714 : 120;
64715 : 113;
64716 : 120;
64717 : 120;
64718 : 120;
64719 : 120;
64720 : 120;
64721 : 113;
64722 : 106;
64723 : 113;
64724 : 113;
64725 : 113;
64726 : 120;
64727 : 125;
64728 : 130;
64729 : 120;
64730 : 106;
64731 : 100;
64732 : 94;
64733 : 94;
64734 : 100;
64735 : 106;
64736 : 86;
64737 : 86;
64738 : 86;
64739 : 94;
64740 : 86;
64741 : 86;
64742 : 68;
64743 : 77;
64744 : 77;
64745 : 77;
64746 : 86;
64747 : 106;
64748 : 120;
64749 : 125;
64750 : 125;
64751 : 125;
64752 : 120;
64753 : 106;
64754 : 100;
64755 : 86;
64756 : 86;
64757 : 57;
64758 : 49;
64759 : 49;
64760 : 49;
64761 : 49;
64762 : 57;
64763 : 68;
64764 : 57;
64765 : 77;
64766 : 86;
64767 : 94;
64768 : 57;
64769 : 49;
64770 : 49;
64771 : 57;
64772 : 57;
64773 : 57;
64774 : 57;
64775 : 113;
64776 : 192;
64777 : 192;
64778 : 200;
64779 : 200;
64780 : 200;
64781 : 200;
64782 : 179;
64783 : 130;
64784 : 113;
64785 : 120;
64786 : 148;
64787 : 162;
64788 : 170;
64789 : 179;
64790 : 170;
64791 : 179;
64792 : 179;
64793 : 179;
64794 : 179;
64795 : 192;
64796 : 170;
64797 : 155;
64798 : 106;
64799 : 86;
64800 : 49;
64801 : 57;
64802 : 49;
64803 : 49;
64804 : 42;
64805 : 49;
64806 : 57;
64807 : 42;
64808 : 57;
64809 : 57;
64810 : 49;
64811 : 68;
64812 : 68;
64813 : 77;
64814 : 68;
64815 : 77;
64816 : 68;
64817 : 49;
64818 : 57;
64819 : 77;
64820 : 49;
64821 : 148;
64822 : 68;
64823 : 68;
64824 : 49;
64825 : 49;
64826 : 57;
64827 : 113;
64828 : 141;
64829 : 34;
64830 : 94;
64831 : 68;
64832 : 148;
64833 : 120;
64834 : 42;
64835 : 49;
64836 : 68;
64837 : 100;
64838 : 113;
64839 : 49;
64840 : 49;
64841 : 68;
64842 : 77;
64843 : 94;
64844 : 68;
64845 : 68;
64846 : 49;
64847 : 77;
64848 : 77;
64849 : 77;
64850 : 77;
64851 : 135;
64852 : 141;
64853 : 34;
64854 : 42;
64855 : 42;
64856 : 57;
64857 : 68;
64858 : 77;
64859 : 77;
64860 : 86;
64861 : 94;
64862 : 113;
64863 : 106;
64864 : 113;
64865 : 113;
64866 : 120;
64867 : 120;
64868 : 120;
64869 : 125;
64870 : 120;
64871 : 120;
64872 : 130;
64873 : 120;
64874 : 130;
64875 : 125;
64876 : 120;
64877 : 125;
64878 : 130;
64879 : 130;
64880 : 130;
64881 : 130;
64882 : 130;
64883 : 130;
64884 : 130;
64885 : 130;
64886 : 130;
64887 : 130;
64888 : 135;
64889 : 135;
64890 : 141;
64891 : 141;
64892 : 135;
64893 : 135;
64894 : 130;
64895 : 141;
64896 : 141;
64897 : 141;
64898 : 135;
64899 : 141;
64900 : 141;
64901 : 135;
64902 : 141;
64903 : 141;
64904 : 148;
64905 : 141;
64906 : 148;
64907 : 148;
64908 : 148;
64909 : 148;
64910 : 141;
64911 : 141;
64912 : 141;
64913 : 148;
64914 : 148;
64915 : 148;
64916 : 155;
64917 : 148;
64918 : 148;
64919 : 148;
64920 : 141;
64921 : 148;
64922 : 148;
64923 : 148;
64924 : 155;
64925 : 148;
64926 : 155;
64927 : 148;
64928 : 148;
64929 : 148;
64930 : 155;
64931 : 162;
64932 : 155;
64933 : 170;
64934 : 162;
64935 : 162;
64936 : 162;
64937 : 170;
64938 : 170;
64939 : 179;
64940 : 179;
64941 : 179;
64942 : 192;
64943 : 192;
64944 : 192;
64945 : 192;
64946 : 192;
64947 : 200;
64948 : 200;
64949 : 200;
64950 : 206;
64951 : 200;
64952 : 206;
64953 : 206;
64954 : 206;
64955 : 212;
64956 : 212;
64957 : 212;
64958 : 192;
64959 : 68;
64960 : 77;
64961 : 86;
64962 : 94;
64963 : 94;
64964 : 100;
64965 : 94;
64966 : 100;
64967 : 106;
64968 : 113;
64969 : 120;
64970 : 113;
64971 : 120;
64972 : 120;
64973 : 125;
64974 : 125;
64975 : 125;
64976 : 120;
64977 : 113;
64978 : 120;
64979 : 120;
64980 : 125;
64981 : 125;
64982 : 135;
64983 : 130;
64984 : 125;
64985 : 113;
64986 : 100;
64987 : 100;
64988 : 94;
64989 : 86;
64990 : 94;
64991 : 86;
64992 : 86;
64993 : 77;
64994 : 77;
64995 : 86;
64996 : 86;
64997 : 86;
64998 : 86;
64999 : 77;
65000 : 86;
65001 : 86;
65002 : 113;
65003 : 113;
65004 : 125;
65005 : 130;
65006 : 125;
65007 : 125;
65008 : 106;
65009 : 106;
65010 : 86;
65011 : 86;
65012 : 57;
65013 : 49;
65014 : 57;
65015 : 49;
65016 : 49;
65017 : 49;
65018 : 49;
65019 : 68;
65020 : 77;
65021 : 86;
65022 : 94;
65023 : 86;
65024 : 42;
65025 : 49;
65026 : 49;
65027 : 49;
65028 : 49;
65029 : 57;
65030 : 68;
65031 : 106;
65032 : 200;
65033 : 200;
65034 : 200;
65035 : 200;
65036 : 192;
65037 : 192;
65038 : 179;
65039 : 125;
65040 : 106;
65041 : 130;
65042 : 141;
65043 : 162;
65044 : 170;
65045 : 179;
65046 : 179;
65047 : 179;
65048 : 179;
65049 : 179;
65050 : 179;
65051 : 179;
65052 : 179;
65053 : 170;
65054 : 68;
65055 : 86;
65056 : 49;
65057 : 68;
65058 : 49;
65059 : 49;
65060 : 42;
65061 : 57;
65062 : 68;
65063 : 42;
65064 : 77;
65065 : 49;
65066 : 57;
65067 : 68;
65068 : 68;
65069 : 77;
65070 : 57;
65071 : 68;
65072 : 86;
65073 : 57;
65074 : 57;
65075 : 86;
65076 : 68;
65077 : 162;
65078 : 49;
65079 : 57;
65080 : 57;
65081 : 77;
65082 : 49;
65083 : 125;
65084 : 130;
65085 : 34;
65086 : 94;
65087 : 86;
65088 : 77;
65089 : 141;
65090 : 86;
65091 : 57;
65092 : 68;
65093 : 141;
65094 : 113;
65095 : 42;
65096 : 42;
65097 : 49;
65098 : 57;
65099 : 68;
65100 : 77;
65101 : 68;
65102 : 49;
65103 : 49;
65104 : 57;
65105 : 113;
65106 : 57;
65107 : 77;
65108 : 106;
65109 : 113;
65110 : 42;
65111 : 49;
65112 : 77;
65113 : 77;
65114 : 86;
65115 : 86;
65116 : 86;
65117 : 100;
65118 : 106;
65119 : 113;
65120 : 113;
65121 : 113;
65122 : 120;
65123 : 113;
65124 : 125;
65125 : 120;
65126 : 125;
65127 : 125;
65128 : 125;
65129 : 125;
65130 : 120;
65131 : 125;
65132 : 135;
65133 : 125;
65134 : 130;
65135 : 125;
65136 : 130;
65137 : 125;
65138 : 130;
65139 : 130;
65140 : 135;
65141 : 135;
65142 : 130;
65143 : 130;
65144 : 130;
65145 : 135;
65146 : 135;
65147 : 135;
65148 : 141;
65149 : 130;
65150 : 130;
65151 : 135;
65152 : 135;
65153 : 135;
65154 : 141;
65155 : 135;
65156 : 141;
65157 : 148;
65158 : 141;
65159 : 141;
65160 : 148;
65161 : 148;
65162 : 148;
65163 : 141;
65164 : 141;
65165 : 141;
65166 : 141;
65167 : 148;
65168 : 148;
65169 : 148;
65170 : 141;
65171 : 148;
65172 : 148;
65173 : 155;
65174 : 148;
65175 : 148;
65176 : 148;
65177 : 148;
65178 : 148;
65179 : 148;
65180 : 148;
65181 : 155;
65182 : 148;
65183 : 148;
65184 : 155;
65185 : 155;
65186 : 155;
65187 : 155;
65188 : 162;
65189 : 162;
65190 : 162;
65191 : 170;
65192 : 162;
65193 : 170;
65194 : 170;
65195 : 170;
65196 : 170;
65197 : 170;
65198 : 179;
65199 : 179;
65200 : 192;
65201 : 192;
65202 : 192;
65203 : 192;
65204 : 200;
65205 : 200;
65206 : 200;
65207 : 206;
65208 : 206;
65209 : 212;
65210 : 212;
65211 : 206;
65212 : 212;
65213 : 212;
65214 : 206;
65215 : 94;
65216 : 94;
65217 : 86;
65218 : 86;
65219 : 94;
65220 : 86;
65221 : 94;
65222 : 94;
65223 : 113;
65224 : 106;
65225 : 106;
65226 : 113;
65227 : 125;
65228 : 135;
65229 : 130;
65230 : 125;
65231 : 120;
65232 : 120;
65233 : 120;
65234 : 120;
65235 : 125;
65236 : 130;
65237 : 135;
65238 : 135;
65239 : 130;
65240 : 125;
65241 : 113;
65242 : 100;
65243 : 94;
65244 : 100;
65245 : 86;
65246 : 86;
65247 : 77;
65248 : 68;
65249 : 77;
65250 : 86;
65251 : 94;
65252 : 86;
65253 : 86;
65254 : 86;
65255 : 86;
65256 : 86;
65257 : 94;
65258 : 106;
65259 : 120;
65260 : 125;
65261 : 130;
65262 : 125;
65263 : 120;
65264 : 106;
65265 : 86;
65266 : 77;
65267 : 57;
65268 : 49;
65269 : 49;
65270 : 42;
65271 : 42;
65272 : 49;
65273 : 57;
65274 : 57;
65275 : 68;
65276 : 77;
65277 : 94;
65278 : 106;
65279 : 100;
65280 : 42;
65281 : 49;
65282 : 49;
65283 : 49;
65284 : 49;
65285 : 49;
65286 : 49;
65287 : 106;
65288 : 192;
65289 : 192;
65290 : 200;
65291 : 200;
65292 : 192;
65293 : 192;
65294 : 179;
65295 : 113;
65296 : 113;
65297 : 130;
65298 : 141;
65299 : 162;
65300 : 162;
65301 : 179;
65302 : 179;
65303 : 179;
65304 : 179;
65305 : 179;
65306 : 192;
65307 : 179;
65308 : 179;
65309 : 170;
65310 : 68;
65311 : 94;
65312 : 57;
65313 : 68;
65314 : 42;
65315 : 42;
65316 : 34;
65317 : 57;
65318 : 57;
65319 : 34;
65320 : 68;
65321 : 42;
65322 : 68;
65323 : 86;
65324 : 68;
65325 : 77;
65326 : 57;
65327 : 68;
65328 : 86;
65329 : 57;
65330 : 57;
65331 : 106;
65332 : 57;
65333 : 170;
65334 : 57;
65335 : 49;
65336 : 68;
65337 : 49;
65338 : 57;
65339 : 120;
65340 : 130;
65341 : 34;
65342 : 86;
65343 : 77;
65344 : 68;
65345 : 130;
65346 : 120;
65347 : 57;
65348 : 49;
65349 : 155;
65350 : 86;
65351 : 34;
65352 : 49;
65353 : 42;
65354 : 49;
65355 : 68;
65356 : 86;
65357 : 68;
65358 : 49;
65359 : 57;
65360 : 49;
65361 : 120;
65362 : 34;
65363 : 57;
65364 : 100;
65365 : 77;
65366 : 86;
65367 : 57;
65368 : 86;
65369 : 86;
65370 : 86;
65371 : 86;
65372 : 94;
65373 : 100;
65374 : 106;
65375 : 106;
65376 : 113;
65377 : 113;
65378 : 120;
65379 : 120;
65380 : 125;
65381 : 120;
65382 : 125;
65383 : 125;
65384 : 125;
65385 : 125;
65386 : 130;
65387 : 130;
65388 : 125;
65389 : 125;
65390 : 130;
65391 : 125;
65392 : 130;
65393 : 125;
65394 : 130;
65395 : 130;
65396 : 135;
65397 : 135;
65398 : 135;
65399 : 130;
65400 : 130;
65401 : 135;
65402 : 135;
65403 : 141;
65404 : 135;
65405 : 135;
65406 : 135;
65407 : 141;
65408 : 135;
65409 : 135;
65410 : 135;
65411 : 141;
65412 : 135;
65413 : 141;
65414 : 141;
65415 : 135;
65416 : 148;
65417 : 141;
65418 : 148;
65419 : 141;
65420 : 141;
65421 : 141;
65422 : 141;
65423 : 148;
65424 : 148;
65425 : 148;
65426 : 148;
65427 : 148;
65428 : 148;
65429 : 148;
65430 : 155;
65431 : 148;
65432 : 148;
65433 : 155;
65434 : 148;
65435 : 148;
65436 : 148;
65437 : 148;
65438 : 155;
65439 : 155;
65440 : 155;
65441 : 155;
65442 : 155;
65443 : 155;
65444 : 155;
65445 : 162;
65446 : 162;
65447 : 162;
65448 : 170;
65449 : 162;
65450 : 170;
65451 : 170;
65452 : 170;
65453 : 179;
65454 : 179;
65455 : 192;
65456 : 179;
65457 : 192;
65458 : 192;
65459 : 192;
65460 : 192;
65461 : 200;
65462 : 206;
65463 : 200;
65464 : 206;
65465 : 206;
65466 : 206;
65467 : 206;
65468 : 212;
65469 : 212;
65470 : 212;
65471 : 113;
65472 : 113;
65473 : 94;
65474 : 86;
65475 : 86;
65476 : 86;
65477 : 94;
65478 : 100;
65479 : 106;
65480 : 106;
65481 : 100;
65482 : 125;
65483 : 125;
65484 : 130;
65485 : 135;
65486 : 130;
65487 : 130;
65488 : 125;
65489 : 125;
65490 : 120;
65491 : 130;
65492 : 135;
65493 : 141;
65494 : 135;
65495 : 130;
65496 : 120;
65497 : 106;
65498 : 94;
65499 : 94;
65500 : 86;
65501 : 86;
65502 : 68;
65503 : 77;
65504 : 77;
65505 : 77;
65506 : 86;
65507 : 86;
65508 : 86;
65509 : 86;
65510 : 86;
65511 : 77;
65512 : 86;
65513 : 94;
65514 : 113;
65515 : 125;
65516 : 120;
65517 : 130;
65518 : 125;
65519 : 120;
65520 : 100;
65521 : 86;
65522 : 57;
65523 : 57;
65524 : 57;
65525 : 49;
65526 : 42;
65527 : 49;
65528 : 49;
65529 : 57;
65530 : 68;
65531 : 86;
65532 : 94;
65533 : 106;
65534 : 106;
65535 : 106;
END;
