Analysis & Synthesis report for my_module
Fri May 16 21:44:15 2025
Quartus Prime Version 23.1std.1 Build 993 05/14/2024 SC Lite Edition


---------------------
; Table of Contents ;
---------------------
  1. Legal Notice
  2. Analysis & Synthesis Summary
  3. Analysis & Synthesis Settings
  4. Parallel Compilation
  5. Analysis & Synthesis Source Files Read
  6. Analysis & Synthesis Resource Usage Summary
  7. Analysis & Synthesis Resource Utilization by Entity
  8. Analysis & Synthesis IP Cores Summary
  9. State Machine - |my_module|control_unit:cu|state
 10. Registers Removed During Synthesis
 11. Removed Registers Triggering Further Register Optimizations
 12. General Register Statistics
 13. Multiplexer Restructuring Statistics (Restructuring Performed)
 14. Source assignments for datapath:dp|Gx:sobel_gx|altsyncram:altsyncram_component|altsyncram_7ue1:auto_generated
 15. Source assignments for datapath:dp|Gy:sobel_gy|altsyncram:altsyncram_component|altsyncram_8ue1:auto_generated
 16. Source assignments for datapath:dp|img_rom:my_img|altsyncram:altsyncram_component|altsyncram_dgf1:auto_generated
 17. Source assignments for datapath:dp|edg_ram_dual:my_edg|altsyncram:altsyncram_component|altsyncram_auv1:auto_generated
 18. Parameter Settings for User Entity Instance: datapath:dp
 19. Parameter Settings for User Entity Instance: datapath:dp|Gx:sobel_gx|altsyncram:altsyncram_component
 20. Parameter Settings for User Entity Instance: datapath:dp|Gy:sobel_gy|altsyncram:altsyncram_component
 21. Parameter Settings for User Entity Instance: datapath:dp|img_rom:my_img|altsyncram:altsyncram_component
 22. Parameter Settings for User Entity Instance: datapath:dp|edg_ram_dual:my_edg|altsyncram:altsyncram_component
 23. altsyncram Parameter Settings by Entity Instance
 24. Port Connectivity Checks: "control_unit:cu"
 25. Port Connectivity Checks: "datapath:dp|edg_ram_dual:my_edg"
 26. Port Connectivity Checks: "datapath:dp"
 27. Post-Synthesis Netlist Statistics for Top Partition
 28. Elapsed Time Per Partition
 29. Analysis & Synthesis Messages



----------------
; Legal Notice ;
----------------
Copyright (C) 2024  Intel Corporation. All rights reserved.
Your use of Intel Corporation's design tools, logic functions 
and other software and tools, and any partner logic 
functions, and any output files from any of the foregoing 
(including device programming or simulation files), and any 
associated documentation or information are expressly subject 
to the terms and conditions of the Intel Program License 
Subscription Agreement, the Intel Quartus Prime License Agreement,
the Intel FPGA IP License Agreement, or other applicable license
agreement, including, without limitation, that your use is for
the sole purpose of programming logic devices manufactured by
Intel and sold by Intel or its authorized distributors.  Please
refer to the applicable agreement for further details, at
https://fpgasoftware.intel.com/eula.



+----------------------------------------------------------------------------------+
; Analysis & Synthesis Summary                                                     ;
+---------------------------------+------------------------------------------------+
; Analysis & Synthesis Status     ; Successful - Fri May 16 21:44:15 2025          ;
; Quartus Prime Version           ; 23.1std.1 Build 993 05/14/2024 SC Lite Edition ;
; Revision Name                   ; my_module                                      ;
; Top-level Entity Name           ; my_module                                      ;
; Family                          ; Cyclone V                                      ;
; Logic utilization (in ALMs)     ; N/A                                            ;
; Total registers                 ; 0                                              ;
; Total pins                      ; 3                                              ;
; Total virtual pins              ; 0                                              ;
; Total block memory bits         ; 0                                              ;
; Total DSP Blocks                ; 0                                              ;
; Total HSSI RX PCSs              ; 0                                              ;
; Total HSSI PMA RX Deserializers ; 0                                              ;
; Total HSSI TX PCSs              ; 0                                              ;
; Total HSSI PMA TX Serializers   ; 0                                              ;
; Total PLLs                      ; 0                                              ;
; Total DLLs                      ; 0                                              ;
+---------------------------------+------------------------------------------------+


+---------------------------------------------------------------------------------------------------------------------------+
; Analysis & Synthesis Settings                                                                                             ;
+---------------------------------------------------------------------------------+--------------------+--------------------+
; Option                                                                          ; Setting            ; Default Value      ;
+---------------------------------------------------------------------------------+--------------------+--------------------+
; Device                                                                          ; 5CEBA4F23C7        ;                    ;
; Top-level entity name                                                           ; my_module          ; my_module          ;
; Family name                                                                     ; Cyclone V          ; Cyclone V          ;
; Use smart compilation                                                           ; Off                ; Off                ;
; Enable parallel Assembler and Timing Analyzer during compilation                ; On                 ; On                 ;
; Enable compact report table                                                     ; Off                ; Off                ;
; Restructure Multiplexers                                                        ; Auto               ; Auto               ;
; MLAB Add Timing Constraints For Mixed-Port Feed-Through Mode Setting Don't Care ; Off                ; Off                ;
; Create Debugging Nodes for IP Cores                                             ; Off                ; Off                ;
; Preserve fewer node names                                                       ; On                 ; On                 ;
; Intel FPGA IP Evaluation Mode                                                   ; Enable             ; Enable             ;
; Verilog Version                                                                 ; Verilog_2001       ; Verilog_2001       ;
; VHDL Version                                                                    ; VHDL_1993          ; VHDL_1993          ;
; State Machine Processing                                                        ; Auto               ; Auto               ;
; Safe State Machine                                                              ; Off                ; Off                ;
; Extract Verilog State Machines                                                  ; On                 ; On                 ;
; Extract VHDL State Machines                                                     ; On                 ; On                 ;
; Ignore Verilog initial constructs                                               ; Off                ; Off                ;
; Iteration limit for constant Verilog loops                                      ; 5000               ; 5000               ;
; Iteration limit for non-constant Verilog loops                                  ; 250                ; 250                ;
; Add Pass-Through Logic to Inferred RAMs                                         ; On                 ; On                 ;
; Infer RAMs from Raw Logic                                                       ; On                 ; On                 ;
; Parallel Synthesis                                                              ; On                 ; On                 ;
; DSP Block Balancing                                                             ; Auto               ; Auto               ;
; NOT Gate Push-Back                                                              ; On                 ; On                 ;
; Power-Up Don't Care                                                             ; On                 ; On                 ;
; Remove Redundant Logic Cells                                                    ; Off                ; Off                ;
; Remove Duplicate Registers                                                      ; On                 ; On                 ;
; Ignore CARRY Buffers                                                            ; Off                ; Off                ;
; Ignore CASCADE Buffers                                                          ; Off                ; Off                ;
; Ignore GLOBAL Buffers                                                           ; Off                ; Off                ;
; Ignore ROW GLOBAL Buffers                                                       ; Off                ; Off                ;
; Ignore LCELL Buffers                                                            ; Off                ; Off                ;
; Ignore SOFT Buffers                                                             ; On                 ; On                 ;
; Limit AHDL Integers to 32 Bits                                                  ; Off                ; Off                ;
; Optimization Technique                                                          ; Balanced           ; Balanced           ;
; Carry Chain Length                                                              ; 70                 ; 70                 ;
; Auto Carry Chains                                                               ; On                 ; On                 ;
; Auto Open-Drain Pins                                                            ; On                 ; On                 ;
; Perform WYSIWYG Primitive Resynthesis                                           ; Off                ; Off                ;
; Auto ROM Replacement                                                            ; On                 ; On                 ;
; Auto RAM Replacement                                                            ; On                 ; On                 ;
; Auto DSP Block Replacement                                                      ; On                 ; On                 ;
; Auto Shift Register Replacement                                                 ; Auto               ; Auto               ;
; Allow Shift Register Merging across Hierarchies                                 ; Auto               ; Auto               ;
; Auto Clock Enable Replacement                                                   ; On                 ; On                 ;
; Strict RAM Replacement                                                          ; Off                ; Off                ;
; Allow Synchronous Control Signals                                               ; On                 ; On                 ;
; Force Use of Synchronous Clear Signals                                          ; Off                ; Off                ;
; Auto Resource Sharing                                                           ; Off                ; Off                ;
; Allow Any RAM Size For Recognition                                              ; Off                ; Off                ;
; Allow Any ROM Size For Recognition                                              ; Off                ; Off                ;
; Allow Any Shift Register Size For Recognition                                   ; Off                ; Off                ;
; Use LogicLock Constraints during Resource Balancing                             ; On                 ; On                 ;
; Ignore translate_off and synthesis_off directives                               ; Off                ; Off                ;
; Timing-Driven Synthesis                                                         ; On                 ; On                 ;
; Report Parameter Settings                                                       ; On                 ; On                 ;
; Report Source Assignments                                                       ; On                 ; On                 ;
; Report Connectivity Checks                                                      ; On                 ; On                 ;
; Ignore Maximum Fan-Out Assignments                                              ; Off                ; Off                ;
; Synchronization Register Chain Length                                           ; 3                  ; 3                  ;
; Power Optimization During Synthesis                                             ; Normal compilation ; Normal compilation ;
; HDL message level                                                               ; Level2             ; Level2             ;
; Suppress Register Optimization Related Messages                                 ; Off                ; Off                ;
; Number of Removed Registers Reported in Synthesis Report                        ; 5000               ; 5000               ;
; Number of Swept Nodes Reported in Synthesis Report                              ; 5000               ; 5000               ;
; Number of Inverted Registers Reported in Synthesis Report                       ; 100                ; 100                ;
; Clock MUX Protection                                                            ; On                 ; On                 ;
; Auto Gated Clock Conversion                                                     ; Off                ; Off                ;
; Block Design Naming                                                             ; Auto               ; Auto               ;
; SDC constraint protection                                                       ; Off                ; Off                ;
; Synthesis Effort                                                                ; Auto               ; Auto               ;
; Shift Register Replacement - Allow Asynchronous Clear Signal                    ; On                 ; On                 ;
; Pre-Mapping Resynthesis Optimization                                            ; Off                ; Off                ;
; Analysis & Synthesis Message Level                                              ; Medium             ; Medium             ;
; Disable Register Merging Across Hierarchies                                     ; Auto               ; Auto               ;
; Resource Aware Inference For Block RAM                                          ; On                 ; On                 ;
; Automatic Parallel Synthesis                                                    ; On                 ; On                 ;
; Partial Reconfiguration Bitstream ID                                            ; Off                ; Off                ;
+---------------------------------------------------------------------------------+--------------------+--------------------+


+------------------------------------------+
; Parallel Compilation                     ;
+----------------------------+-------------+
; Processors                 ; Number      ;
+----------------------------+-------------+
; Number detected on machine ; 8           ;
; Maximum allowed            ; 4           ;
;                            ;             ;
; Average used               ; 1.00        ;
; Maximum used               ; 1           ;
;                            ;             ;
; Usage by Processor         ; % Time Used ;
;     Processor 1            ; 100.0%      ;
+----------------------------+-------------+


+-----------------------------------------------------------------------------------------------------------------------------------------------------------------------------------------+
; Analysis & Synthesis Source Files Read                                                                                                                                                  ;
+----------------------------------+-----------------+----------------------------------------+---------------------------------------------------------------------------------+---------+
; File Name with User-Entered Path ; Used in Netlist ; File Type                              ; File Name with Absolute Path                                                    ; Library ;
+----------------------------------+-----------------+----------------------------------------+---------------------------------------------------------------------------------+---------+
; datapath.v                       ; yes             ; User Verilog HDL File                  ; C:/Workspace/emb/module/datapath.v                                              ;         ;
; img_rom.v                        ; yes             ; User Wizard-Generated File             ; C:/Workspace/emb/module/img_rom.v                                               ;         ;
; edg_ram_dual.v                   ; yes             ; User Wizard-Generated File             ; C:/Workspace/emb/module/edg_ram_dual.v                                          ;         ;
; Gx.v                             ; yes             ; User Wizard-Generated File             ; C:/Workspace/emb/module/Gx.v                                                    ;         ;
; Gy.v                             ; yes             ; User Wizard-Generated File             ; C:/Workspace/emb/module/Gy.v                                                    ;         ;
; control_unit.v                   ; yes             ; User Verilog HDL File                  ; C:/Workspace/emb/module/control_unit.v                                          ;         ;
; my_module.v                      ; yes             ; User Verilog HDL File                  ; C:/Workspace/emb/module/my_module.v                                             ;         ;
; altsyncram.tdf                   ; yes             ; Megafunction                           ; c:/intelfpga_lite/23.1std/quartus/libraries/megafunctions/altsyncram.tdf        ;         ;
; stratix_ram_block.inc            ; yes             ; Megafunction                           ; c:/intelfpga_lite/23.1std/quartus/libraries/megafunctions/stratix_ram_block.inc ;         ;
; lpm_mux.inc                      ; yes             ; Megafunction                           ; c:/intelfpga_lite/23.1std/quartus/libraries/megafunctions/lpm_mux.inc           ;         ;
; lpm_decode.inc                   ; yes             ; Megafunction                           ; c:/intelfpga_lite/23.1std/quartus/libraries/megafunctions/lpm_decode.inc        ;         ;
; aglobal231.inc                   ; yes             ; Megafunction                           ; c:/intelfpga_lite/23.1std/quartus/libraries/megafunctions/aglobal231.inc        ;         ;
; a_rdenreg.inc                    ; yes             ; Megafunction                           ; c:/intelfpga_lite/23.1std/quartus/libraries/megafunctions/a_rdenreg.inc         ;         ;
; altrom.inc                       ; yes             ; Megafunction                           ; c:/intelfpga_lite/23.1std/quartus/libraries/megafunctions/altrom.inc            ;         ;
; altram.inc                       ; yes             ; Megafunction                           ; c:/intelfpga_lite/23.1std/quartus/libraries/megafunctions/altram.inc            ;         ;
; altdpram.inc                     ; yes             ; Megafunction                           ; c:/intelfpga_lite/23.1std/quartus/libraries/megafunctions/altdpram.inc          ;         ;
; db/altsyncram_7ue1.tdf           ; yes             ; Auto-Generated Megafunction            ; C:/Workspace/emb/module/db/altsyncram_7ue1.tdf                                  ;         ;
; gx.mif                           ; yes             ; Auto-Found Memory Initialization File  ; C:/Workspace/emb/module/gx.mif                                                  ;         ;
; db/altsyncram_8ue1.tdf           ; yes             ; Auto-Generated Megafunction            ; C:/Workspace/emb/module/db/altsyncram_8ue1.tdf                                  ;         ;
; gy.mif                           ; yes             ; Auto-Found Memory Initialization File  ; C:/Workspace/emb/module/gy.mif                                                  ;         ;
; db/altsyncram_dgf1.tdf           ; yes             ; Auto-Generated Megafunction            ; C:/Workspace/emb/module/db/altsyncram_dgf1.tdf                                  ;         ;
; woman.mif                        ; yes             ; Auto-Found Memory Initialization File  ; C:/Workspace/emb/module/woman.mif                                               ;         ;
; db/decode_61a.tdf                ; yes             ; Auto-Generated Megafunction            ; C:/Workspace/emb/module/db/decode_61a.tdf                                       ;         ;
; db/mux_tfb.tdf                   ; yes             ; Auto-Generated Megafunction            ; C:/Workspace/emb/module/db/mux_tfb.tdf                                          ;         ;
; db/altsyncram_auv1.tdf           ; yes             ; Auto-Generated Megafunction            ; C:/Workspace/emb/module/db/altsyncram_auv1.tdf                                  ;         ;
; edges.mif                        ; yes             ; Auto-Found Memory Initialization File  ; C:/Workspace/emb/module/edges.mif                                               ;         ;
; db/decode_dla.tdf                ; yes             ; Auto-Generated Megafunction            ; C:/Workspace/emb/module/db/decode_dla.tdf                                       ;         ;
+----------------------------------+-----------------+----------------------------------------+---------------------------------------------------------------------------------+---------+


+-----------------------------------------------------+
; Analysis & Synthesis Resource Usage Summary         ;
+---------------------------------------------+-------+
; Resource                                    ; Usage ;
+---------------------------------------------+-------+
; Estimate of Logic utilization (ALMs needed) ; 0     ;
;                                             ;       ;
; Combinational ALUT usage for logic          ; 0     ;
;     -- 7 input functions                    ; 0     ;
;     -- 6 input functions                    ; 0     ;
;     -- 5 input functions                    ; 0     ;
;     -- 4 input functions                    ; 0     ;
;     -- <=3 input functions                  ; 0     ;
;                                             ;       ;
; Dedicated logic registers                   ; 0     ;
;                                             ;       ;
; I/O pins                                    ; 3     ;
;                                             ;       ;
; Total DSP Blocks                            ; 0     ;
;                                             ;       ;
; Maximum fan-out node                        ; go    ;
; Maximum fan-out                             ; 1     ;
; Total fan-out                               ; 3     ;
; Average fan-out                             ; 0.50  ;
+---------------------------------------------+-------+


+----------------------------------------------------------------------------------------------------------------------------------------------------------------------------------------+
; Analysis & Synthesis Resource Utilization by Entity                                                                                                                                    ;
+----------------------------+---------------------+---------------------------+-------------------+------------+------+--------------+---------------------+-------------+--------------+
; Compilation Hierarchy Node ; Combinational ALUTs ; Dedicated Logic Registers ; Block Memory Bits ; DSP Blocks ; Pins ; Virtual Pins ; Full Hierarchy Name ; Entity Name ; Library Name ;
+----------------------------+---------------------+---------------------------+-------------------+------------+------+--------------+---------------------+-------------+--------------+
; |my_module                 ; 0 (0)               ; 0 (0)                     ; 0                 ; 0          ; 3    ; 0            ; |my_module          ; my_module   ; work         ;
+----------------------------+---------------------+---------------------------+-------------------+------------+------+--------------+---------------------+-------------+--------------+
Note: For table entries with two numbers listed, the numbers in parentheses indicate the number of resources of the given type used by the specific entity alone. The numbers listed outside of parentheses indicate the total resources of the given type used by the specific entity and all of its sub-entities in the hierarchy.


+------------------------------------------------------------------------------------------------------------------------------+
; Analysis & Synthesis IP Cores Summary                                                                                        ;
+--------+--------------+---------+--------------+--------------+--------------------------------------------+-----------------+
; Vendor ; IP Core Name ; Version ; Release Date ; License Type ; Entity Instance                            ; IP Include File ;
+--------+--------------+---------+--------------+--------------+--------------------------------------------+-----------------+
; Altera ; RAM: 2-PORT  ; 23.1    ; N/A          ; N/A          ; |my_module|datapath:dp|edg_ram_dual:my_edg ; edg_ram_dual.v  ;
; Altera ; ROM: 1-PORT  ; 23.1    ; N/A          ; N/A          ; |my_module|datapath:dp|img_rom:my_img      ; img_rom.v       ;
; Altera ; ROM: 1-PORT  ; 23.1    ; N/A          ; N/A          ; |my_module|datapath:dp|Gx:sobel_gx         ; Gx.v            ;
; Altera ; ROM: 1-PORT  ; 23.1    ; N/A          ; N/A          ; |my_module|datapath:dp|Gy:sobel_gy         ; Gy.v            ;
+--------+--------------+---------+--------------+--------------+--------------------------------------------+-----------------+


Encoding Type:  One-Hot
+-------------------------------------------------------------------------------------------------------------------------------------------------------------------------------------------------------------------------------------------------------------+
; State Machine - |my_module|control_unit:cu|state                                                                                                                                                                                                            ;
+------------+------------+-----------+-----------+-----------+-----------+-----------+-----------+-----------+-----------+-----------+-----------+-----------+-----------+-----------+-----------+-----------+-----------+-----------+-----------+-----------+
; Name       ; state.TEST ; state.S18 ; state.S17 ; state.S16 ; state.S15 ; state.S14 ; state.S13 ; state.S12 ; state.S11 ; state.S10 ; state.S09 ; state.S08 ; state.S07 ; state.S06 ; state.S05 ; state.S04 ; state.S03 ; state.S02 ; state.S01 ; state.S00 ;
+------------+------------+-----------+-----------+-----------+-----------+-----------+-----------+-----------+-----------+-----------+-----------+-----------+-----------+-----------+-----------+-----------+-----------+-----------+-----------+-----------+
; state.S00  ; 0          ; 0         ; 0         ; 0         ; 0         ; 0         ; 0         ; 0         ; 0         ; 0         ; 0         ; 0         ; 0         ; 0         ; 0         ; 0         ; 0         ; 0         ; 0         ; 0         ;
; state.S01  ; 0          ; 0         ; 0         ; 0         ; 0         ; 0         ; 0         ; 0         ; 0         ; 0         ; 0         ; 0         ; 0         ; 0         ; 0         ; 0         ; 0         ; 0         ; 1         ; 1         ;
; state.S02  ; 0          ; 0         ; 0         ; 0         ; 0         ; 0         ; 0         ; 0         ; 0         ; 0         ; 0         ; 0         ; 0         ; 0         ; 0         ; 0         ; 0         ; 1         ; 0         ; 1         ;
; state.S03  ; 0          ; 0         ; 0         ; 0         ; 0         ; 0         ; 0         ; 0         ; 0         ; 0         ; 0         ; 0         ; 0         ; 0         ; 0         ; 0         ; 1         ; 0         ; 0         ; 1         ;
; state.S04  ; 0          ; 0         ; 0         ; 0         ; 0         ; 0         ; 0         ; 0         ; 0         ; 0         ; 0         ; 0         ; 0         ; 0         ; 0         ; 1         ; 0         ; 0         ; 0         ; 1         ;
; state.S05  ; 0          ; 0         ; 0         ; 0         ; 0         ; 0         ; 0         ; 0         ; 0         ; 0         ; 0         ; 0         ; 0         ; 0         ; 1         ; 0         ; 0         ; 0         ; 0         ; 1         ;
; state.S06  ; 0          ; 0         ; 0         ; 0         ; 0         ; 0         ; 0         ; 0         ; 0         ; 0         ; 0         ; 0         ; 0         ; 1         ; 0         ; 0         ; 0         ; 0         ; 0         ; 1         ;
; state.S07  ; 0          ; 0         ; 0         ; 0         ; 0         ; 0         ; 0         ; 0         ; 0         ; 0         ; 0         ; 0         ; 1         ; 0         ; 0         ; 0         ; 0         ; 0         ; 0         ; 1         ;
; state.S08  ; 0          ; 0         ; 0         ; 0         ; 0         ; 0         ; 0         ; 0         ; 0         ; 0         ; 0         ; 1         ; 0         ; 0         ; 0         ; 0         ; 0         ; 0         ; 0         ; 1         ;
; state.S09  ; 0          ; 0         ; 0         ; 0         ; 0         ; 0         ; 0         ; 0         ; 0         ; 0         ; 1         ; 0         ; 0         ; 0         ; 0         ; 0         ; 0         ; 0         ; 0         ; 1         ;
; state.S10  ; 0          ; 0         ; 0         ; 0         ; 0         ; 0         ; 0         ; 0         ; 0         ; 1         ; 0         ; 0         ; 0         ; 0         ; 0         ; 0         ; 0         ; 0         ; 0         ; 1         ;
; state.S11  ; 0          ; 0         ; 0         ; 0         ; 0         ; 0         ; 0         ; 0         ; 1         ; 0         ; 0         ; 0         ; 0         ; 0         ; 0         ; 0         ; 0         ; 0         ; 0         ; 1         ;
; state.S12  ; 0          ; 0         ; 0         ; 0         ; 0         ; 0         ; 0         ; 1         ; 0         ; 0         ; 0         ; 0         ; 0         ; 0         ; 0         ; 0         ; 0         ; 0         ; 0         ; 1         ;
; state.S13  ; 0          ; 0         ; 0         ; 0         ; 0         ; 0         ; 1         ; 0         ; 0         ; 0         ; 0         ; 0         ; 0         ; 0         ; 0         ; 0         ; 0         ; 0         ; 0         ; 1         ;
; state.S14  ; 0          ; 0         ; 0         ; 0         ; 0         ; 1         ; 0         ; 0         ; 0         ; 0         ; 0         ; 0         ; 0         ; 0         ; 0         ; 0         ; 0         ; 0         ; 0         ; 1         ;
; state.S15  ; 0          ; 0         ; 0         ; 0         ; 1         ; 0         ; 0         ; 0         ; 0         ; 0         ; 0         ; 0         ; 0         ; 0         ; 0         ; 0         ; 0         ; 0         ; 0         ; 1         ;
; state.S16  ; 0          ; 0         ; 0         ; 1         ; 0         ; 0         ; 0         ; 0         ; 0         ; 0         ; 0         ; 0         ; 0         ; 0         ; 0         ; 0         ; 0         ; 0         ; 0         ; 1         ;
; state.S17  ; 0          ; 0         ; 1         ; 0         ; 0         ; 0         ; 0         ; 0         ; 0         ; 0         ; 0         ; 0         ; 0         ; 0         ; 0         ; 0         ; 0         ; 0         ; 0         ; 1         ;
; state.S18  ; 0          ; 1         ; 0         ; 0         ; 0         ; 0         ; 0         ; 0         ; 0         ; 0         ; 0         ; 0         ; 0         ; 0         ; 0         ; 0         ; 0         ; 0         ; 0         ; 1         ;
; state.TEST ; 1          ; 0         ; 0         ; 0         ; 0         ; 0         ; 0         ; 0         ; 0         ; 0         ; 0         ; 0         ; 0         ; 0         ; 0         ; 0         ; 0         ; 0         ; 0         ; 1         ;
+------------+------------+-----------+-----------+-----------+-----------+-----------+-----------+-----------+-----------+-----------+-----------+-----------+-----------+-----------+-----------+-----------+-----------+-----------+-----------+-----------+


+------------------------------------------------------------------------------------------------------------------------------------------------------------+
; Registers Removed During Synthesis                                                                                                                         ;
+-------------------------------------------------------------------------------------------------------------------+----------------------------------------+
; Register name                                                                                                     ; Reason for Removal                     ;
+-------------------------------------------------------------------------------------------------------------------+----------------------------------------+
; datapath:dp|edgData[0..7]                                                                                         ; Lost fanout                            ;
; datapath:dp|edgWrAddr[0..15]                                                                                      ; Lost fanout                            ;
; datapath:dp|j[0,1]                                                                                                ; Stuck at VCC due to stuck port data_in ;
; datapath:dp|i[0,1]                                                                                                ; Stuck at VCC due to stuck port data_in ;
; datapath:dp|y[0..8]                                                                                               ; Stuck at GND due to stuck port data_in ;
; datapath:dp|imgAddr[12..15]                                                                                       ; Stuck at GND due to stuck port data_in ;
; datapath:dp|img_rom:my_img|altsyncram:altsyncram_component|altsyncram_dgf1:auto_generated|address_reg_a[0..2]     ; Stuck at GND due to stuck port data_in ;
; datapath:dp|img_rom:my_img|altsyncram:altsyncram_component|altsyncram_dgf1:auto_generated|out_address_reg_a[0..2] ; Stuck at GND due to stuck port data_in ;
; datapath:dp|gyAddr[0]                                                                                             ; Stuck at GND due to stuck port data_in ;
; datapath:dp|gxAddr[0]                                                                                             ; Stuck at GND due to stuck port data_in ;
; datapath:dp|gyAddr[1..3]                                                                                          ; Stuck at GND due to stuck port data_in ;
; datapath:dp|gxAddr[1..3]                                                                                          ; Stuck at GND due to stuck port data_in ;
; datapath:dp|magnit[0]                                                                                             ; Lost fanout                            ;
; control_unit:cu|state~2                                                                                           ; Lost fanout                            ;
; control_unit:cu|state~3                                                                                           ; Lost fanout                            ;
; control_unit:cu|state~4                                                                                           ; Lost fanout                            ;
; control_unit:cu|state~5                                                                                           ; Lost fanout                            ;
; control_unit:cu|state~6                                                                                           ; Lost fanout                            ;
; datapath:dp|lt                                                                                                    ; Lost fanout                            ;
; datapath:dp|lteq                                                                                                  ; Lost fanout                            ;
; datapath:dp|x[0..8]                                                                                               ; Lost fanout                            ;
; datapath:dp|sumx[16]                                                                                              ; Lost fanout                            ;
; datapath:dp|sumy[16]                                                                                              ; Lost fanout                            ;
; datapath:dp|magnit[1..16]                                                                                         ; Lost fanout                            ;
; datapath:dp|sumx[0..15]                                                                                           ; Lost fanout                            ;
; datapath:dp|sumy[0..15]                                                                                           ; Lost fanout                            ;
; datapath:dp|imgAddr[0..11]                                                                                        ; Lost fanout                            ;
; control_unit:cu|state.S00                                                                                         ; Lost fanout                            ;
; control_unit:cu|state.S01                                                                                         ; Lost fanout                            ;
; control_unit:cu|state.S02                                                                                         ; Lost fanout                            ;
; control_unit:cu|state.S03                                                                                         ; Lost fanout                            ;
; control_unit:cu|state.S04                                                                                         ; Lost fanout                            ;
; control_unit:cu|state.S05                                                                                         ; Lost fanout                            ;
; control_unit:cu|state.S06                                                                                         ; Lost fanout                            ;
; control_unit:cu|state.S07                                                                                         ; Lost fanout                            ;
; control_unit:cu|state.S08                                                                                         ; Lost fanout                            ;
; control_unit:cu|state.S09                                                                                         ; Lost fanout                            ;
; control_unit:cu|state.S10                                                                                         ; Lost fanout                            ;
; control_unit:cu|state.S11                                                                                         ; Lost fanout                            ;
; control_unit:cu|state.S12                                                                                         ; Lost fanout                            ;
; control_unit:cu|state.S13                                                                                         ; Lost fanout                            ;
; control_unit:cu|state.S14                                                                                         ; Lost fanout                            ;
; control_unit:cu|state.S15                                                                                         ; Lost fanout                            ;
; control_unit:cu|state.S16                                                                                         ; Lost fanout                            ;
; control_unit:cu|state.S17                                                                                         ; Lost fanout                            ;
; control_unit:cu|state.S18                                                                                         ; Lost fanout                            ;
; control_unit:cu|state.TEST                                                                                        ; Lost fanout                            ;
; Total Number of Removed Registers = 154                                                                           ;                                        ;
+-------------------------------------------------------------------------------------------------------------------+----------------------------------------+


+-----------------------------------------------------------------------------------------------------------------------------------------------------------------------+
; Removed Registers Triggering Further Register Optimizations                                                                                                           ;
+-------------------------+---------------------------+-----------------------------------------------------------------------------------------------------------------+
; Register name           ; Reason for Removal        ; Registers Removed due to This Register                                                                          ;
+-------------------------+---------------------------+-----------------------------------------------------------------------------------------------------------------+
; control_unit:cu|state~2 ; Lost Fanouts              ; datapath:dp|lt, datapath:dp|lteq, datapath:dp|x[8], datapath:dp|x[5], datapath:dp|x[6],                         ;
;                         ;                           ; datapath:dp|x[7], datapath:dp|sumy[16], datapath:dp|magnit[8], datapath:dp|magnit[9],                           ;
;                         ;                           ; datapath:dp|magnit[10], datapath:dp|magnit[11], datapath:dp|magnit[12],                                         ;
;                         ;                           ; datapath:dp|magnit[13], datapath:dp|magnit[14], datapath:dp|sumy[0],                                            ;
;                         ;                           ; datapath:dp|sumy[2], datapath:dp|sumy[3], datapath:dp|sumy[9], datapath:dp|sumy[10],                            ;
;                         ;                           ; datapath:dp|sumy[11], datapath:dp|sumy[12], datapath:dp|sumy[13], datapath:dp|sumy[14],                         ;
;                         ;                           ; datapath:dp|sumy[15], control_unit:cu|state.S00, control_unit:cu|state.S01,                                     ;
;                         ;                           ; control_unit:cu|state.S02, control_unit:cu|state.S04, control_unit:cu|state.S05,                                ;
;                         ;                           ; control_unit:cu|state.S06, control_unit:cu|state.S08, control_unit:cu|state.S09,                                ;
;                         ;                           ; control_unit:cu|state.S12, control_unit:cu|state.S13, control_unit:cu|state.S14,                                ;
;                         ;                           ; control_unit:cu|state.S16, control_unit:cu|state.S17, control_unit:cu|state.TEST                                ;
; datapath:dp|j[0]        ; Stuck at VCC              ; datapath:dp|imgAddr[12], datapath:dp|imgAddr[13], datapath:dp|imgAddr[14],                                      ;
;                         ; due to stuck port data_in ; datapath:dp|imgAddr[15],                                                                                        ;
;                         ;                           ; datapath:dp|img_rom:my_img|altsyncram:altsyncram_component|altsyncram_dgf1:auto_generated|address_reg_a[2],     ;
;                         ;                           ; datapath:dp|img_rom:my_img|altsyncram:altsyncram_component|altsyncram_dgf1:auto_generated|address_reg_a[1],     ;
;                         ;                           ; datapath:dp|img_rom:my_img|altsyncram:altsyncram_component|altsyncram_dgf1:auto_generated|address_reg_a[0],     ;
;                         ;                           ; datapath:dp|img_rom:my_img|altsyncram:altsyncram_component|altsyncram_dgf1:auto_generated|out_address_reg_a[2], ;
;                         ;                           ; datapath:dp|img_rom:my_img|altsyncram:altsyncram_component|altsyncram_dgf1:auto_generated|out_address_reg_a[1], ;
;                         ;                           ; datapath:dp|img_rom:my_img|altsyncram:altsyncram_component|altsyncram_dgf1:auto_generated|out_address_reg_a[0], ;
;                         ;                           ; datapath:dp|gyAddr[0], datapath:dp|gxAddr[0], datapath:dp|gyAddr[1],                                            ;
;                         ;                           ; datapath:dp|gyAddr[2], datapath:dp|gyAddr[3], datapath:dp|gxAddr[1],                                            ;
;                         ;                           ; datapath:dp|gxAddr[2], datapath:dp|gxAddr[3], datapath:dp|magnit[7],                                            ;
;                         ;                           ; datapath:dp|magnit[5], datapath:dp|sumx[1], datapath:dp|sumy[1],                                                ;
;                         ;                           ; datapath:dp|imgAddr[0], datapath:dp|imgAddr[1], datapath:dp|imgAddr[2],                                         ;
;                         ;                           ; datapath:dp|imgAddr[3], datapath:dp|imgAddr[4], datapath:dp|imgAddr[5]                                          ;
; datapath:dp|magnit[0]   ; Lost Fanouts              ; datapath:dp|sumx[16], datapath:dp|sumx[0], datapath:dp|sumx[2], datapath:dp|sumx[3],                            ;
;                         ;                           ; datapath:dp|sumx[9], datapath:dp|sumx[10], datapath:dp|sumx[11], datapath:dp|sumx[12],                          ;
;                         ;                           ; datapath:dp|sumx[13], datapath:dp|sumx[14], datapath:dp|sumx[15],                                               ;
;                         ;                           ; control_unit:cu|state.S11                                                                                       ;
; control_unit:cu|state~3 ; Lost Fanouts              ; control_unit:cu|state.S18                                                                                       ;
; control_unit:cu|state~6 ; Lost Fanouts              ; control_unit:cu|state.S15                                                                                       ;
+-------------------------+---------------------------+-----------------------------------------------------------------------------------------------------------------+


+------------------------------------------------------+
; General Register Statistics                          ;
+----------------------------------------------+-------+
; Statistic                                    ; Value ;
+----------------------------------------------+-------+
; Total registers                              ; 0     ;
; Number of registers using Synchronous Clear  ; 0     ;
; Number of registers using Synchronous Load   ; 0     ;
; Number of registers using Asynchronous Clear ; 0     ;
; Number of registers using Asynchronous Load  ; 0     ;
; Number of registers using Clock Enable       ; 0     ;
; Number of registers using Preset             ; 0     ;
+----------------------------------------------+-------+


+------------------------------------------------------------------------------------------------------------------------------------------------+
; Multiplexer Restructuring Statistics (Restructuring Performed)                                                                                 ;
+--------------------+-----------+---------------+----------------------+------------------------+------------+----------------------------------+
; Multiplexer Inputs ; Bus Width ; Baseline Area ; Area if Restructured ; Saving if Restructured ; Registered ; Example Multiplexer Output       ;
+--------------------+-----------+---------------+----------------------+------------------------+------------+----------------------------------+
; 4:1                ; 17 bits   ; 34 LEs        ; 17 LEs               ; 17 LEs                 ; Yes        ; |my_module|datapath:dp|sumx[15]  ;
; 4:1                ; 17 bits   ; 34 LEs        ; 17 LEs               ; 17 LEs                 ; Yes        ; |my_module|datapath:dp|sumy[10]  ;
; 7:1                ; 2 bits    ; 8 LEs         ; 6 LEs                ; 2 LEs                  ; No         ; |my_module|control_unit:cu|state ;
; 7:1                ; 2 bits    ; 8 LEs         ; 6 LEs                ; 2 LEs                  ; No         ; |my_module|control_unit:cu|state ;
; 7:1                ; 2 bits    ; 8 LEs         ; 6 LEs                ; 2 LEs                  ; No         ; |my_module|control_unit:cu|state ;
; 7:1                ; 2 bits    ; 8 LEs         ; 6 LEs                ; 2 LEs                  ; No         ; |my_module|control_unit:cu|state ;
+--------------------+-----------+---------------+----------------------+------------------------+------------+----------------------------------+


+---------------------------------------------------------------------------------------------------------------+
; Source assignments for datapath:dp|Gx:sobel_gx|altsyncram:altsyncram_component|altsyncram_7ue1:auto_generated ;
+---------------------------------+--------------------+------+-------------------------------------------------+
; Assignment                      ; Value              ; From ; To                                              ;
+---------------------------------+--------------------+------+-------------------------------------------------+
; OPTIMIZE_POWER_DURING_SYNTHESIS ; NORMAL_COMPILATION ; -    ; -                                               ;
+---------------------------------+--------------------+------+-------------------------------------------------+


+---------------------------------------------------------------------------------------------------------------+
; Source assignments for datapath:dp|Gy:sobel_gy|altsyncram:altsyncram_component|altsyncram_8ue1:auto_generated ;
+---------------------------------+--------------------+------+-------------------------------------------------+
; Assignment                      ; Value              ; From ; To                                              ;
+---------------------------------+--------------------+------+-------------------------------------------------+
; OPTIMIZE_POWER_DURING_SYNTHESIS ; NORMAL_COMPILATION ; -    ; -                                               ;
+---------------------------------+--------------------+------+-------------------------------------------------+


+------------------------------------------------------------------------------------------------------------------+
; Source assignments for datapath:dp|img_rom:my_img|altsyncram:altsyncram_component|altsyncram_dgf1:auto_generated ;
+---------------------------------+--------------------+------+----------------------------------------------------+
; Assignment                      ; Value              ; From ; To                                                 ;
+---------------------------------+--------------------+------+----------------------------------------------------+
; OPTIMIZE_POWER_DURING_SYNTHESIS ; NORMAL_COMPILATION ; -    ; -                                                  ;
+---------------------------------+--------------------+------+----------------------------------------------------+


+-----------------------------------------------------------------------------------------------------------------------+
; Source assignments for datapath:dp|edg_ram_dual:my_edg|altsyncram:altsyncram_component|altsyncram_auv1:auto_generated ;
+---------------------------------+--------------------+------+---------------------------------------------------------+
; Assignment                      ; Value              ; From ; To                                                      ;
+---------------------------------+--------------------+------+---------------------------------------------------------+
; OPTIMIZE_POWER_DURING_SYNTHESIS ; NORMAL_COMPILATION ; -    ; -                                                       ;
+---------------------------------+--------------------+------+---------------------------------------------------------+


+----------------------------------------------------------+
; Parameter Settings for User Entity Instance: datapath:dp ;
+----------------+-----------+-----------------------------+
; Parameter Name ; Value     ; Type                        ;
+----------------+-----------+-----------------------------+
; SZ             ; 100000000 ; Unsigned Binary             ;
; TH             ; 10111001  ; Unsigned Binary             ;
+----------------+-----------+-----------------------------+
Note: In order to hide this table in the UI and the text report file, please set the "Show Parameter Settings in Synthesis Report" option in "Analysis and Synthesis Settings -> More Settings" to "Off".


+------------------------------------------------------------------------------------------------------+
; Parameter Settings for User Entity Instance: datapath:dp|Gx:sobel_gx|altsyncram:altsyncram_component ;
+------------------------------------+----------------------+------------------------------------------+
; Parameter Name                     ; Value                ; Type                                     ;
+------------------------------------+----------------------+------------------------------------------+
; BYTE_SIZE_BLOCK                    ; 8                    ; Untyped                                  ;
; AUTO_CARRY_CHAINS                  ; ON                   ; AUTO_CARRY                               ;
; IGNORE_CARRY_BUFFERS               ; OFF                  ; IGNORE_CARRY                             ;
; AUTO_CASCADE_CHAINS                ; ON                   ; AUTO_CASCADE                             ;
; IGNORE_CASCADE_BUFFERS             ; OFF                  ; IGNORE_CASCADE                           ;
; WIDTH_BYTEENA                      ; 1                    ; Untyped                                  ;
; OPERATION_MODE                     ; ROM                  ; Untyped                                  ;
; WIDTH_A                            ; 8                    ; Signed Integer                           ;
; WIDTHAD_A                          ; 4                    ; Signed Integer                           ;
; NUMWORDS_A                         ; 9                    ; Signed Integer                           ;
; OUTDATA_REG_A                      ; CLOCK0               ; Untyped                                  ;
; ADDRESS_ACLR_A                     ; NONE                 ; Untyped                                  ;
; OUTDATA_ACLR_A                     ; NONE                 ; Untyped                                  ;
; WRCONTROL_ACLR_A                   ; NONE                 ; Untyped                                  ;
; INDATA_ACLR_A                      ; NONE                 ; Untyped                                  ;
; BYTEENA_ACLR_A                     ; NONE                 ; Untyped                                  ;
; WIDTH_B                            ; 1                    ; Untyped                                  ;
; WIDTHAD_B                          ; 1                    ; Untyped                                  ;
; NUMWORDS_B                         ; 1                    ; Untyped                                  ;
; INDATA_REG_B                       ; CLOCK1               ; Untyped                                  ;
; WRCONTROL_WRADDRESS_REG_B          ; CLOCK1               ; Untyped                                  ;
; RDCONTROL_REG_B                    ; CLOCK1               ; Untyped                                  ;
; ADDRESS_REG_B                      ; CLOCK1               ; Untyped                                  ;
; OUTDATA_REG_B                      ; UNREGISTERED         ; Untyped                                  ;
; BYTEENA_REG_B                      ; CLOCK1               ; Untyped                                  ;
; INDATA_ACLR_B                      ; NONE                 ; Untyped                                  ;
; WRCONTROL_ACLR_B                   ; NONE                 ; Untyped                                  ;
; ADDRESS_ACLR_B                     ; NONE                 ; Untyped                                  ;
; OUTDATA_ACLR_B                     ; NONE                 ; Untyped                                  ;
; RDCONTROL_ACLR_B                   ; NONE                 ; Untyped                                  ;
; BYTEENA_ACLR_B                     ; NONE                 ; Untyped                                  ;
; WIDTH_BYTEENA_A                    ; 1                    ; Signed Integer                           ;
; WIDTH_BYTEENA_B                    ; 1                    ; Untyped                                  ;
; RAM_BLOCK_TYPE                     ; AUTO                 ; Untyped                                  ;
; BYTE_SIZE                          ; 8                    ; Untyped                                  ;
; READ_DURING_WRITE_MODE_MIXED_PORTS ; DONT_CARE            ; Untyped                                  ;
; READ_DURING_WRITE_MODE_PORT_A      ; NEW_DATA_NO_NBE_READ ; Untyped                                  ;
; READ_DURING_WRITE_MODE_PORT_B      ; NEW_DATA_NO_NBE_READ ; Untyped                                  ;
; INIT_FILE                          ; gx.mif               ; Untyped                                  ;
; INIT_FILE_LAYOUT                   ; PORT_A               ; Untyped                                  ;
; MAXIMUM_DEPTH                      ; 0                    ; Untyped                                  ;
; CLOCK_ENABLE_INPUT_A               ; BYPASS               ; Untyped                                  ;
; CLOCK_ENABLE_INPUT_B               ; NORMAL               ; Untyped                                  ;
; CLOCK_ENABLE_OUTPUT_A              ; BYPASS               ; Untyped                                  ;
; CLOCK_ENABLE_OUTPUT_B              ; NORMAL               ; Untyped                                  ;
; CLOCK_ENABLE_CORE_A                ; USE_INPUT_CLKEN      ; Untyped                                  ;
; CLOCK_ENABLE_CORE_B                ; USE_INPUT_CLKEN      ; Untyped                                  ;
; ENABLE_ECC                         ; FALSE                ; Untyped                                  ;
; ECC_PIPELINE_STAGE_ENABLED         ; FALSE                ; Untyped                                  ;
; WIDTH_ECCSTATUS                    ; 3                    ; Untyped                                  ;
; DEVICE_FAMILY                      ; Cyclone V            ; Untyped                                  ;
; CBXI_PARAMETER                     ; altsyncram_7ue1      ; Untyped                                  ;
+------------------------------------+----------------------+------------------------------------------+
Note: In order to hide this table in the UI and the text report file, please set the "Show Parameter Settings in Synthesis Report" option in "Analysis and Synthesis Settings -> More Settings" to "Off".


+------------------------------------------------------------------------------------------------------+
; Parameter Settings for User Entity Instance: datapath:dp|Gy:sobel_gy|altsyncram:altsyncram_component ;
+------------------------------------+----------------------+------------------------------------------+
; Parameter Name                     ; Value                ; Type                                     ;
+------------------------------------+----------------------+------------------------------------------+
; BYTE_SIZE_BLOCK                    ; 8                    ; Untyped                                  ;
; AUTO_CARRY_CHAINS                  ; ON                   ; AUTO_CARRY                               ;
; IGNORE_CARRY_BUFFERS               ; OFF                  ; IGNORE_CARRY                             ;
; AUTO_CASCADE_CHAINS                ; ON                   ; AUTO_CASCADE                             ;
; IGNORE_CASCADE_BUFFERS             ; OFF                  ; IGNORE_CASCADE                           ;
; WIDTH_BYTEENA                      ; 1                    ; Untyped                                  ;
; OPERATION_MODE                     ; ROM                  ; Untyped                                  ;
; WIDTH_A                            ; 8                    ; Signed Integer                           ;
; WIDTHAD_A                          ; 4                    ; Signed Integer                           ;
; NUMWORDS_A                         ; 9                    ; Signed Integer                           ;
; OUTDATA_REG_A                      ; CLOCK0               ; Untyped                                  ;
; ADDRESS_ACLR_A                     ; NONE                 ; Untyped                                  ;
; OUTDATA_ACLR_A                     ; NONE                 ; Untyped                                  ;
; WRCONTROL_ACLR_A                   ; NONE                 ; Untyped                                  ;
; INDATA_ACLR_A                      ; NONE                 ; Untyped                                  ;
; BYTEENA_ACLR_A                     ; NONE                 ; Untyped                                  ;
; WIDTH_B                            ; 1                    ; Untyped                                  ;
; WIDTHAD_B                          ; 1                    ; Untyped                                  ;
; NUMWORDS_B                         ; 1                    ; Untyped                                  ;
; INDATA_REG_B                       ; CLOCK1               ; Untyped                                  ;
; WRCONTROL_WRADDRESS_REG_B          ; CLOCK1               ; Untyped                                  ;
; RDCONTROL_REG_B                    ; CLOCK1               ; Untyped                                  ;
; ADDRESS_REG_B                      ; CLOCK1               ; Untyped                                  ;
; OUTDATA_REG_B                      ; UNREGISTERED         ; Untyped                                  ;
; BYTEENA_REG_B                      ; CLOCK1               ; Untyped                                  ;
; INDATA_ACLR_B                      ; NONE                 ; Untyped                                  ;
; WRCONTROL_ACLR_B                   ; NONE                 ; Untyped                                  ;
; ADDRESS_ACLR_B                     ; NONE                 ; Untyped                                  ;
; OUTDATA_ACLR_B                     ; NONE                 ; Untyped                                  ;
; RDCONTROL_ACLR_B                   ; NONE                 ; Untyped                                  ;
; BYTEENA_ACLR_B                     ; NONE                 ; Untyped                                  ;
; WIDTH_BYTEENA_A                    ; 1                    ; Signed Integer                           ;
; WIDTH_BYTEENA_B                    ; 1                    ; Untyped                                  ;
; RAM_BLOCK_TYPE                     ; AUTO                 ; Untyped                                  ;
; BYTE_SIZE                          ; 8                    ; Untyped                                  ;
; READ_DURING_WRITE_MODE_MIXED_PORTS ; DONT_CARE            ; Untyped                                  ;
; READ_DURING_WRITE_MODE_PORT_A      ; NEW_DATA_NO_NBE_READ ; Untyped                                  ;
; READ_DURING_WRITE_MODE_PORT_B      ; NEW_DATA_NO_NBE_READ ; Untyped                                  ;
; INIT_FILE                          ; gy.mif               ; Untyped                                  ;
; INIT_FILE_LAYOUT                   ; PORT_A               ; Untyped                                  ;
; MAXIMUM_DEPTH                      ; 0                    ; Untyped                                  ;
; CLOCK_ENABLE_INPUT_A               ; BYPASS               ; Untyped                                  ;
; CLOCK_ENABLE_INPUT_B               ; NORMAL               ; Untyped                                  ;
; CLOCK_ENABLE_OUTPUT_A              ; BYPASS               ; Untyped                                  ;
; CLOCK_ENABLE_OUTPUT_B              ; NORMAL               ; Untyped                                  ;
; CLOCK_ENABLE_CORE_A                ; USE_INPUT_CLKEN      ; Untyped                                  ;
; CLOCK_ENABLE_CORE_B                ; USE_INPUT_CLKEN      ; Untyped                                  ;
; ENABLE_ECC                         ; FALSE                ; Untyped                                  ;
; ECC_PIPELINE_STAGE_ENABLED         ; FALSE                ; Untyped                                  ;
; WIDTH_ECCSTATUS                    ; 3                    ; Untyped                                  ;
; DEVICE_FAMILY                      ; Cyclone V            ; Untyped                                  ;
; CBXI_PARAMETER                     ; altsyncram_8ue1      ; Untyped                                  ;
+------------------------------------+----------------------+------------------------------------------+
Note: In order to hide this table in the UI and the text report file, please set the "Show Parameter Settings in Synthesis Report" option in "Analysis and Synthesis Settings -> More Settings" to "Off".


+---------------------------------------------------------------------------------------------------------+
; Parameter Settings for User Entity Instance: datapath:dp|img_rom:my_img|altsyncram:altsyncram_component ;
+------------------------------------+----------------------+---------------------------------------------+
; Parameter Name                     ; Value                ; Type                                        ;
+------------------------------------+----------------------+---------------------------------------------+
; BYTE_SIZE_BLOCK                    ; 8                    ; Untyped                                     ;
; AUTO_CARRY_CHAINS                  ; ON                   ; AUTO_CARRY                                  ;
; IGNORE_CARRY_BUFFERS               ; OFF                  ; IGNORE_CARRY                                ;
; AUTO_CASCADE_CHAINS                ; ON                   ; AUTO_CASCADE                                ;
; IGNORE_CASCADE_BUFFERS             ; OFF                  ; IGNORE_CASCADE                              ;
; WIDTH_BYTEENA                      ; 1                    ; Untyped                                     ;
; OPERATION_MODE                     ; ROM                  ; Untyped                                     ;
; WIDTH_A                            ; 8                    ; Signed Integer                              ;
; WIDTHAD_A                          ; 16                   ; Signed Integer                              ;
; NUMWORDS_A                         ; 65536                ; Signed Integer                              ;
; OUTDATA_REG_A                      ; CLOCK0               ; Untyped                                     ;
; ADDRESS_ACLR_A                     ; NONE                 ; Untyped                                     ;
; OUTDATA_ACLR_A                     ; NONE                 ; Untyped                                     ;
; WRCONTROL_ACLR_A                   ; NONE                 ; Untyped                                     ;
; INDATA_ACLR_A                      ; NONE                 ; Untyped                                     ;
; BYTEENA_ACLR_A                     ; NONE                 ; Untyped                                     ;
; WIDTH_B                            ; 1                    ; Untyped                                     ;
; WIDTHAD_B                          ; 1                    ; Untyped                                     ;
; NUMWORDS_B                         ; 1                    ; Untyped                                     ;
; INDATA_REG_B                       ; CLOCK1               ; Untyped                                     ;
; WRCONTROL_WRADDRESS_REG_B          ; CLOCK1               ; Untyped                                     ;
; RDCONTROL_REG_B                    ; CLOCK1               ; Untyped                                     ;
; ADDRESS_REG_B                      ; CLOCK1               ; Untyped                                     ;
; OUTDATA_REG_B                      ; UNREGISTERED         ; Untyped                                     ;
; BYTEENA_REG_B                      ; CLOCK1               ; Untyped                                     ;
; INDATA_ACLR_B                      ; NONE                 ; Untyped                                     ;
; WRCONTROL_ACLR_B                   ; NONE                 ; Untyped                                     ;
; ADDRESS_ACLR_B                     ; NONE                 ; Untyped                                     ;
; OUTDATA_ACLR_B                     ; NONE                 ; Untyped                                     ;
; RDCONTROL_ACLR_B                   ; NONE                 ; Untyped                                     ;
; BYTEENA_ACLR_B                     ; NONE                 ; Untyped                                     ;
; WIDTH_BYTEENA_A                    ; 1                    ; Signed Integer                              ;
; WIDTH_BYTEENA_B                    ; 1                    ; Untyped                                     ;
; RAM_BLOCK_TYPE                     ; AUTO                 ; Untyped                                     ;
; BYTE_SIZE                          ; 8                    ; Untyped                                     ;
; READ_DURING_WRITE_MODE_MIXED_PORTS ; DONT_CARE            ; Untyped                                     ;
; READ_DURING_WRITE_MODE_PORT_A      ; NEW_DATA_NO_NBE_READ ; Untyped                                     ;
; READ_DURING_WRITE_MODE_PORT_B      ; NEW_DATA_NO_NBE_READ ; Untyped                                     ;
; INIT_FILE                          ; woman.mif            ; Untyped                                     ;
; INIT_FILE_LAYOUT                   ; PORT_A               ; Untyped                                     ;
; MAXIMUM_DEPTH                      ; 0                    ; Untyped                                     ;
; CLOCK_ENABLE_INPUT_A               ; BYPASS               ; Untyped                                     ;
; CLOCK_ENABLE_INPUT_B               ; NORMAL               ; Untyped                                     ;
; CLOCK_ENABLE_OUTPUT_A              ; BYPASS               ; Untyped                                     ;
; CLOCK_ENABLE_OUTPUT_B              ; NORMAL               ; Untyped                                     ;
; CLOCK_ENABLE_CORE_A                ; USE_INPUT_CLKEN      ; Untyped                                     ;
; CLOCK_ENABLE_CORE_B                ; USE_INPUT_CLKEN      ; Untyped                                     ;
; ENABLE_ECC                         ; FALSE                ; Untyped                                     ;
; ECC_PIPELINE_STAGE_ENABLED         ; FALSE                ; Untyped                                     ;
; WIDTH_ECCSTATUS                    ; 3                    ; Untyped                                     ;
; DEVICE_FAMILY                      ; Cyclone V            ; Untyped                                     ;
; CBXI_PARAMETER                     ; altsyncram_dgf1      ; Untyped                                     ;
+------------------------------------+----------------------+---------------------------------------------+
Note: In order to hide this table in the UI and the text report file, please set the "Show Parameter Settings in Synthesis Report" option in "Analysis and Synthesis Settings -> More Settings" to "Off".


+--------------------------------------------------------------------------------------------------------------+
; Parameter Settings for User Entity Instance: datapath:dp|edg_ram_dual:my_edg|altsyncram:altsyncram_component ;
+------------------------------------+----------------------+--------------------------------------------------+
; Parameter Name                     ; Value                ; Type                                             ;
+------------------------------------+----------------------+--------------------------------------------------+
; BYTE_SIZE_BLOCK                    ; 8                    ; Untyped                                          ;
; AUTO_CARRY_CHAINS                  ; ON                   ; AUTO_CARRY                                       ;
; IGNORE_CARRY_BUFFERS               ; OFF                  ; IGNORE_CARRY                                     ;
; AUTO_CASCADE_CHAINS                ; ON                   ; AUTO_CASCADE                                     ;
; IGNORE_CASCADE_BUFFERS             ; OFF                  ; IGNORE_CASCADE                                   ;
; WIDTH_BYTEENA                      ; 1                    ; Untyped                                          ;
; OPERATION_MODE                     ; DUAL_PORT            ; Untyped                                          ;
; WIDTH_A                            ; 8                    ; Signed Integer                                   ;
; WIDTHAD_A                          ; 16                   ; Signed Integer                                   ;
; NUMWORDS_A                         ; 65536                ; Signed Integer                                   ;
; OUTDATA_REG_A                      ; UNREGISTERED         ; Untyped                                          ;
; ADDRESS_ACLR_A                     ; NONE                 ; Untyped                                          ;
; OUTDATA_ACLR_A                     ; NONE                 ; Untyped                                          ;
; WRCONTROL_ACLR_A                   ; NONE                 ; Untyped                                          ;
; INDATA_ACLR_A                      ; NONE                 ; Untyped                                          ;
; BYTEENA_ACLR_A                     ; NONE                 ; Untyped                                          ;
; WIDTH_B                            ; 8                    ; Signed Integer                                   ;
; WIDTHAD_B                          ; 16                   ; Signed Integer                                   ;
; NUMWORDS_B                         ; 65536                ; Signed Integer                                   ;
; INDATA_REG_B                       ; CLOCK1               ; Untyped                                          ;
; WRCONTROL_WRADDRESS_REG_B          ; CLOCK1               ; Untyped                                          ;
; RDCONTROL_REG_B                    ; CLOCK1               ; Untyped                                          ;
; ADDRESS_REG_B                      ; CLOCK0               ; Untyped                                          ;
; OUTDATA_REG_B                      ; CLOCK0               ; Untyped                                          ;
; BYTEENA_REG_B                      ; CLOCK1               ; Untyped                                          ;
; INDATA_ACLR_B                      ; NONE                 ; Untyped                                          ;
; WRCONTROL_ACLR_B                   ; NONE                 ; Untyped                                          ;
; ADDRESS_ACLR_B                     ; NONE                 ; Untyped                                          ;
; OUTDATA_ACLR_B                     ; NONE                 ; Untyped                                          ;
; RDCONTROL_ACLR_B                   ; NONE                 ; Untyped                                          ;
; BYTEENA_ACLR_B                     ; NONE                 ; Untyped                                          ;
; WIDTH_BYTEENA_A                    ; 1                    ; Signed Integer                                   ;
; WIDTH_BYTEENA_B                    ; 1                    ; Untyped                                          ;
; RAM_BLOCK_TYPE                     ; AUTO                 ; Untyped                                          ;
; BYTE_SIZE                          ; 8                    ; Untyped                                          ;
; READ_DURING_WRITE_MODE_MIXED_PORTS ; DONT_CARE            ; Untyped                                          ;
; READ_DURING_WRITE_MODE_PORT_A      ; NEW_DATA_NO_NBE_READ ; Untyped                                          ;
; READ_DURING_WRITE_MODE_PORT_B      ; NEW_DATA_NO_NBE_READ ; Untyped                                          ;
; INIT_FILE                          ; edges.mif            ; Untyped                                          ;
; INIT_FILE_LAYOUT                   ; PORT_A               ; Untyped                                          ;
; MAXIMUM_DEPTH                      ; 0                    ; Untyped                                          ;
; CLOCK_ENABLE_INPUT_A               ; BYPASS               ; Untyped                                          ;
; CLOCK_ENABLE_INPUT_B               ; BYPASS               ; Untyped                                          ;
; CLOCK_ENABLE_OUTPUT_A              ; NORMAL               ; Untyped                                          ;
; CLOCK_ENABLE_OUTPUT_B              ; BYPASS               ; Untyped                                          ;
; CLOCK_ENABLE_CORE_A                ; USE_INPUT_CLKEN      ; Untyped                                          ;
; CLOCK_ENABLE_CORE_B                ; USE_INPUT_CLKEN      ; Untyped                                          ;
; ENABLE_ECC                         ; FALSE                ; Untyped                                          ;
; ECC_PIPELINE_STAGE_ENABLED         ; FALSE                ; Untyped                                          ;
; WIDTH_ECCSTATUS                    ; 3                    ; Untyped                                          ;
; DEVICE_FAMILY                      ; Cyclone V            ; Untyped                                          ;
; CBXI_PARAMETER                     ; altsyncram_auv1      ; Untyped                                          ;
+------------------------------------+----------------------+--------------------------------------------------+
Note: In order to hide this table in the UI and the text report file, please set the "Show Parameter Settings in Synthesis Report" option in "Analysis and Synthesis Settings -> More Settings" to "Off".


+-------------------------------------------------------------------------------------------------------------+
; altsyncram Parameter Settings by Entity Instance                                                            ;
+-------------------------------------------+-----------------------------------------------------------------+
; Name                                      ; Value                                                           ;
+-------------------------------------------+-----------------------------------------------------------------+
; Number of entity instances                ; 4                                                               ;
; Entity Instance                           ; datapath:dp|Gx:sobel_gx|altsyncram:altsyncram_component         ;
;     -- OPERATION_MODE                     ; ROM                                                             ;
;     -- WIDTH_A                            ; 8                                                               ;
;     -- NUMWORDS_A                         ; 9                                                               ;
;     -- OUTDATA_REG_A                      ; CLOCK0                                                          ;
;     -- WIDTH_B                            ; 1                                                               ;
;     -- NUMWORDS_B                         ; 1                                                               ;
;     -- ADDRESS_REG_B                      ; CLOCK1                                                          ;
;     -- OUTDATA_REG_B                      ; UNREGISTERED                                                    ;
;     -- RAM_BLOCK_TYPE                     ; AUTO                                                            ;
;     -- READ_DURING_WRITE_MODE_MIXED_PORTS ; DONT_CARE                                                       ;
; Entity Instance                           ; datapath:dp|Gy:sobel_gy|altsyncram:altsyncram_component         ;
;     -- OPERATION_MODE                     ; ROM                                                             ;
;     -- WIDTH_A                            ; 8                                                               ;
;     -- NUMWORDS_A                         ; 9                                                               ;
;     -- OUTDATA_REG_A                      ; CLOCK0                                                          ;
;     -- WIDTH_B                            ; 1                                                               ;
;     -- NUMWORDS_B                         ; 1                                                               ;
;     -- ADDRESS_REG_B                      ; CLOCK1                                                          ;
;     -- OUTDATA_REG_B                      ; UNREGISTERED                                                    ;
;     -- RAM_BLOCK_TYPE                     ; AUTO                                                            ;
;     -- READ_DURING_WRITE_MODE_MIXED_PORTS ; DONT_CARE                                                       ;
; Entity Instance                           ; datapath:dp|img_rom:my_img|altsyncram:altsyncram_component      ;
;     -- OPERATION_MODE                     ; ROM                                                             ;
;     -- WIDTH_A                            ; 8                                                               ;
;     -- NUMWORDS_A                         ; 65536                                                           ;
;     -- OUTDATA_REG_A                      ; CLOCK0                                                          ;
;     -- WIDTH_B                            ; 1                                                               ;
;     -- NUMWORDS_B                         ; 1                                                               ;
;     -- ADDRESS_REG_B                      ; CLOCK1                                                          ;
;     -- OUTDATA_REG_B                      ; UNREGISTERED                                                    ;
;     -- RAM_BLOCK_TYPE                     ; AUTO                                                            ;
;     -- READ_DURING_WRITE_MODE_MIXED_PORTS ; DONT_CARE                                                       ;
; Entity Instance                           ; datapath:dp|edg_ram_dual:my_edg|altsyncram:altsyncram_component ;
;     -- OPERATION_MODE                     ; DUAL_PORT                                                       ;
;     -- WIDTH_A                            ; 8                                                               ;
;     -- NUMWORDS_A                         ; 65536                                                           ;
;     -- OUTDATA_REG_A                      ; UNREGISTERED                                                    ;
;     -- WIDTH_B                            ; 8                                                               ;
;     -- NUMWORDS_B                         ; 65536                                                           ;
;     -- ADDRESS_REG_B                      ; CLOCK0                                                          ;
;     -- OUTDATA_REG_B                      ; CLOCK0                                                          ;
;     -- RAM_BLOCK_TYPE                     ; AUTO                                                            ;
;     -- READ_DURING_WRITE_MODE_MIXED_PORTS ; DONT_CARE                                                       ;
+-------------------------------------------+-----------------------------------------------------------------+


+----------------------------------------------------------------------------------------------------------------+
; Port Connectivity Checks: "control_unit:cu"                                                                    ;
+------+--------+----------+-------------------------------------------------------------------------------------+
; Port ; Type   ; Severity ; Details                                                                             ;
+------+--------+----------+-------------------------------------------------------------------------------------+
; Ss   ; Output ; Info     ; Connected to dangling logic. Logic that only feeds a dangling port will be removed. ;
+------+--------+----------+-------------------------------------------------------------------------------------+


+----------------------------------------------------------------------------------------------------------------+
; Port Connectivity Checks: "datapath:dp|edg_ram_dual:my_edg"                                                    ;
+------+--------+----------+-------------------------------------------------------------------------------------+
; Port ; Type   ; Severity ; Details                                                                             ;
+------+--------+----------+-------------------------------------------------------------------------------------+
; q    ; Output ; Info     ; Connected to dangling logic. Logic that only feeds a dangling port will be removed. ;
+------+--------+----------+-------------------------------------------------------------------------------------+


+--------------------------------------------------+
; Port Connectivity Checks: "datapath:dp"          ;
+------+-------+----------+------------------------+
; Port ; Type  ; Severity ; Details                ;
+------+-------+----------+------------------------+
; Ss   ; Input ; Info     ; Explicitly unconnected ;
+------+-------+----------+------------------------+


+-----------------------------------------------------+
; Post-Synthesis Netlist Statistics for Top Partition ;
+-------------------+---------------------------------+
; Type              ; Count                           ;
+-------------------+---------------------------------+
; boundary_port     ; 3                               ;
;                   ;                                 ;
; Max LUT depth     ; 0.00                            ;
; Average LUT depth ; 0.00                            ;
+-------------------+---------------------------------+


+-------------------------------+
; Elapsed Time Per Partition    ;
+----------------+--------------+
; Partition Name ; Elapsed Time ;
+----------------+--------------+
; Top            ; 00:00:00     ;
+----------------+--------------+


+-------------------------------+
; Analysis & Synthesis Messages ;
+-------------------------------+
Info: *******************************************************************
Info: Running Quartus Prime Analysis & Synthesis
    Info: Version 23.1std.1 Build 993 05/14/2024 SC Lite Edition
    Info: Processing started: Fri May 16 21:44:05 2025
Info: Command: quartus_map --read_settings_files=on --write_settings_files=off my_module -c my_module
Warning (18236): Number of processors has not been specified which may cause overloading on shared machines.  Set the global assignment NUM_PARALLEL_PROCESSORS in your QSF to an appropriate value for best performance.
Info (20030): Parallel compilation is enabled and will use 4 of the 4 processors detected
Info (12021): Found 1 design units, including 1 entities, in source file datapath.v
    Info (12023): Found entity 1: datapath File: C:/Workspace/emb/module/datapath.v Line: 1
Info (12021): Found 1 design units, including 1 entities, in source file img_rom.v
    Info (12023): Found entity 1: img_rom File: C:/Workspace/emb/module/img_rom.v Line: 40
Info (12021): Found 1 design units, including 1 entities, in source file edg_ram_dual.v
    Info (12023): Found entity 1: edg_ram_dual File: C:/Workspace/emb/module/edg_ram_dual.v Line: 40
Info (12021): Found 1 design units, including 1 entities, in source file gx.v
    Info (12023): Found entity 1: Gx File: C:/Workspace/emb/module/Gx.v Line: 40
Info (12021): Found 1 design units, including 1 entities, in source file gy.v
    Info (12023): Found entity 1: Gy File: C:/Workspace/emb/module/Gy.v Line: 40
Warning (10229): Verilog HDL Expression warning at control_unit.v(204): truncated literal to match 2 bits File: C:/Workspace/emb/module/control_unit.v Line: 204
Info (12021): Found 1 design units, including 1 entities, in source file control_unit.v
    Info (12023): Found entity 1: control_unit File: C:/Workspace/emb/module/control_unit.v Line: 1
Info (12021): Found 1 design units, including 1 entities, in source file edge_detector_tb.v
    Info (12023): Found entity 1: edge_detector_tb File: C:/Workspace/emb/module/edge_detector_tb.v Line: 3
Info (12021): Found 1 design units, including 1 entities, in source file edge_detector.v
    Info (12023): Found entity 1: edge_detector File: C:/Workspace/emb/module/edge_detector.v Line: 1
Info (12021): Found 1 design units, including 1 entities, in source file my_module.v
    Info (12023): Found entity 1: my_module File: C:/Workspace/emb/module/my_module.v Line: 1
Info (12127): Elaborating entity "my_module" for the top level hierarchy
Info (12128): Elaborating entity "datapath" for hierarchy "datapath:dp" File: C:/Workspace/emb/module/my_module.v Line: 90
Warning (10230): Verilog HDL assignment warning at datapath.v(128): truncated value with size 32 to match size of target (4) File: C:/Workspace/emb/module/datapath.v Line: 128
Warning (10230): Verilog HDL assignment warning at datapath.v(131): truncated value with size 32 to match size of target (4) File: C:/Workspace/emb/module/datapath.v Line: 131
Info (12128): Elaborating entity "Gx" for hierarchy "datapath:dp|Gx:sobel_gx" File: C:/Workspace/emb/module/datapath.v Line: 59
Info (12128): Elaborating entity "altsyncram" for hierarchy "datapath:dp|Gx:sobel_gx|altsyncram:altsyncram_component" File: C:/Workspace/emb/module/Gx.v Line: 82
Info (12130): Elaborated megafunction instantiation "datapath:dp|Gx:sobel_gx|altsyncram:altsyncram_component" File: C:/Workspace/emb/module/Gx.v Line: 82
Info (12133): Instantiated megafunction "datapath:dp|Gx:sobel_gx|altsyncram:altsyncram_component" with the following parameter: File: C:/Workspace/emb/module/Gx.v Line: 82
    Info (12134): Parameter "address_aclr_a" = "NONE"
    Info (12134): Parameter "clock_enable_input_a" = "BYPASS"
    Info (12134): Parameter "clock_enable_output_a" = "BYPASS"
    Info (12134): Parameter "init_file" = "gx.mif"
    Info (12134): Parameter "intended_device_family" = "Cyclone V"
    Info (12134): Parameter "lpm_hint" = "ENABLE_RUNTIME_MOD=NO"
    Info (12134): Parameter "lpm_type" = "altsyncram"
    Info (12134): Parameter "numwords_a" = "9"
    Info (12134): Parameter "operation_mode" = "ROM"
    Info (12134): Parameter "outdata_aclr_a" = "NONE"
    Info (12134): Parameter "outdata_reg_a" = "CLOCK0"
    Info (12134): Parameter "widthad_a" = "4"
    Info (12134): Parameter "width_a" = "8"
    Info (12134): Parameter "width_byteena_a" = "1"
Info (12021): Found 1 design units, including 1 entities, in source file db/altsyncram_7ue1.tdf
    Info (12023): Found entity 1: altsyncram_7ue1 File: C:/Workspace/emb/module/db/altsyncram_7ue1.tdf Line: 28
Info (12128): Elaborating entity "altsyncram_7ue1" for hierarchy "datapath:dp|Gx:sobel_gx|altsyncram:altsyncram_component|altsyncram_7ue1:auto_generated" File: c:/intelfpga_lite/23.1std/quartus/libraries/megafunctions/altsyncram.tdf Line: 792
Info (12128): Elaborating entity "Gy" for hierarchy "datapath:dp|Gy:sobel_gy" File: C:/Workspace/emb/module/datapath.v Line: 65
Info (12128): Elaborating entity "altsyncram" for hierarchy "datapath:dp|Gy:sobel_gy|altsyncram:altsyncram_component" File: C:/Workspace/emb/module/Gy.v Line: 82
Info (12130): Elaborated megafunction instantiation "datapath:dp|Gy:sobel_gy|altsyncram:altsyncram_component" File: C:/Workspace/emb/module/Gy.v Line: 82
Info (12133): Instantiated megafunction "datapath:dp|Gy:sobel_gy|altsyncram:altsyncram_component" with the following parameter: File: C:/Workspace/emb/module/Gy.v Line: 82
    Info (12134): Parameter "address_aclr_a" = "NONE"
    Info (12134): Parameter "clock_enable_input_a" = "BYPASS"
    Info (12134): Parameter "clock_enable_output_a" = "BYPASS"
    Info (12134): Parameter "init_file" = "gy.mif"
    Info (12134): Parameter "intended_device_family" = "Cyclone V"
    Info (12134): Parameter "lpm_hint" = "ENABLE_RUNTIME_MOD=NO"
    Info (12134): Parameter "lpm_type" = "altsyncram"
    Info (12134): Parameter "numwords_a" = "9"
    Info (12134): Parameter "operation_mode" = "ROM"
    Info (12134): Parameter "outdata_aclr_a" = "NONE"
    Info (12134): Parameter "outdata_reg_a" = "CLOCK0"
    Info (12134): Parameter "widthad_a" = "4"
    Info (12134): Parameter "width_a" = "8"
    Info (12134): Parameter "width_byteena_a" = "1"
Info (12021): Found 1 design units, including 1 entities, in source file db/altsyncram_8ue1.tdf
    Info (12023): Found entity 1: altsyncram_8ue1 File: C:/Workspace/emb/module/db/altsyncram_8ue1.tdf Line: 28
Info (12128): Elaborating entity "altsyncram_8ue1" for hierarchy "datapath:dp|Gy:sobel_gy|altsyncram:altsyncram_component|altsyncram_8ue1:auto_generated" File: c:/intelfpga_lite/23.1std/quartus/libraries/megafunctions/altsyncram.tdf Line: 792
Info (12128): Elaborating entity "img_rom" for hierarchy "datapath:dp|img_rom:my_img" File: C:/Workspace/emb/module/datapath.v Line: 71
Info (12128): Elaborating entity "altsyncram" for hierarchy "datapath:dp|img_rom:my_img|altsyncram:altsyncram_component" File: C:/Workspace/emb/module/img_rom.v Line: 82
Info (12130): Elaborated megafunction instantiation "datapath:dp|img_rom:my_img|altsyncram:altsyncram_component" File: C:/Workspace/emb/module/img_rom.v Line: 82
Info (12133): Instantiated megafunction "datapath:dp|img_rom:my_img|altsyncram:altsyncram_component" with the following parameter: File: C:/Workspace/emb/module/img_rom.v Line: 82
    Info (12134): Parameter "address_aclr_a" = "NONE"
    Info (12134): Parameter "clock_enable_input_a" = "BYPASS"
    Info (12134): Parameter "clock_enable_output_a" = "BYPASS"
    Info (12134): Parameter "init_file" = "woman.mif"
    Info (12134): Parameter "intended_device_family" = "Cyclone V"
    Info (12134): Parameter "lpm_hint" = "ENABLE_RUNTIME_MOD=NO"
    Info (12134): Parameter "lpm_type" = "altsyncram"
    Info (12134): Parameter "numwords_a" = "65536"
    Info (12134): Parameter "operation_mode" = "ROM"
    Info (12134): Parameter "outdata_aclr_a" = "NONE"
    Info (12134): Parameter "outdata_reg_a" = "CLOCK0"
    Info (12134): Parameter "widthad_a" = "16"
    Info (12134): Parameter "width_a" = "8"
    Info (12134): Parameter "width_byteena_a" = "1"
Info (12021): Found 1 design units, including 1 entities, in source file db/altsyncram_dgf1.tdf
    Info (12023): Found entity 1: altsyncram_dgf1 File: C:/Workspace/emb/module/db/altsyncram_dgf1.tdf Line: 32
Info (12128): Elaborating entity "altsyncram_dgf1" for hierarchy "datapath:dp|img_rom:my_img|altsyncram:altsyncram_component|altsyncram_dgf1:auto_generated" File: c:/intelfpga_lite/23.1std/quartus/libraries/megafunctions/altsyncram.tdf Line: 792
Info (12021): Found 1 design units, including 1 entities, in source file db/decode_61a.tdf
    Info (12023): Found entity 1: decode_61a File: C:/Workspace/emb/module/db/decode_61a.tdf Line: 23
Info (12128): Elaborating entity "decode_61a" for hierarchy "datapath:dp|img_rom:my_img|altsyncram:altsyncram_component|altsyncram_dgf1:auto_generated|decode_61a:rden_decode" File: C:/Workspace/emb/module/db/altsyncram_dgf1.tdf Line: 41
Info (12021): Found 1 design units, including 1 entities, in source file db/mux_tfb.tdf
    Info (12023): Found entity 1: mux_tfb File: C:/Workspace/emb/module/db/mux_tfb.tdf Line: 23
Info (12128): Elaborating entity "mux_tfb" for hierarchy "datapath:dp|img_rom:my_img|altsyncram:altsyncram_component|altsyncram_dgf1:auto_generated|mux_tfb:mux2" File: C:/Workspace/emb/module/db/altsyncram_dgf1.tdf Line: 42
Info (12128): Elaborating entity "edg_ram_dual" for hierarchy "datapath:dp|edg_ram_dual:my_edg" File: C:/Workspace/emb/module/datapath.v Line: 80
Info (12128): Elaborating entity "altsyncram" for hierarchy "datapath:dp|edg_ram_dual:my_edg|altsyncram:altsyncram_component" File: C:/Workspace/emb/module/edg_ram_dual.v Line: 92
Info (12130): Elaborated megafunction instantiation "datapath:dp|edg_ram_dual:my_edg|altsyncram:altsyncram_component" File: C:/Workspace/emb/module/edg_ram_dual.v Line: 92
Info (12133): Instantiated megafunction "datapath:dp|edg_ram_dual:my_edg|altsyncram:altsyncram_component" with the following parameter: File: C:/Workspace/emb/module/edg_ram_dual.v Line: 92
    Info (12134): Parameter "address_aclr_b" = "NONE"
    Info (12134): Parameter "address_reg_b" = "CLOCK0"
    Info (12134): Parameter "clock_enable_input_a" = "BYPASS"
    Info (12134): Parameter "clock_enable_input_b" = "BYPASS"
    Info (12134): Parameter "clock_enable_output_b" = "BYPASS"
    Info (12134): Parameter "init_file" = "edges.mif"
    Info (12134): Parameter "intended_device_family" = "Cyclone V"
    Info (12134): Parameter "lpm_type" = "altsyncram"
    Info (12134): Parameter "numwords_a" = "65536"
    Info (12134): Parameter "numwords_b" = "65536"
    Info (12134): Parameter "operation_mode" = "DUAL_PORT"
    Info (12134): Parameter "outdata_aclr_b" = "NONE"
    Info (12134): Parameter "outdata_reg_b" = "CLOCK0"
    Info (12134): Parameter "power_up_uninitialized" = "FALSE"
    Info (12134): Parameter "read_during_write_mode_mixed_ports" = "DONT_CARE"
    Info (12134): Parameter "widthad_a" = "16"
    Info (12134): Parameter "widthad_b" = "16"
    Info (12134): Parameter "width_a" = "8"
    Info (12134): Parameter "width_b" = "8"
    Info (12134): Parameter "width_byteena_a" = "1"
Info (12021): Found 1 design units, including 1 entities, in source file db/altsyncram_auv1.tdf
    Info (12023): Found entity 1: altsyncram_auv1 File: C:/Workspace/emb/module/db/altsyncram_auv1.tdf Line: 34
Info (12128): Elaborating entity "altsyncram_auv1" for hierarchy "datapath:dp|edg_ram_dual:my_edg|altsyncram:altsyncram_component|altsyncram_auv1:auto_generated" File: c:/intelfpga_lite/23.1std/quartus/libraries/megafunctions/altsyncram.tdf Line: 792
Info (12021): Found 1 design units, including 1 entities, in source file db/decode_dla.tdf
    Info (12023): Found entity 1: decode_dla File: C:/Workspace/emb/module/db/decode_dla.tdf Line: 23
Info (12128): Elaborating entity "decode_dla" for hierarchy "datapath:dp|edg_ram_dual:my_edg|altsyncram:altsyncram_component|altsyncram_auv1:auto_generated|decode_dla:decode2" File: C:/Workspace/emb/module/db/altsyncram_auv1.tdf Line: 46
Info (12128): Elaborating entity "control_unit" for hierarchy "control_unit:cu" File: C:/Workspace/emb/module/my_module.v Line: 122
Warning (10240): Verilog HDL Always Construct warning at control_unit.v(117): inferring latch(es) for variable "ldX", which holds its previous value in one or more paths through the always construct File: C:/Workspace/emb/module/control_unit.v Line: 117
Warning (10240): Verilog HDL Always Construct warning at control_unit.v(117): inferring latch(es) for variable "ldY", which holds its previous value in one or more paths through the always construct File: C:/Workspace/emb/module/control_unit.v Line: 117
Warning (10240): Verilog HDL Always Construct warning at control_unit.v(117): inferring latch(es) for variable "Sx", which holds its previous value in one or more paths through the always construct File: C:/Workspace/emb/module/control_unit.v Line: 117
Warning (10240): Verilog HDL Always Construct warning at control_unit.v(117): inferring latch(es) for variable "Sy", which holds its previous value in one or more paths through the always construct File: C:/Workspace/emb/module/control_unit.v Line: 117
Warning (10240): Verilog HDL Always Construct warning at control_unit.v(117): inferring latch(es) for variable "ldI", which holds its previous value in one or more paths through the always construct File: C:/Workspace/emb/module/control_unit.v Line: 117
Warning (10240): Verilog HDL Always Construct warning at control_unit.v(117): inferring latch(es) for variable "ldJ", which holds its previous value in one or more paths through the always construct File: C:/Workspace/emb/module/control_unit.v Line: 117
Warning (10240): Verilog HDL Always Construct warning at control_unit.v(117): inferring latch(es) for variable "Ss", which holds its previous value in one or more paths through the always construct File: C:/Workspace/emb/module/control_unit.v Line: 117
Warning (10240): Verilog HDL Always Construct warning at control_unit.v(117): inferring latch(es) for variable "Scompl", which holds its previous value in one or more paths through the always construct File: C:/Workspace/emb/module/control_unit.v Line: 117
Warning (10240): Verilog HDL Always Construct warning at control_unit.v(117): inferring latch(es) for variable "Scompr", which holds its previous value in one or more paths through the always construct File: C:/Workspace/emb/module/control_unit.v Line: 117
Warning (10240): Verilog HDL Always Construct warning at control_unit.v(117): inferring latch(es) for variable "we", which holds its previous value in one or more paths through the always construct File: C:/Workspace/emb/module/control_unit.v Line: 117
Warning (10240): Verilog HDL Always Construct warning at control_unit.v(117): inferring latch(es) for variable "ldSumx", which holds its previous value in one or more paths through the always construct File: C:/Workspace/emb/module/control_unit.v Line: 117
Warning (10240): Verilog HDL Always Construct warning at control_unit.v(117): inferring latch(es) for variable "ldSumy", which holds its previous value in one or more paths through the always construct File: C:/Workspace/emb/module/control_unit.v Line: 117
Warning (10240): Verilog HDL Always Construct warning at control_unit.v(117): inferring latch(es) for variable "Si", which holds its previous value in one or more paths through the always construct File: C:/Workspace/emb/module/control_unit.v Line: 117
Warning (10240): Verilog HDL Always Construct warning at control_unit.v(117): inferring latch(es) for variable "Ssumx", which holds its previous value in one or more paths through the always construct File: C:/Workspace/emb/module/control_unit.v Line: 117
Warning (10240): Verilog HDL Always Construct warning at control_unit.v(117): inferring latch(es) for variable "Ssumy", which holds its previous value in one or more paths through the always construct File: C:/Workspace/emb/module/control_unit.v Line: 117
Warning (10240): Verilog HDL Always Construct warning at control_unit.v(117): inferring latch(es) for variable "Sj", which holds its previous value in one or more paths through the always construct File: C:/Workspace/emb/module/control_unit.v Line: 117
Warning (10240): Verilog HDL Always Construct warning at control_unit.v(117): inferring latch(es) for variable "ldImgAddr", which holds its previous value in one or more paths through the always construct File: C:/Workspace/emb/module/control_unit.v Line: 117
Warning (10240): Verilog HDL Always Construct warning at control_unit.v(117): inferring latch(es) for variable "ldGxAddr", which holds its previous value in one or more paths through the always construct File: C:/Workspace/emb/module/control_unit.v Line: 117
Warning (10240): Verilog HDL Always Construct warning at control_unit.v(117): inferring latch(es) for variable "ldGyAddr", which holds its previous value in one or more paths through the always construct File: C:/Workspace/emb/module/control_unit.v Line: 117
Warning (10240): Verilog HDL Always Construct warning at control_unit.v(117): inferring latch(es) for variable "Ssumxop", which holds its previous value in one or more paths through the always construct File: C:/Workspace/emb/module/control_unit.v Line: 117
Warning (10240): Verilog HDL Always Construct warning at control_unit.v(117): inferring latch(es) for variable "Ssumyop", which holds its previous value in one or more paths through the always construct File: C:/Workspace/emb/module/control_unit.v Line: 117
Warning (10240): Verilog HDL Always Construct warning at control_unit.v(117): inferring latch(es) for variable "Smult", which holds its previous value in one or more paths through the always construct File: C:/Workspace/emb/module/control_unit.v Line: 117
Warning (10240): Verilog HDL Always Construct warning at control_unit.v(117): inferring latch(es) for variable "ldMagnit", which holds its previous value in one or more paths through the always construct File: C:/Workspace/emb/module/control_unit.v Line: 117
Warning (10240): Verilog HDL Always Construct warning at control_unit.v(117): inferring latch(es) for variable "Sedg", which holds its previous value in one or more paths through the always construct File: C:/Workspace/emb/module/control_unit.v Line: 117
Info (10041): Inferred latch for "Sedg" at control_unit.v(117) File: C:/Workspace/emb/module/control_unit.v Line: 117
Info (10041): Inferred latch for "ldMagnit" at control_unit.v(117) File: C:/Workspace/emb/module/control_unit.v Line: 117
Info (10041): Inferred latch for "Smult" at control_unit.v(117) File: C:/Workspace/emb/module/control_unit.v Line: 117
Info (10041): Inferred latch for "Ssumyop" at control_unit.v(117) File: C:/Workspace/emb/module/control_unit.v Line: 117
Info (10041): Inferred latch for "Ssumxop" at control_unit.v(117) File: C:/Workspace/emb/module/control_unit.v Line: 117
Info (10041): Inferred latch for "ldGyAddr" at control_unit.v(117) File: C:/Workspace/emb/module/control_unit.v Line: 117
Info (10041): Inferred latch for "ldGxAddr" at control_unit.v(117) File: C:/Workspace/emb/module/control_unit.v Line: 117
Info (10041): Inferred latch for "ldImgAddr" at control_unit.v(117) File: C:/Workspace/emb/module/control_unit.v Line: 117
Info (10041): Inferred latch for "Sj" at control_unit.v(117) File: C:/Workspace/emb/module/control_unit.v Line: 117
Info (10041): Inferred latch for "Ssumy" at control_unit.v(117) File: C:/Workspace/emb/module/control_unit.v Line: 117
Info (10041): Inferred latch for "Ssumx" at control_unit.v(117) File: C:/Workspace/emb/module/control_unit.v Line: 117
Info (10041): Inferred latch for "Si" at control_unit.v(117) File: C:/Workspace/emb/module/control_unit.v Line: 117
Info (10041): Inferred latch for "ldSumy" at control_unit.v(117) File: C:/Workspace/emb/module/control_unit.v Line: 117
Info (10041): Inferred latch for "ldSumx" at control_unit.v(117) File: C:/Workspace/emb/module/control_unit.v Line: 117
Info (10041): Inferred latch for "we" at control_unit.v(117) File: C:/Workspace/emb/module/control_unit.v Line: 117
Info (10041): Inferred latch for "Scompr[0]" at control_unit.v(117) File: C:/Workspace/emb/module/control_unit.v Line: 117
Info (10041): Inferred latch for "Scompr[1]" at control_unit.v(117) File: C:/Workspace/emb/module/control_unit.v Line: 117
Info (10041): Inferred latch for "Scompr[2]" at control_unit.v(117) File: C:/Workspace/emb/module/control_unit.v Line: 117
Info (10041): Inferred latch for "Scompl[0]" at control_unit.v(117) File: C:/Workspace/emb/module/control_unit.v Line: 117
Info (10041): Inferred latch for "Scompl[1]" at control_unit.v(117) File: C:/Workspace/emb/module/control_unit.v Line: 117
Info (10041): Inferred latch for "Scompl[2]" at control_unit.v(117) File: C:/Workspace/emb/module/control_unit.v Line: 117
Info (10041): Inferred latch for "Ss[0]" at control_unit.v(117) File: C:/Workspace/emb/module/control_unit.v Line: 117
Info (10041): Inferred latch for "Ss[1]" at control_unit.v(117) File: C:/Workspace/emb/module/control_unit.v Line: 117
Info (10041): Inferred latch for "ldJ" at control_unit.v(117) File: C:/Workspace/emb/module/control_unit.v Line: 117
Info (10041): Inferred latch for "ldI" at control_unit.v(117) File: C:/Workspace/emb/module/control_unit.v Line: 117
Info (10041): Inferred latch for "Sy" at control_unit.v(117) File: C:/Workspace/emb/module/control_unit.v Line: 117
Info (10041): Inferred latch for "Sx" at control_unit.v(117) File: C:/Workspace/emb/module/control_unit.v Line: 117
Info (10041): Inferred latch for "ldY" at control_unit.v(117) File: C:/Workspace/emb/module/control_unit.v Line: 117
Info (10041): Inferred latch for "ldX" at control_unit.v(117) File: C:/Workspace/emb/module/control_unit.v Line: 117
Warning (14284): Synthesized away the following node(s):
    Warning (14285): Synthesized away the following RAM node(s):
        Warning (14320): Synthesized away node "datapath:dp|edg_ram_dual:my_edg|altsyncram:altsyncram_component|altsyncram_auv1:auto_generated|ram_block1a0" File: C:/Workspace/emb/module/db/altsyncram_auv1.tdf Line: 50
        Warning (14320): Synthesized away node "datapath:dp|edg_ram_dual:my_edg|altsyncram:altsyncram_component|altsyncram_auv1:auto_generated|ram_block1a1" File: C:/Workspace/emb/module/db/altsyncram_auv1.tdf Line: 85
        Warning (14320): Synthesized away node "datapath:dp|edg_ram_dual:my_edg|altsyncram:altsyncram_component|altsyncram_auv1:auto_generated|ram_block1a2" File: C:/Workspace/emb/module/db/altsyncram_auv1.tdf Line: 120
        Warning (14320): Synthesized away node "datapath:dp|edg_ram_dual:my_edg|altsyncram:altsyncram_component|altsyncram_auv1:auto_generated|ram_block1a3" File: C:/Workspace/emb/module/db/altsyncram_auv1.tdf Line: 155
        Warning (14320): Synthesized away node "datapath:dp|edg_ram_dual:my_edg|altsyncram:altsyncram_component|altsyncram_auv1:auto_generated|ram_block1a4" File: C:/Workspace/emb/module/db/altsyncram_auv1.tdf Line: 190
        Warning (14320): Synthesized away node "datapath:dp|edg_ram_dual:my_edg|altsyncram:altsyncram_component|altsyncram_auv1:auto_generated|ram_block1a5" File: C:/Workspace/emb/module/db/altsyncram_auv1.tdf Line: 225
        Warning (14320): Synthesized away node "datapath:dp|edg_ram_dual:my_edg|altsyncram:altsyncram_component|altsyncram_auv1:auto_generated|ram_block1a6" File: C:/Workspace/emb/module/db/altsyncram_auv1.tdf Line: 260
        Warning (14320): Synthesized away node "datapath:dp|edg_ram_dual:my_edg|altsyncram:altsyncram_component|altsyncram_auv1:auto_generated|ram_block1a7" File: C:/Workspace/emb/module/db/altsyncram_auv1.tdf Line: 295
        Warning (14320): Synthesized away node "datapath:dp|edg_ram_dual:my_edg|altsyncram:altsyncram_component|altsyncram_auv1:auto_generated|ram_block1a8" File: C:/Workspace/emb/module/db/altsyncram_auv1.tdf Line: 330
        Warning (14320): Synthesized away node "datapath:dp|edg_ram_dual:my_edg|altsyncram:altsyncram_component|altsyncram_auv1:auto_generated|ram_block1a9" File: C:/Workspace/emb/module/db/altsyncram_auv1.tdf Line: 365
        Warning (14320): Synthesized away node "datapath:dp|edg_ram_dual:my_edg|altsyncram:altsyncram_component|altsyncram_auv1:auto_generated|ram_block1a10" File: C:/Workspace/emb/module/db/altsyncram_auv1.tdf Line: 400
        Warning (14320): Synthesized away node "datapath:dp|edg_ram_dual:my_edg|altsyncram:altsyncram_component|altsyncram_auv1:auto_generated|ram_block1a11" File: C:/Workspace/emb/module/db/altsyncram_auv1.tdf Line: 435
        Warning (14320): Synthesized away node "datapath:dp|edg_ram_dual:my_edg|altsyncram:altsyncram_component|altsyncram_auv1:auto_generated|ram_block1a12" File: C:/Workspace/emb/module/db/altsyncram_auv1.tdf Line: 470
        Warning (14320): Synthesized away node "datapath:dp|edg_ram_dual:my_edg|altsyncram:altsyncram_component|altsyncram_auv1:auto_generated|ram_block1a13" File: C:/Workspace/emb/module/db/altsyncram_auv1.tdf Line: 505
        Warning (14320): Synthesized away node "datapath:dp|edg_ram_dual:my_edg|altsyncram:altsyncram_component|altsyncram_auv1:auto_generated|ram_block1a14" File: C:/Workspace/emb/module/db/altsyncram_auv1.tdf Line: 540
        Warning (14320): Synthesized away node "datapath:dp|edg_ram_dual:my_edg|altsyncram:altsyncram_component|altsyncram_auv1:auto_generated|ram_block1a15" File: C:/Workspace/emb/module/db/altsyncram_auv1.tdf Line: 575
        Warning (14320): Synthesized away node "datapath:dp|edg_ram_dual:my_edg|altsyncram:altsyncram_component|altsyncram_auv1:auto_generated|ram_block1a16" File: C:/Workspace/emb/module/db/altsyncram_auv1.tdf Line: 610
        Warning (14320): Synthesized away node "datapath:dp|edg_ram_dual:my_edg|altsyncram:altsyncram_component|altsyncram_auv1:auto_generated|ram_block1a17" File: C:/Workspace/emb/module/db/altsyncram_auv1.tdf Line: 645
        Warning (14320): Synthesized away node "datapath:dp|edg_ram_dual:my_edg|altsyncram:altsyncram_component|altsyncram_auv1:auto_generated|ram_block1a18" File: C:/Workspace/emb/module/db/altsyncram_auv1.tdf Line: 680
        Warning (14320): Synthesized away node "datapath:dp|edg_ram_dual:my_edg|altsyncram:altsyncram_component|altsyncram_auv1:auto_generated|ram_block1a19" File: C:/Workspace/emb/module/db/altsyncram_auv1.tdf Line: 715
        Warning (14320): Synthesized away node "datapath:dp|edg_ram_dual:my_edg|altsyncram:altsyncram_component|altsyncram_auv1:auto_generated|ram_block1a20" File: C:/Workspace/emb/module/db/altsyncram_auv1.tdf Line: 750
        Warning (14320): Synthesized away node "datapath:dp|edg_ram_dual:my_edg|altsyncram:altsyncram_component|altsyncram_auv1:auto_generated|ram_block1a21" File: C:/Workspace/emb/module/db/altsyncram_auv1.tdf Line: 785
        Warning (14320): Synthesized away node "datapath:dp|edg_ram_dual:my_edg|altsyncram:altsyncram_component|altsyncram_auv1:auto_generated|ram_block1a22" File: C:/Workspace/emb/module/db/altsyncram_auv1.tdf Line: 820
        Warning (14320): Synthesized away node "datapath:dp|edg_ram_dual:my_edg|altsyncram:altsyncram_component|altsyncram_auv1:auto_generated|ram_block1a23" File: C:/Workspace/emb/module/db/altsyncram_auv1.tdf Line: 855
        Warning (14320): Synthesized away node "datapath:dp|edg_ram_dual:my_edg|altsyncram:altsyncram_component|altsyncram_auv1:auto_generated|ram_block1a24" File: C:/Workspace/emb/module/db/altsyncram_auv1.tdf Line: 890
        Warning (14320): Synthesized away node "datapath:dp|edg_ram_dual:my_edg|altsyncram:altsyncram_component|altsyncram_auv1:auto_generated|ram_block1a25" File: C:/Workspace/emb/module/db/altsyncram_auv1.tdf Line: 925
        Warning (14320): Synthesized away node "datapath:dp|edg_ram_dual:my_edg|altsyncram:altsyncram_component|altsyncram_auv1:auto_generated|ram_block1a26" File: C:/Workspace/emb/module/db/altsyncram_auv1.tdf Line: 960
        Warning (14320): Synthesized away node "datapath:dp|edg_ram_dual:my_edg|altsyncram:altsyncram_component|altsyncram_auv1:auto_generated|ram_block1a27" File: C:/Workspace/emb/module/db/altsyncram_auv1.tdf Line: 995
        Warning (14320): Synthesized away node "datapath:dp|edg_ram_dual:my_edg|altsyncram:altsyncram_component|altsyncram_auv1:auto_generated|ram_block1a28" File: C:/Workspace/emb/module/db/altsyncram_auv1.tdf Line: 1030
        Warning (14320): Synthesized away node "datapath:dp|edg_ram_dual:my_edg|altsyncram:altsyncram_component|altsyncram_auv1:auto_generated|ram_block1a29" File: C:/Workspace/emb/module/db/altsyncram_auv1.tdf Line: 1065
        Warning (14320): Synthesized away node "datapath:dp|edg_ram_dual:my_edg|altsyncram:altsyncram_component|altsyncram_auv1:auto_generated|ram_block1a30" File: C:/Workspace/emb/module/db/altsyncram_auv1.tdf Line: 1100
        Warning (14320): Synthesized away node "datapath:dp|edg_ram_dual:my_edg|altsyncram:altsyncram_component|altsyncram_auv1:auto_generated|ram_block1a31" File: C:/Workspace/emb/module/db/altsyncram_auv1.tdf Line: 1135
        Warning (14320): Synthesized away node "datapath:dp|edg_ram_dual:my_edg|altsyncram:altsyncram_component|altsyncram_auv1:auto_generated|ram_block1a32" File: C:/Workspace/emb/module/db/altsyncram_auv1.tdf Line: 1170
        Warning (14320): Synthesized away node "datapath:dp|edg_ram_dual:my_edg|altsyncram:altsyncram_component|altsyncram_auv1:auto_generated|ram_block1a33" File: C:/Workspace/emb/module/db/altsyncram_auv1.tdf Line: 1205
        Warning (14320): Synthesized away node "datapath:dp|edg_ram_dual:my_edg|altsyncram:altsyncram_component|altsyncram_auv1:auto_generated|ram_block1a34" File: C:/Workspace/emb/module/db/altsyncram_auv1.tdf Line: 1240
        Warning (14320): Synthesized away node "datapath:dp|edg_ram_dual:my_edg|altsyncram:altsyncram_component|altsyncram_auv1:auto_generated|ram_block1a35" File: C:/Workspace/emb/module/db/altsyncram_auv1.tdf Line: 1275
        Warning (14320): Synthesized away node "datapath:dp|edg_ram_dual:my_edg|altsyncram:altsyncram_component|altsyncram_auv1:auto_generated|ram_block1a36" File: C:/Workspace/emb/module/db/altsyncram_auv1.tdf Line: 1310
        Warning (14320): Synthesized away node "datapath:dp|edg_ram_dual:my_edg|altsyncram:altsyncram_component|altsyncram_auv1:auto_generated|ram_block1a37" File: C:/Workspace/emb/module/db/altsyncram_auv1.tdf Line: 1345
        Warning (14320): Synthesized away node "datapath:dp|edg_ram_dual:my_edg|altsyncram:altsyncram_component|altsyncram_auv1:auto_generated|ram_block1a38" File: C:/Workspace/emb/module/db/altsyncram_auv1.tdf Line: 1380
        Warning (14320): Synthesized away node "datapath:dp|edg_ram_dual:my_edg|altsyncram:altsyncram_component|altsyncram_auv1:auto_generated|ram_block1a39" File: C:/Workspace/emb/module/db/altsyncram_auv1.tdf Line: 1415
        Warning (14320): Synthesized away node "datapath:dp|edg_ram_dual:my_edg|altsyncram:altsyncram_component|altsyncram_auv1:auto_generated|ram_block1a40" File: C:/Workspace/emb/module/db/altsyncram_auv1.tdf Line: 1450
        Warning (14320): Synthesized away node "datapath:dp|edg_ram_dual:my_edg|altsyncram:altsyncram_component|altsyncram_auv1:auto_generated|ram_block1a41" File: C:/Workspace/emb/module/db/altsyncram_auv1.tdf Line: 1485
        Warning (14320): Synthesized away node "datapath:dp|edg_ram_dual:my_edg|altsyncram:altsyncram_component|altsyncram_auv1:auto_generated|ram_block1a42" File: C:/Workspace/emb/module/db/altsyncram_auv1.tdf Line: 1520
        Warning (14320): Synthesized away node "datapath:dp|edg_ram_dual:my_edg|altsyncram:altsyncram_component|altsyncram_auv1:auto_generated|ram_block1a43" File: C:/Workspace/emb/module/db/altsyncram_auv1.tdf Line: 1555
        Warning (14320): Synthesized away node "datapath:dp|edg_ram_dual:my_edg|altsyncram:altsyncram_component|altsyncram_auv1:auto_generated|ram_block1a44" File: C:/Workspace/emb/module/db/altsyncram_auv1.tdf Line: 1590
        Warning (14320): Synthesized away node "datapath:dp|edg_ram_dual:my_edg|altsyncram:altsyncram_component|altsyncram_auv1:auto_generated|ram_block1a45" File: C:/Workspace/emb/module/db/altsyncram_auv1.tdf Line: 1625
        Warning (14320): Synthesized away node "datapath:dp|edg_ram_dual:my_edg|altsyncram:altsyncram_component|altsyncram_auv1:auto_generated|ram_block1a46" File: C:/Workspace/emb/module/db/altsyncram_auv1.tdf Line: 1660
        Warning (14320): Synthesized away node "datapath:dp|edg_ram_dual:my_edg|altsyncram:altsyncram_component|altsyncram_auv1:auto_generated|ram_block1a47" File: C:/Workspace/emb/module/db/altsyncram_auv1.tdf Line: 1695
        Warning (14320): Synthesized away node "datapath:dp|edg_ram_dual:my_edg|altsyncram:altsyncram_component|altsyncram_auv1:auto_generated|ram_block1a48" File: C:/Workspace/emb/module/db/altsyncram_auv1.tdf Line: 1730
        Warning (14320): Synthesized away node "datapath:dp|edg_ram_dual:my_edg|altsyncram:altsyncram_component|altsyncram_auv1:auto_generated|ram_block1a49" File: C:/Workspace/emb/module/db/altsyncram_auv1.tdf Line: 1765
        Warning (14320): Synthesized away node "datapath:dp|edg_ram_dual:my_edg|altsyncram:altsyncram_component|altsyncram_auv1:auto_generated|ram_block1a50" File: C:/Workspace/emb/module/db/altsyncram_auv1.tdf Line: 1800
        Warning (14320): Synthesized away node "datapath:dp|edg_ram_dual:my_edg|altsyncram:altsyncram_component|altsyncram_auv1:auto_generated|ram_block1a51" File: C:/Workspace/emb/module/db/altsyncram_auv1.tdf Line: 1835
        Warning (14320): Synthesized away node "datapath:dp|edg_ram_dual:my_edg|altsyncram:altsyncram_component|altsyncram_auv1:auto_generated|ram_block1a52" File: C:/Workspace/emb/module/db/altsyncram_auv1.tdf Line: 1870
        Warning (14320): Synthesized away node "datapath:dp|edg_ram_dual:my_edg|altsyncram:altsyncram_component|altsyncram_auv1:auto_generated|ram_block1a53" File: C:/Workspace/emb/module/db/altsyncram_auv1.tdf Line: 1905
        Warning (14320): Synthesized away node "datapath:dp|edg_ram_dual:my_edg|altsyncram:altsyncram_component|altsyncram_auv1:auto_generated|ram_block1a54" File: C:/Workspace/emb/module/db/altsyncram_auv1.tdf Line: 1940
        Warning (14320): Synthesized away node "datapath:dp|edg_ram_dual:my_edg|altsyncram:altsyncram_component|altsyncram_auv1:auto_generated|ram_block1a55" File: C:/Workspace/emb/module/db/altsyncram_auv1.tdf Line: 1975
        Warning (14320): Synthesized away node "datapath:dp|edg_ram_dual:my_edg|altsyncram:altsyncram_component|altsyncram_auv1:auto_generated|ram_block1a56" File: C:/Workspace/emb/module/db/altsyncram_auv1.tdf Line: 2010
        Warning (14320): Synthesized away node "datapath:dp|edg_ram_dual:my_edg|altsyncram:altsyncram_component|altsyncram_auv1:auto_generated|ram_block1a57" File: C:/Workspace/emb/module/db/altsyncram_auv1.tdf Line: 2045
        Warning (14320): Synthesized away node "datapath:dp|edg_ram_dual:my_edg|altsyncram:altsyncram_component|altsyncram_auv1:auto_generated|ram_block1a58" File: C:/Workspace/emb/module/db/altsyncram_auv1.tdf Line: 2080
        Warning (14320): Synthesized away node "datapath:dp|edg_ram_dual:my_edg|altsyncram:altsyncram_component|altsyncram_auv1:auto_generated|ram_block1a59" File: C:/Workspace/emb/module/db/altsyncram_auv1.tdf Line: 2115
        Warning (14320): Synthesized away node "datapath:dp|edg_ram_dual:my_edg|altsyncram:altsyncram_component|altsyncram_auv1:auto_generated|ram_block1a60" File: C:/Workspace/emb/module/db/altsyncram_auv1.tdf Line: 2150
        Warning (14320): Synthesized away node "datapath:dp|edg_ram_dual:my_edg|altsyncram:altsyncram_component|altsyncram_auv1:auto_generated|ram_block1a61" File: C:/Workspace/emb/module/db/altsyncram_auv1.tdf Line: 2185
        Warning (14320): Synthesized away node "datapath:dp|edg_ram_dual:my_edg|altsyncram:altsyncram_component|altsyncram_auv1:auto_generated|ram_block1a62" File: C:/Workspace/emb/module/db/altsyncram_auv1.tdf Line: 2220
        Warning (14320): Synthesized away node "datapath:dp|edg_ram_dual:my_edg|altsyncram:altsyncram_component|altsyncram_auv1:auto_generated|ram_block1a63" File: C:/Workspace/emb/module/db/altsyncram_auv1.tdf Line: 2255
Warning (14284): Synthesized away the following node(s):
    Warning (14285): Synthesized away the following RAM node(s):
        Warning (14320): Synthesized away node "datapath:dp|img_rom:my_img|altsyncram:altsyncram_component|altsyncram_dgf1:auto_generated|ram_block1a8" File: C:/Workspace/emb/module/db/altsyncram_dgf1.tdf Line: 219
        Warning (14320): Synthesized away node "datapath:dp|img_rom:my_img|altsyncram:altsyncram_component|altsyncram_dgf1:auto_generated|ram_block1a9" File: C:/Workspace/emb/module/db/altsyncram_dgf1.tdf Line: 241
        Warning (14320): Synthesized away node "datapath:dp|img_rom:my_img|altsyncram:altsyncram_component|altsyncram_dgf1:auto_generated|ram_block1a10" File: C:/Workspace/emb/module/db/altsyncram_dgf1.tdf Line: 263
        Warning (14320): Synthesized away node "datapath:dp|img_rom:my_img|altsyncram:altsyncram_component|altsyncram_dgf1:auto_generated|ram_block1a11" File: C:/Workspace/emb/module/db/altsyncram_dgf1.tdf Line: 285
        Warning (14320): Synthesized away node "datapath:dp|img_rom:my_img|altsyncram:altsyncram_component|altsyncram_dgf1:auto_generated|ram_block1a12" File: C:/Workspace/emb/module/db/altsyncram_dgf1.tdf Line: 307
        Warning (14320): Synthesized away node "datapath:dp|img_rom:my_img|altsyncram:altsyncram_component|altsyncram_dgf1:auto_generated|ram_block1a13" File: C:/Workspace/emb/module/db/altsyncram_dgf1.tdf Line: 329
        Warning (14320): Synthesized away node "datapath:dp|img_rom:my_img|altsyncram:altsyncram_component|altsyncram_dgf1:auto_generated|ram_block1a14" File: C:/Workspace/emb/module/db/altsyncram_dgf1.tdf Line: 351
        Warning (14320): Synthesized away node "datapath:dp|img_rom:my_img|altsyncram:altsyncram_component|altsyncram_dgf1:auto_generated|ram_block1a15" File: C:/Workspace/emb/module/db/altsyncram_dgf1.tdf Line: 373
        Warning (14320): Synthesized away node "datapath:dp|img_rom:my_img|altsyncram:altsyncram_component|altsyncram_dgf1:auto_generated|ram_block1a16" File: C:/Workspace/emb/module/db/altsyncram_dgf1.tdf Line: 395
        Warning (14320): Synthesized away node "datapath:dp|img_rom:my_img|altsyncram:altsyncram_component|altsyncram_dgf1:auto_generated|ram_block1a17" File: C:/Workspace/emb/module/db/altsyncram_dgf1.tdf Line: 417
        Warning (14320): Synthesized away node "datapath:dp|img_rom:my_img|altsyncram:altsyncram_component|altsyncram_dgf1:auto_generated|ram_block1a18" File: C:/Workspace/emb/module/db/altsyncram_dgf1.tdf Line: 439
        Warning (14320): Synthesized away node "datapath:dp|img_rom:my_img|altsyncram:altsyncram_component|altsyncram_dgf1:auto_generated|ram_block1a19" File: C:/Workspace/emb/module/db/altsyncram_dgf1.tdf Line: 461
        Warning (14320): Synthesized away node "datapath:dp|img_rom:my_img|altsyncram:altsyncram_component|altsyncram_dgf1:auto_generated|ram_block1a20" File: C:/Workspace/emb/module/db/altsyncram_dgf1.tdf Line: 483
        Warning (14320): Synthesized away node "datapath:dp|img_rom:my_img|altsyncram:altsyncram_component|altsyncram_dgf1:auto_generated|ram_block1a21" File: C:/Workspace/emb/module/db/altsyncram_dgf1.tdf Line: 505
        Warning (14320): Synthesized away node "datapath:dp|img_rom:my_img|altsyncram:altsyncram_component|altsyncram_dgf1:auto_generated|ram_block1a22" File: C:/Workspace/emb/module/db/altsyncram_dgf1.tdf Line: 527
        Warning (14320): Synthesized away node "datapath:dp|img_rom:my_img|altsyncram:altsyncram_component|altsyncram_dgf1:auto_generated|ram_block1a23" File: C:/Workspace/emb/module/db/altsyncram_dgf1.tdf Line: 549
        Warning (14320): Synthesized away node "datapath:dp|img_rom:my_img|altsyncram:altsyncram_component|altsyncram_dgf1:auto_generated|ram_block1a24" File: C:/Workspace/emb/module/db/altsyncram_dgf1.tdf Line: 571
        Warning (14320): Synthesized away node "datapath:dp|img_rom:my_img|altsyncram:altsyncram_component|altsyncram_dgf1:auto_generated|ram_block1a25" File: C:/Workspace/emb/module/db/altsyncram_dgf1.tdf Line: 593
        Warning (14320): Synthesized away node "datapath:dp|img_rom:my_img|altsyncram:altsyncram_component|altsyncram_dgf1:auto_generated|ram_block1a26" File: C:/Workspace/emb/module/db/altsyncram_dgf1.tdf Line: 615
        Warning (14320): Synthesized away node "datapath:dp|img_rom:my_img|altsyncram:altsyncram_component|altsyncram_dgf1:auto_generated|ram_block1a27" File: C:/Workspace/emb/module/db/altsyncram_dgf1.tdf Line: 637
        Warning (14320): Synthesized away node "datapath:dp|img_rom:my_img|altsyncram:altsyncram_component|altsyncram_dgf1:auto_generated|ram_block1a28" File: C:/Workspace/emb/module/db/altsyncram_dgf1.tdf Line: 659
        Warning (14320): Synthesized away node "datapath:dp|img_rom:my_img|altsyncram:altsyncram_component|altsyncram_dgf1:auto_generated|ram_block1a29" File: C:/Workspace/emb/module/db/altsyncram_dgf1.tdf Line: 681
        Warning (14320): Synthesized away node "datapath:dp|img_rom:my_img|altsyncram:altsyncram_component|altsyncram_dgf1:auto_generated|ram_block1a30" File: C:/Workspace/emb/module/db/altsyncram_dgf1.tdf Line: 703
        Warning (14320): Synthesized away node "datapath:dp|img_rom:my_img|altsyncram:altsyncram_component|altsyncram_dgf1:auto_generated|ram_block1a31" File: C:/Workspace/emb/module/db/altsyncram_dgf1.tdf Line: 725
        Warning (14320): Synthesized away node "datapath:dp|img_rom:my_img|altsyncram:altsyncram_component|altsyncram_dgf1:auto_generated|ram_block1a32" File: C:/Workspace/emb/module/db/altsyncram_dgf1.tdf Line: 747
        Warning (14320): Synthesized away node "datapath:dp|img_rom:my_img|altsyncram:altsyncram_component|altsyncram_dgf1:auto_generated|ram_block1a33" File: C:/Workspace/emb/module/db/altsyncram_dgf1.tdf Line: 769
        Warning (14320): Synthesized away node "datapath:dp|img_rom:my_img|altsyncram:altsyncram_component|altsyncram_dgf1:auto_generated|ram_block1a34" File: C:/Workspace/emb/module/db/altsyncram_dgf1.tdf Line: 791
        Warning (14320): Synthesized away node "datapath:dp|img_rom:my_img|altsyncram:altsyncram_component|altsyncram_dgf1:auto_generated|ram_block1a35" File: C:/Workspace/emb/module/db/altsyncram_dgf1.tdf Line: 813
        Warning (14320): Synthesized away node "datapath:dp|img_rom:my_img|altsyncram:altsyncram_component|altsyncram_dgf1:auto_generated|ram_block1a36" File: C:/Workspace/emb/module/db/altsyncram_dgf1.tdf Line: 835
        Warning (14320): Synthesized away node "datapath:dp|img_rom:my_img|altsyncram:altsyncram_component|altsyncram_dgf1:auto_generated|ram_block1a37" File: C:/Workspace/emb/module/db/altsyncram_dgf1.tdf Line: 857
        Warning (14320): Synthesized away node "datapath:dp|img_rom:my_img|altsyncram:altsyncram_component|altsyncram_dgf1:auto_generated|ram_block1a38" File: C:/Workspace/emb/module/db/altsyncram_dgf1.tdf Line: 879
        Warning (14320): Synthesized away node "datapath:dp|img_rom:my_img|altsyncram:altsyncram_component|altsyncram_dgf1:auto_generated|ram_block1a39" File: C:/Workspace/emb/module/db/altsyncram_dgf1.tdf Line: 901
        Warning (14320): Synthesized away node "datapath:dp|img_rom:my_img|altsyncram:altsyncram_component|altsyncram_dgf1:auto_generated|ram_block1a40" File: C:/Workspace/emb/module/db/altsyncram_dgf1.tdf Line: 923
        Warning (14320): Synthesized away node "datapath:dp|img_rom:my_img|altsyncram:altsyncram_component|altsyncram_dgf1:auto_generated|ram_block1a41" File: C:/Workspace/emb/module/db/altsyncram_dgf1.tdf Line: 945
        Warning (14320): Synthesized away node "datapath:dp|img_rom:my_img|altsyncram:altsyncram_component|altsyncram_dgf1:auto_generated|ram_block1a42" File: C:/Workspace/emb/module/db/altsyncram_dgf1.tdf Line: 967
        Warning (14320): Synthesized away node "datapath:dp|img_rom:my_img|altsyncram:altsyncram_component|altsyncram_dgf1:auto_generated|ram_block1a43" File: C:/Workspace/emb/module/db/altsyncram_dgf1.tdf Line: 989
        Warning (14320): Synthesized away node "datapath:dp|img_rom:my_img|altsyncram:altsyncram_component|altsyncram_dgf1:auto_generated|ram_block1a44" File: C:/Workspace/emb/module/db/altsyncram_dgf1.tdf Line: 1011
        Warning (14320): Synthesized away node "datapath:dp|img_rom:my_img|altsyncram:altsyncram_component|altsyncram_dgf1:auto_generated|ram_block1a45" File: C:/Workspace/emb/module/db/altsyncram_dgf1.tdf Line: 1033
        Warning (14320): Synthesized away node "datapath:dp|img_rom:my_img|altsyncram:altsyncram_component|altsyncram_dgf1:auto_generated|ram_block1a46" File: C:/Workspace/emb/module/db/altsyncram_dgf1.tdf Line: 1055
        Warning (14320): Synthesized away node "datapath:dp|img_rom:my_img|altsyncram:altsyncram_component|altsyncram_dgf1:auto_generated|ram_block1a47" File: C:/Workspace/emb/module/db/altsyncram_dgf1.tdf Line: 1077
        Warning (14320): Synthesized away node "datapath:dp|img_rom:my_img|altsyncram:altsyncram_component|altsyncram_dgf1:auto_generated|ram_block1a48" File: C:/Workspace/emb/module/db/altsyncram_dgf1.tdf Line: 1099
        Warning (14320): Synthesized away node "datapath:dp|img_rom:my_img|altsyncram:altsyncram_component|altsyncram_dgf1:auto_generated|ram_block1a49" File: C:/Workspace/emb/module/db/altsyncram_dgf1.tdf Line: 1121
        Warning (14320): Synthesized away node "datapath:dp|img_rom:my_img|altsyncram:altsyncram_component|altsyncram_dgf1:auto_generated|ram_block1a50" File: C:/Workspace/emb/module/db/altsyncram_dgf1.tdf Line: 1143
        Warning (14320): Synthesized away node "datapath:dp|img_rom:my_img|altsyncram:altsyncram_component|altsyncram_dgf1:auto_generated|ram_block1a51" File: C:/Workspace/emb/module/db/altsyncram_dgf1.tdf Line: 1165
        Warning (14320): Synthesized away node "datapath:dp|img_rom:my_img|altsyncram:altsyncram_component|altsyncram_dgf1:auto_generated|ram_block1a52" File: C:/Workspace/emb/module/db/altsyncram_dgf1.tdf Line: 1187
        Warning (14320): Synthesized away node "datapath:dp|img_rom:my_img|altsyncram:altsyncram_component|altsyncram_dgf1:auto_generated|ram_block1a53" File: C:/Workspace/emb/module/db/altsyncram_dgf1.tdf Line: 1209
        Warning (14320): Synthesized away node "datapath:dp|img_rom:my_img|altsyncram:altsyncram_component|altsyncram_dgf1:auto_generated|ram_block1a54" File: C:/Workspace/emb/module/db/altsyncram_dgf1.tdf Line: 1231
        Warning (14320): Synthesized away node "datapath:dp|img_rom:my_img|altsyncram:altsyncram_component|altsyncram_dgf1:auto_generated|ram_block1a55" File: C:/Workspace/emb/module/db/altsyncram_dgf1.tdf Line: 1253
        Warning (14320): Synthesized away node "datapath:dp|img_rom:my_img|altsyncram:altsyncram_component|altsyncram_dgf1:auto_generated|ram_block1a56" File: C:/Workspace/emb/module/db/altsyncram_dgf1.tdf Line: 1275
        Warning (14320): Synthesized away node "datapath:dp|img_rom:my_img|altsyncram:altsyncram_component|altsyncram_dgf1:auto_generated|ram_block1a57" File: C:/Workspace/emb/module/db/altsyncram_dgf1.tdf Line: 1297
        Warning (14320): Synthesized away node "datapath:dp|img_rom:my_img|altsyncram:altsyncram_component|altsyncram_dgf1:auto_generated|ram_block1a58" File: C:/Workspace/emb/module/db/altsyncram_dgf1.tdf Line: 1319
        Warning (14320): Synthesized away node "datapath:dp|img_rom:my_img|altsyncram:altsyncram_component|altsyncram_dgf1:auto_generated|ram_block1a59" File: C:/Workspace/emb/module/db/altsyncram_dgf1.tdf Line: 1341
        Warning (14320): Synthesized away node "datapath:dp|img_rom:my_img|altsyncram:altsyncram_component|altsyncram_dgf1:auto_generated|ram_block1a60" File: C:/Workspace/emb/module/db/altsyncram_dgf1.tdf Line: 1363
        Warning (14320): Synthesized away node "datapath:dp|img_rom:my_img|altsyncram:altsyncram_component|altsyncram_dgf1:auto_generated|ram_block1a61" File: C:/Workspace/emb/module/db/altsyncram_dgf1.tdf Line: 1385
        Warning (14320): Synthesized away node "datapath:dp|img_rom:my_img|altsyncram:altsyncram_component|altsyncram_dgf1:auto_generated|ram_block1a62" File: C:/Workspace/emb/module/db/altsyncram_dgf1.tdf Line: 1407
        Warning (14320): Synthesized away node "datapath:dp|img_rom:my_img|altsyncram:altsyncram_component|altsyncram_dgf1:auto_generated|ram_block1a63" File: C:/Workspace/emb/module/db/altsyncram_dgf1.tdf Line: 1429
Warning (14284): Synthesized away the following node(s):
    Warning (14285): Synthesized away the following RAM node(s):
        Warning (14320): Synthesized away node "datapath:dp|Gx:sobel_gx|altsyncram:altsyncram_component|altsyncram_7ue1:auto_generated|q_a[0]" File: C:/Workspace/emb/module/db/altsyncram_7ue1.tdf Line: 35
        Warning (14320): Synthesized away node "datapath:dp|Gx:sobel_gx|altsyncram:altsyncram_component|altsyncram_7ue1:auto_generated|q_a[1]" File: C:/Workspace/emb/module/db/altsyncram_7ue1.tdf Line: 57
        Warning (14320): Synthesized away node "datapath:dp|Gx:sobel_gx|altsyncram:altsyncram_component|altsyncram_7ue1:auto_generated|q_a[2]" File: C:/Workspace/emb/module/db/altsyncram_7ue1.tdf Line: 79
        Warning (14320): Synthesized away node "datapath:dp|Gx:sobel_gx|altsyncram:altsyncram_component|altsyncram_7ue1:auto_generated|q_a[3]" File: C:/Workspace/emb/module/db/altsyncram_7ue1.tdf Line: 101
        Warning (14320): Synthesized away node "datapath:dp|Gx:sobel_gx|altsyncram:altsyncram_component|altsyncram_7ue1:auto_generated|q_a[4]" File: C:/Workspace/emb/module/db/altsyncram_7ue1.tdf Line: 123
        Warning (14320): Synthesized away node "datapath:dp|Gx:sobel_gx|altsyncram:altsyncram_component|altsyncram_7ue1:auto_generated|q_a[5]" File: C:/Workspace/emb/module/db/altsyncram_7ue1.tdf Line: 145
        Warning (14320): Synthesized away node "datapath:dp|Gx:sobel_gx|altsyncram:altsyncram_component|altsyncram_7ue1:auto_generated|q_a[6]" File: C:/Workspace/emb/module/db/altsyncram_7ue1.tdf Line: 167
        Warning (14320): Synthesized away node "datapath:dp|Gx:sobel_gx|altsyncram:altsyncram_component|altsyncram_7ue1:auto_generated|q_a[7]" File: C:/Workspace/emb/module/db/altsyncram_7ue1.tdf Line: 189
        Warning (14320): Synthesized away node "datapath:dp|img_rom:my_img|altsyncram:altsyncram_component|altsyncram_dgf1:auto_generated|ram_block1a0" File: C:/Workspace/emb/module/db/altsyncram_dgf1.tdf Line: 43
        Warning (14320): Synthesized away node "datapath:dp|img_rom:my_img|altsyncram:altsyncram_component|altsyncram_dgf1:auto_generated|ram_block1a1" File: C:/Workspace/emb/module/db/altsyncram_dgf1.tdf Line: 65
        Warning (14320): Synthesized away node "datapath:dp|img_rom:my_img|altsyncram:altsyncram_component|altsyncram_dgf1:auto_generated|ram_block1a2" File: C:/Workspace/emb/module/db/altsyncram_dgf1.tdf Line: 87
        Warning (14320): Synthesized away node "datapath:dp|img_rom:my_img|altsyncram:altsyncram_component|altsyncram_dgf1:auto_generated|ram_block1a3" File: C:/Workspace/emb/module/db/altsyncram_dgf1.tdf Line: 109
        Warning (14320): Synthesized away node "datapath:dp|img_rom:my_img|altsyncram:altsyncram_component|altsyncram_dgf1:auto_generated|ram_block1a4" File: C:/Workspace/emb/module/db/altsyncram_dgf1.tdf Line: 131
        Warning (14320): Synthesized away node "datapath:dp|img_rom:my_img|altsyncram:altsyncram_component|altsyncram_dgf1:auto_generated|ram_block1a5" File: C:/Workspace/emb/module/db/altsyncram_dgf1.tdf Line: 153
        Warning (14320): Synthesized away node "datapath:dp|img_rom:my_img|altsyncram:altsyncram_component|altsyncram_dgf1:auto_generated|ram_block1a6" File: C:/Workspace/emb/module/db/altsyncram_dgf1.tdf Line: 175
        Warning (14320): Synthesized away node "datapath:dp|img_rom:my_img|altsyncram:altsyncram_component|altsyncram_dgf1:auto_generated|ram_block1a7" File: C:/Workspace/emb/module/db/altsyncram_dgf1.tdf Line: 197
        Warning (14320): Synthesized away node "datapath:dp|Gy:sobel_gy|altsyncram:altsyncram_component|altsyncram_8ue1:auto_generated|q_a[0]" File: C:/Workspace/emb/module/db/altsyncram_8ue1.tdf Line: 35
        Warning (14320): Synthesized away node "datapath:dp|Gy:sobel_gy|altsyncram:altsyncram_component|altsyncram_8ue1:auto_generated|q_a[1]" File: C:/Workspace/emb/module/db/altsyncram_8ue1.tdf Line: 57
        Warning (14320): Synthesized away node "datapath:dp|Gy:sobel_gy|altsyncram:altsyncram_component|altsyncram_8ue1:auto_generated|q_a[2]" File: C:/Workspace/emb/module/db/altsyncram_8ue1.tdf Line: 79
        Warning (14320): Synthesized away node "datapath:dp|Gy:sobel_gy|altsyncram:altsyncram_component|altsyncram_8ue1:auto_generated|q_a[3]" File: C:/Workspace/emb/module/db/altsyncram_8ue1.tdf Line: 101
        Warning (14320): Synthesized away node "datapath:dp|Gy:sobel_gy|altsyncram:altsyncram_component|altsyncram_8ue1:auto_generated|q_a[4]" File: C:/Workspace/emb/module/db/altsyncram_8ue1.tdf Line: 123
        Warning (14320): Synthesized away node "datapath:dp|Gy:sobel_gy|altsyncram:altsyncram_component|altsyncram_8ue1:auto_generated|q_a[5]" File: C:/Workspace/emb/module/db/altsyncram_8ue1.tdf Line: 145
        Warning (14320): Synthesized away node "datapath:dp|Gy:sobel_gy|altsyncram:altsyncram_component|altsyncram_8ue1:auto_generated|q_a[6]" File: C:/Workspace/emb/module/db/altsyncram_8ue1.tdf Line: 167
        Warning (14320): Synthesized away node "datapath:dp|Gy:sobel_gy|altsyncram:altsyncram_component|altsyncram_8ue1:auto_generated|q_a[7]" File: C:/Workspace/emb/module/db/altsyncram_8ue1.tdf Line: 189
Info (17049): 123 registers lost all their fanouts during netlist optimizations.
Info (16010): Generating hard_block partition "hard_block:auto_generated_inst"
    Info (16011): Adding 0 node(s), including 0 DDIO, 0 PLL, 0 transceiver and 0 LCELL
Warning (21074): Design contains 3 input pin(s) that do not drive logic
    Warning (15610): No output dependent on input pin "go" File: C:/Workspace/emb/module/my_module.v Line: 3
    Warning (15610): No output dependent on input pin "rst" File: C:/Workspace/emb/module/my_module.v Line: 31
    Warning (15610): No output dependent on input pin "clk" File: C:/Workspace/emb/module/my_module.v Line: 2
Info (21057): Implemented 3 device resources after synthesis - the final resource count might be different
    Info (21058): Implemented 3 input pins
    Info (21059): Implemented 0 output pins
Info: Quartus Prime Analysis & Synthesis was successful. 0 errors, 182 warnings
    Info: Peak virtual memory: 4831 megabytes
    Info: Processing ended: Fri May 16 21:44:15 2025
    Info: Elapsed time: 00:00:10
    Info: Total CPU time (on all processors): 00:00:26


